model,coin,fill_model,signal_ts,level_type,level_price,direction,entry_px,entry_fill_ts,stop_px,t1_px,exit_ts,exit_px,exit_reason,r_multiple,conviction,size_tier,stop_floor_applied,stop_structural,entry_requoted,entry_px_orig,reclaim_candles,confirmation_used,reasons_json
M1,BTC,adverse,2026-03-14 07:00:05,pdl,70342.7,long,70410.5,,70225.6518250773,70561.09999999999,2026-03-14 07:45:05,,cancelled:entry_expired_no_fvg,,0.7979,full,0,70225.6518250773,0,70410.48394169244,1,1,"[{""key"": ""location"", ""weight"": 2.0, ""strength"": 0.8, ""contribution"": 0.2286}, {""key"": ""reclaim"", ""weight"": 2.0, ""strength"": 0.3747, ""contribution"": 0.107}, {""key"": ""discount"", ""weight"": 1.2, ""strength"": 0.389, ""contribution"": 0.0667}, {""key"": ""session"", ""weight"": 0.8, ""strength"": 1.0, ""contribution"": 0.1143}, {""key"": ""htf_bias"", ""weight"": 1.0, ""strength"": 1.0, ""contribution"": 0.1429}, {""key"": ""fuel"", ""note"": ""excluded: oi unavailable"", ""weight"": 0.0, ""excluded_weight"": 1.5}, {""key"": ""cleared"", ""note"": ""excluded: oi unavailable"", ""weight"": 0.0, ""excluded_weight"": 1.2}, {""key"": ""delta_flip"", ""note"": ""excluded: taker unavailable"", ""weight"": 0.0, ""excluded_weight"": 1.5}, {""key"": ""absorption"", ""note"": ""excluded: taker unavailable"", ""weight"": 0.0, ""excluded_weight"": 1.0}, {""key"": ""cohort"", ""note"": ""excluded: cohort unavailable"", ""weight"": 0.0, ""excluded_weight"": 1.0}]"
M1,BTC,adverse,2026-03-19 13:30:05,equal_lows_4h,69182.33333333333,long,69258.4,2026-03-19 13:35:00,69007.05397736069,69491.5,2026-03-19 14:20:00,69258.4,stop_be,0.23865761864040544,0.7921,full,0,69007.05397736069,0,69258.38465912023,2,0,"[{""key"": ""location"", ""weight"": 2.0, ""strength"": 1.0, ""contribution"": 0.2857}, {""key"": ""reclaim"", ""weight"": 2.0, ""strength"": 0.398, ""contribution"": 0.1137}, {""key"": ""discount"", ""weight"": 1.2, ""strength"": 0.9432, ""contribution"": 0.1617}, {""key"": ""session"", ""weight"": 0.8, ""strength"": 1.0, ""contribution"": 0.1143}, {""key"": ""htf_bias"", ""weight"": 1.0, ""strength"": 1.0, ""contribution"": 0.1429}, {""key"": ""fuel"", ""note"": ""excluded: oi unavailable"", ""weight"": 0.0, ""excluded_weight"": 1.5}, {""key"": ""cleared"", ""note"": ""excluded: oi unavailable"", ""weight"": 0.0, ""excluded_weight"": 1.2}, {""key"": ""delta_flip"", ""note"": ""excluded: taker unavailable"", ""weight"": 0.0, ""excluded_weight"": 1.5}, {""key"": ""absorption"", ""note"": ""excluded: taker unavailable"", ""weight"": 0.0, ""excluded_weight"": 1.0}, {""key"": ""cohort"", ""note"": ""excluded: cohort unavailable"", ""weight"": 0.0, ""excluded_weight"": 1.0}]"
M1,BTC,adverse,2026-03-22 20:15:05,asia_low,68189.0,long,68244.0,2026-03-22 20:20:00,68079.57227274607,68490.5768181693,2026-03-22 20:50:00,68079.6,stop,-1.2486018846130493,0.699,half,0,68079.57227274607,0,68243.97409091536,2,0,"[{""key"": ""location"", ""weight"": 2.0, ""strength"": 0.6, ""contribution"": 0.1714}, {""key"": ""reclaim"", ""weight"": 2.0, ""strength"": 0.9463, ""contribution"": 0.2704}, {""key"": ""discount"", ""weight"": 1.2, ""strength"": 0.8231, ""contribution"": 0.1411}, {""key"": ""session"", ""weight"": 0.8, ""strength"": 0.6, ""contribution"": 0.0686}, {""key"": ""htf_bias"", ""weight"": 1.0, ""strength"": 1.0, ""contribution"": 0.1429}, {""key"": ""fuel"", ""note"": ""excluded: oi unavailable"", ""weight"": 0.0, ""excluded_weight"": 1.5}, {""key"": ""cleared"", ""note"": ""excluded: oi unavailable"", ""weight"": 0.0, ""excluded_weight"": 1.2}, {""key"": ""delta_flip"", ""note"": ""excluded: taker unavailable"", ""weight"": 0.0, ""excluded_weight"": 1.5}, {""key"": ""absorption"", ""note"": ""excluded: taker unavailable"", ""weight"": 0.0, ""excluded_weight"": 1.0}, {""key"": ""cohort"", ""note"": ""excluded: cohort unavailable"", ""weight"": 0.0, ""excluded_weight"": 1.0}]"
M1,BTC,adverse,2026-03-24 08:15:05,equal_highs_4h,71314.1,short,71267.3,,71413.90686089486,71080.0,2026-03-24 09:00:05,,cancelled:entry_expired_no_fvg,,0.9014,full,0,71413.90686089486,0,71267.33562029828,1,1,"[{""key"": ""location"", ""weight"": 2.0, ""strength"": 1.0, ""contribution"": 0.2857}, {""key"": ""reclaim"", ""weight"": 2.0, ""strength"": 0.6424, ""contribution"": 0.1835}, {""key"": ""discount"", ""weight"": 1.2, ""strength"": 0.6913, ""contribution"": 0.1185}, {""key"": ""session"", ""weight"": 0.8, ""strength"": 1.0, ""contribution"": 0.1143}, {""key"": ""htf_bias"", ""weight"": 1.0, ""strength"": 0.3, ""contribution"": 0.0429}, {""key"": ""fuel"", ""note"": ""excluded: oi unavailable"", ""weight"": 0.0, ""excluded_weight"": 1.5}, {""key"": ""cleared"", ""note"": ""excluded: oi unavailable"", ""weight"": 0.0, ""excluded_weight"": 1.2}, {""key"": ""delta_flip"", ""note"": ""excluded: taker unavailable"", ""weight"": 0.0, ""excluded_weight"": 1.5}, {""key"": ""absorption"", ""note"": ""excluded: taker unavailable"", ""weight"": 0.0, ""excluded_weight"": 1.0}, {""key"": ""cohort"", ""note"": ""excluded: cohort unavailable"", ""weight"": 0.0, ""excluded_weight"": 1.0}]"
M1,BTC,adverse,2026-03-25 05:30:05,4h_ob_top,71255.2,short,71221.2,,71354.56082853855,71061.90000000001,2026-03-25 06:15:05,,cancelled:entry_expired_no_fvg,,0.5991,half,0,71354.56082853855,0,71221.15360951285,1,1,"[{""key"": ""location"", ""weight"": 2.0, ""strength"": 1.0, ""contribution"": 0.2857}, {""key"": ""reclaim"", ""weight"": 2.0, ""strength"": 0.6172, ""contribution"": 0.1764}, {""key"": ""discount"", ""weight"": 1.2, ""strength"": 0.8262, ""contribution"": 0.1416}, {""key"": ""session"", ""weight"": 0.8, ""strength"": 0.3, ""contribution"": 0.0343}, {""key"": ""htf_bias"", ""weight"": 1.0, ""strength"": 0.3, ""contribution"": 0.0429}, {""key"": ""fuel"", ""note"": ""excluded: oi unavailable"", ""weight"": 0.0, ""excluded_weight"": 1.5}, {""key"": ""cleared"", ""note"": ""excluded: oi unavailable"", ""weight"": 0.0, ""excluded_weight"": 1.2}, {""key"": ""delta_flip"", ""note"": ""excluded: taker unavailable"", ""weight"": 0.0, ""excluded_weight"": 1.5}, {""key"": ""absorption"", ""note"": ""excluded: taker unavailable"", ""weight"": 0.0, ""excluded_weight"": 1.0}, {""key"": ""cohort"", ""note"": ""excluded: cohort unavailable"", ""weight"": 0.0, ""excluded_weight"": 1.0}]"
M1,BTC,adverse,2026-03-26 09:00:05,asia_low,69815.4,long,69832.8,2026-03-26 09:35:00,69730.76027307093,69973.35722307803,2026-03-26 09:35:00,69832.8,stop_be,0.22241842225243794,0.74,full,1,69739.08916538297,0,69832.79638846099,2,1,"[{""key"": ""location"", ""weight"": 2.0, ""strength"": 0.6, ""contribution"": 0.1714}, {""key"": ""reclaim"", ""weight"": 2.0, ""strength"": 1.0, ""contribution"": 0.2857}, {""key"": ""discount"", ""weight"": 1.2, ""strength"": 0.2929, ""contribution"": 0.0502}, {""key"": ""session"", ""weight"": 0.8, ""strength"": 1.0, ""contribution"": 0.1143}, {""key"": ""htf_bias"", ""weight"": 1.0, ""strength"": 1.0, ""contribution"": 0.1429}, {""key"": ""fuel"", ""note"": ""excluded: oi unavailable"", ""weight"": 0.0, ""excluded_weight"": 1.5}, {""key"": ""cleared"", ""note"": ""excluded: oi unavailable"", ""weight"": 0.0, ""excluded_weight"": 1.2}, {""key"": ""delta_flip"", ""note"": ""excluded: taker unavailable"", ""weight"": 0.0, ""excluded_weight"": 1.5}, {""key"": ""absorption"", ""note"": ""excluded: taker unavailable"", ""weight"": 0.0, ""excluded_weight"": 1.0}, {""key"": ""cohort"", ""note"": ""excluded: cohort unavailable"", ""weight"": 0.0, ""excluded_weight"": 1.0}]"
M1,BTC,adverse,2026-03-28 08:45:05,asia_high,66472.4,short,66377.9,2026-03-28 10:05:00,66541.20479770355,66364.1,2026-03-28 10:05:00,66377.9,stop_be,-0.31097484482403454,0.75,full,0,66541.20479770355,0,66456.50159923453,2,0,"[{""key"": ""location"", ""weight"": 2.0, ""strength"": 0.6, ""contribution"": 0.1714}, {""key"": ""reclaim"", ""weight"": 2.0, ""strength"": 1.0, ""contribution"": 0.2857}, {""key"": ""discount"", ""weight"": 1.2, ""strength"": 0.6865, ""contribution"": 0.1177}, {""key"": ""session"", ""weight"": 0.8, ""strength"": 1.0, ""contribution"": 0.1143}, {""key"": ""htf_bias"", ""weight"": 1.0, ""strength"": 0.6, ""contribution"": 0.0857}, {""key"": ""fuel"", ""note"": ""excluded: oi unavailable"", ""weight"": 0.0, ""excluded_weight"": 1.5}, {""key"": ""cleared"", ""note"": ""excluded: oi unavailable"", ""weight"": 0.0, ""excluded_weight"": 1.2}, {""key"": ""delta_flip"", ""note"": ""excluded: taker unavailable"", ""weight"": 0.0, ""excluded_weight"": 1.5}, {""key"": ""absorption"", ""note"": ""excluded: taker unavailable"", ""weight"": 0.0, ""excluded_weight"": 1.0}, {""key"": ""cohort"", ""note"": ""excluded: cohort unavailable"", ""weight"": 0.0, ""excluded_weight"": 1.0}]"
M1,BTC,adverse,2026-03-30 08:30:05,asia_high,67777.0,short,67796.4,2026-03-30 08:35:00,67924.32723839514,67604.49017440324,2026-03-30 11:20:00,67796.4,stop_be,0.34574770881898725,0.928,full,0,67924.32723839514,0,67796.39241279838,2,0,"[{""key"": ""location"", ""weight"": 2.0, ""strength"": 0.6, ""contribution"": 0.1714}, {""key"": ""reclaim"", ""weight"": 2.0, ""strength"": 0.8053, ""contribution"": 0.2301}, {""key"": ""discount"", ""weight"": 1.2, ""strength"": 0.965, ""contribution"": 0.1654}, {""key"": ""session"", ""weight"": 0.8, ""strength"": 1.0, ""contribution"": 0.1143}, {""key"": ""htf_bias"", ""weight"": 1.0, ""strength"": 0.6, ""contribution"": 0.0857}, {""key"": ""fuel"", ""note"": ""excluded: oi unavailable"", ""weight"": 0.0, ""excluded_weight"": 1.5}, {""key"": ""cleared"", ""note"": ""excluded: oi unavailable"", ""weight"": 0.0, ""excluded_weight"": 1.2}, {""key"": ""delta_flip"", ""note"": ""excluded: taker unavailable"", ""weight"": 0.0, ""excluded_weight"": 1.5}, {""key"": ""absorption"", ""note"": ""excluded: taker unavailable"", ""weight"": 0.0, ""excluded_weight"": 1.0}, {""key"": ""cohort"", ""note"": ""excluded: cohort unavailable"", ""weight"": 0.0, ""excluded_weight"": 1.0}]"
M1,BTC,adverse,2026-03-31 09:45:05,equal_lows_1h,66376.3,long,66391.7,2026-03-31 09:50:00,66270.12963311358,66498.9,2026-03-31 09:50:00,66270.1,stop,-1.3270377747466129,0.8132,full,1,66284.51717266734,0,66391.73905755578,1,1,"[{""key"": ""location"", ""weight"": 2.0, ""strength"": 0.8, ""contribution"": 0.2286}, {""key"": ""reclaim"", ""weight"": 2.0, ""strength"": 0.8184, ""contribution"": 0.2338}, {""key"": ""discount"", ""weight"": 1.2, ""strength"": 0.7153, ""contribution"": 0.1226}, {""key"": ""session"", ""weight"": 0.8, ""strength"": 0.6, ""contribution"": 0.0686}, {""key"": ""htf_bias"", ""weight"": 1.0, ""strength"": 0.6, ""contribution"": 0.0857}, {""key"": ""fuel"", ""note"": ""excluded: oi unavailable"", ""weight"": 0.0, ""excluded_weight"": 1.5}, {""key"": ""cleared"", ""note"": ""excluded: oi unavailable"", ""weight"": 0.0, ""excluded_weight"": 1.2}, {""key"": ""delta_flip"", ""note"": ""excluded: taker unavailable"", ""weight"": 0.0, ""excluded_weight"": 1.5}, {""key"": ""absorption"", ""note"": ""excluded: taker unavailable"", ""weight"": 0.0, ""excluded_weight"": 1.0}, {""key"": ""cohort"", ""note"": ""excluded: cohort unavailable"", ""weight"": 0.0, ""excluded_weight"": 1.0}]"
M1,BTC,adverse,2026-03-31 10:15:05,4h_ob_bottom,65977.9,long,66085.9,,65897.81409275909,66368.04060482727,2026-03-31 11:00:05,,cancelled:entry_expired_no_fvg,,0.8718,full,0,65897.81409275909,0,66085.90469758636,1,1,"[{""key"": ""location"", ""weight"": 2.0, ""strength"": 1.0, ""contribution"": 0.2857}, {""key"": ""reclaim"", ""weight"": 2.0, ""strength"": 0.7218, ""contribution"": 0.2062}, {""key"": ""discount"", ""weight"": 1.2, ""strength"": 0.8538, ""contribution"": 0.1464}, {""key"": ""session"", ""weight"": 0.8, ""strength"": 0.6, ""contribution"": 0.0686}, {""key"": ""htf_bias"", ""weight"": 1.0, ""strength"": 0.6, ""contribution"": 0.0857}, {""key"": ""fuel"", ""note"": ""excluded: oi unavailable"", ""weight"": 0.0, ""excluded_weight"": 1.5}, {""key"": ""cleared"", ""note"": ""excluded: oi unavailable"", ""weight"": 0.0, ""excluded_weight"": 1.2}, {""key"": ""delta_flip"", ""note"": ""excluded: taker unavailable"", ""weight"": 0.0, ""excluded_weight"": 1.5}, {""key"": ""absorption"", ""note"": ""excluded: taker unavailable"", ""weight"": 0.0, ""excluded_weight"": 1.0}, {""key"": ""cohort"", ""note"": ""excluded: cohort unavailable"", ""weight"": 0.0, ""excluded_weight"": 1.0}]"
M1,BTC,adverse,2026-03-31 17:45:05,equal_highs_4h,68370.925,short,67850.1,2026-03-31 18:35:00,68671.15881277059,68189.63333333333,2026-03-31 18:35:00,67850.1,stop_be,-0.452888639706531,0.7595,full,0,68671.15881277059,0,68299.31960425687,2,1,"[{""key"": ""location"", ""weight"": 2.0, ""strength"": 1.0, ""contribution"": 0.2857}, {""key"": ""reclaim"", ""weight"": 2.0, ""strength"": 0.6588, ""contribution"": 0.1882}, {""key"": ""discount"", ""weight"": 1.2, ""strength"": 0.363, ""contribution"": 0.0622}, {""key"": ""session"", ""weight"": 0.8, ""strength"": 0.6, ""contribution"": 0.0686}, {""key"": ""htf_bias"", ""weight"": 1.0, ""strength"": 0.6, ""contribution"": 0.0857}, {""key"": ""fuel"", ""note"": ""excluded: oi unavailable"", ""weight"": 0.0, ""excluded_weight"": 1.5}, {""key"": ""cleared"", ""note"": ""excluded: oi unavailable"", ""weight"": 0.0, ""excluded_weight"": 1.2}, {""key"": ""delta_flip"", ""note"": ""excluded: taker unavailable"", ""weight"": 0.0, ""excluded_weight"": 1.5}, {""key"": ""absorption"", ""note"": ""excluded: taker unavailable"", ""weight"": 0.0, ""excluded_weight"": 1.0}, {""key"": ""cohort"", ""note"": ""excluded: cohort unavailable"", ""weight"": 0.0, ""excluded_weight"": 1.0}]"
M1,BTC,adverse,2026-04-10 19:30:05,pdh,73128.0,short,73049.9,2026-04-10 19:50:00,73261.4231391579,72732.55124056141,2026-04-10 20:15:05,73199.0,thesis_failed,-0.9123052080862164,0.5672,half,0,73261.4231391579,0,73049.8743797193,2,0,"[{""key"": ""location"", ""weight"": 2.0, ""strength"": 0.8, ""contribution"": 0.2286}, {""key"": ""reclaim"", ""weight"": 2.0, ""strength"": 1.0, ""contribution"": 0.2857}, {""key"": ""discount"", ""weight"": 1.2, ""strength"": 0.7994, ""contribution"": 0.137}, {""key"": ""session"", ""weight"": 0.8, ""strength"": 0.6, ""contribution"": 0.0686}, {""key"": ""htf_bias"", ""weight"": 1.0, ""strength"": 0.6, ""contribution"": 0.0857}, {""key"": ""fuel"", ""note"": ""excluded: oi unavailable"", ""weight"": 0.0, ""excluded_weight"": 1.5}, {""key"": ""cleared"", ""note"": ""excluded: oi unavailable"", ""weight"": 0.0, ""excluded_weight"": 1.2}, {""key"": ""delta_flip"", ""note"": ""excluded: taker unavailable"", ""weight"": 0.0, ""excluded_weight"": 1.5}, {""key"": ""absorption"", ""note"": ""excluded: taker unavailable"", ""weight"": 0.0, ""excluded_weight"": 1.0}, {""key"": ""cohort"", ""note"": ""excluded: cohort unavailable"", ""weight"": 0.0, ""excluded_weight"": 1.0}]"
M1,BTC,adverse,2026-04-14 07:30:05,pdh,74870.0,short,74748.9,,74929.0396322139,74583.1,2026-04-14 08:15:05,,cancelled:entry_expired_no_fvg,,0.6358,half,0,74929.0396322139,0,74748.87987740463,1,1,"[{""key"": ""location"", ""weight"": 2.0, ""strength"": 0.8, ""contribution"": 0.2286}, {""key"": ""reclaim"", ""weight"": 2.0, ""strength"": 0.2594, ""contribution"": 0.0741}, {""key"": ""discount"", ""weight"": 1.2, ""strength"": 0.8989, ""contribution"": 0.1541}, {""key"": ""session"", ""weight"": 0.8, ""strength"": 1.0, ""contribution"": 0.1143}, {""key"": ""htf_bias"", ""weight"": 1.0, ""strength"": 0.6, ""contribution"": 0.0857}, {""key"": ""fuel"", ""note"": ""excluded: oi unavailable"", ""weight"": 0.0, ""excluded_weight"": 1.5}, {""key"": ""cleared"", ""note"": ""excluded: oi unavailable"", ""weight"": 0.0, ""excluded_weight"": 1.2}, {""key"": ""delta_flip"", ""note"": ""excluded: taker unavailable"", ""weight"": 0.0, ""excluded_weight"": 1.5}, {""key"": ""absorption"", ""note"": ""excluded: taker unavailable"", ""weight"": 0.0, ""excluded_weight"": 1.0}, {""key"": ""cohort"", ""note"": ""excluded: cohort unavailable"", ""weight"": 0.0, ""excluded_weight"": 1.0}]"
M1,BTC,adverse,2026-04-20 14:45:05,london_high,75633.0,short,75548.1,2026-04-20 15:20:00,75783.95895923444,75194.19402717703,2026-04-20 15:20:00,75548.1,stop_be,0.4464513307028426,0.5935,half,0,75783.95895923444,0,75548.05298641148,1,1,"[{""key"": ""location"", ""weight"": 2.0, ""strength"": 0.6, ""contribution"": 0.1714}, {""key"": ""reclaim"", ""weight"": 2.0, ""strength"": 0.6771, ""contribution"": 0.1934}, {""key"": ""discount"", ""weight"": 1.2, ""strength"": 0.2817, ""contribution"": 0.0483}, {""key"": ""session"", ""weight"": 0.8, ""strength"": 1.0, ""contribution"": 0.1143}, {""key"": ""htf_bias"", ""weight"": 1.0, ""strength"": 0.6, ""contribution"": 0.0857}, {""key"": ""fuel"", ""note"": ""excluded: oi unavailable"", ""weight"": 0.0, ""excluded_weight"": 1.5}, {""key"": ""cleared"", ""note"": ""excluded: oi unavailable"", ""weight"": 0.0, ""excluded_weight"": 1.2}, {""key"": ""delta_flip"", ""note"": ""excluded: taker unavailable"", ""weight"": 0.0, ""excluded_weight"": 1.5}, {""key"": ""absorption"", ""note"": ""excluded: taker unavailable"", ""weight"": 0.0, ""excluded_weight"": 1.0}, {""key"": ""cohort"", ""note"": ""excluded: cohort unavailable"", ""weight"": 0.0, ""excluded_weight"": 1.0}]"
M1,BTC,adverse,2026-04-20 18:30:05,pdh,76200.0,short,76175.8,2026-04-20 18:35:00,76340.802051299,75941.36553612747,2026-04-20 18:50:00,76340.8,stop,-1.2770866610488092,0.835,full,1,76332.01419580882,0,76175.75473193628,2,0,"[{""key"": ""location"", ""weight"": 2.0, ""strength"": 0.8, ""contribution"": 0.2286}, {""key"": ""reclaim"", ""weight"": 2.0, ""strength"": 0.7805, ""contribution"": 0.223}, {""key"": ""discount"", ""weight"": 1.2, ""strength"": 0.8936, ""contribution"": 0.1532}, {""key"": ""session"", ""weight"": 0.8, ""strength"": 0.6, ""contribution"": 0.0686}, {""key"": ""htf_bias"", ""weight"": 1.0, ""strength"": 0.6, ""contribution"": 0.0857}, {""key"": ""fuel"", ""note"": ""excluded: oi unavailable"", ""weight"": 0.0, ""excluded_weight"": 1.5}, {""key"": ""cleared"", ""note"": ""excluded: oi unavailable"", ""weight"": 0.0, ""excluded_weight"": 1.2}, {""key"": ""delta_flip"", ""note"": ""excluded: taker unavailable"", ""weight"": 0.0, ""excluded_weight"": 1.5}, {""key"": ""absorption"", ""note"": ""excluded: taker unavailable"", ""weight"": 0.0, ""excluded_weight"": 1.0}, {""key"": ""cohort"", ""note"": ""excluded: cohort unavailable"", ""weight"": 0.0, ""excluded_weight"": 1.0}]"
M1,BTC,adverse,2026-04-21 07:45:05,equal_highs_1h,76216.15,short,76162.5,2026-04-21 07:50:00,76304.75778388974,75914.99481074014,2026-04-21 08:20:00,76304.8,stop,-1.322115457509132,0.7174,full,0,76304.75778388974,1,76148.8525946299,1,1,"[{""key"": ""location"", ""weight"": 2.0, ""strength"": 1.0, ""contribution"": 0.2857}, {""key"": ""reclaim"", ""weight"": 2.0, ""strength"": 0.4652, ""contribution"": 0.1329}, {""key"": ""discount"", ""weight"": 1.2, ""strength"": 0.9644, ""contribution"": 0.1653}, {""key"": ""session"", ""weight"": 0.8, ""strength"": 1.0, ""contribution"": 0.1143}, {""key"": ""htf_bias"", ""weight"": 1.0, ""strength"": 0.3, ""contribution"": 0.0429}, {""key"": ""fuel"", ""note"": ""excluded: oi unavailable"", ""weight"": 0.0, ""excluded_weight"": 1.5}, {""key"": ""cleared"", ""note"": ""excluded: oi unavailable"", ""weight"": 0.0, ""excluded_weight"": 1.2}, {""key"": ""delta_flip"", ""note"": ""excluded: taker unavailable"", ""weight"": 0.0, ""excluded_weight"": 1.5}, {""key"": ""absorption"", ""note"": ""excluded: taker unavailable"", ""weight"": 0.0, ""excluded_weight"": 1.0}, {""key"": ""cohort"", ""note"": ""excluded: cohort unavailable"", ""weight"": 0.0, ""excluded_weight"": 1.0}]"
M1,BTC,adverse,2026-04-24 09:30:05,equal_lows_1h,77406.1,long,77450.2,2026-04-24 09:35:00,77326.13016985515,77680.57988676324,2026-04-24 13:35:00,78000.0,time_stop,3.099292384234252,0.7548,full,0,77326.13016985515,1,77467.91005661839,1,1,"[{""key"": ""location"", ""weight"": 2.0, ""strength"": 1.0, ""contribution"": 0.2857}, {""key"": ""reclaim"", ""weight"": 2.0, ""strength"": 0.5953, ""contribution"": 0.1701}, {""key"": ""discount"", ""weight"": 1.2, ""strength"": 0.1104, ""contribution"": 0.0189}, {""key"": ""session"", ""weight"": 0.8, ""strength"": 0.6, ""contribution"": 0.0686}, {""key"": ""htf_bias"", ""weight"": 1.0, ""strength"": 1.0, ""contribution"": 0.1429}, {""key"": ""fuel"", ""note"": ""excluded: oi unavailable"", ""weight"": 0.0, ""excluded_weight"": 1.5}, {""key"": ""cleared"", ""note"": ""excluded: oi unavailable"", ""weight"": 0.0, ""excluded_weight"": 1.2}, {""key"": ""delta_flip"", ""note"": ""excluded: taker unavailable"", ""weight"": 0.0, ""excluded_weight"": 1.5}, {""key"": ""absorption"", ""note"": ""excluded: taker unavailable"", ""weight"": 0.0, ""excluded_weight"": 1.0}, {""key"": ""cohort"", ""note"": ""excluded: cohort unavailable"", ""weight"": 0.0, ""excluded_weight"": 1.0}]"
M1,BTC,adverse,2026-04-29 18:30:05,4h_ob_bottom,74988.6,long,75100.1,2026-04-29 18:35:00,74817.6921016008,75598.78859893279,2026-04-29 22:35:00,75804.6,time_stop,2.074779982556206,0.9513,full,0,74817.6921016008,1,75130.1307005336,1,1,"[{""key"": ""location"", ""weight"": 2.0, ""strength"": 1.0, ""contribution"": 0.2857}, {""key"": ""reclaim"", ""weight"": 2.0, ""strength"": 0.8351, ""contribution"": 0.2386}, {""key"": ""discount"", ""weight"": 1.2, ""strength"": 0.7532, ""contribution"": 0.1291}, {""key"": ""session"", ""weight"": 0.8, ""strength"": 0.6, ""contribution"": 0.0686}, {""key"": ""htf_bias"", ""weight"": 1.0, ""strength"": 1.0, ""contribution"": 0.1429}, {""key"": ""fuel"", ""note"": ""excluded: oi unavailable"", ""weight"": 0.0, ""excluded_weight"": 1.5}, {""key"": ""cleared"", ""note"": ""excluded: oi unavailable"", ""weight"": 0.0, ""excluded_weight"": 1.2}, {""key"": ""delta_flip"", ""note"": ""excluded: taker unavailable"", ""weight"": 0.0, ""excluded_weight"": 1.5}, {""key"": ""absorption"", ""note"": ""excluded: taker unavailable"", ""weight"": 0.0, ""excluded_weight"": 1.0}, {""key"": ""cohort"", ""note"": ""excluded: cohort unavailable"", ""weight"": 0.0, ""excluded_weight"": 1.0}]"
M1,BTC,adverse,2026-05-01 08:45:05,equal_highs_1h,77434.43333333333,short,77412.4,,77503.60390754498,77275.5140616367,2026-05-01 09:30:05,,cancelled:entry_expired_no_fvg,,0.8107,full,0,77503.60390754498,0,77412.36796918167,1,1,"[{""key"": ""location"", ""weight"": 2.0, ""strength"": 1.0, ""contribution"": 0.2857}, {""key"": ""reclaim"", ""weight"": 2.0, ""strength"": 0.5912, ""contribution"": 0.1689}, {""key"": ""discount"", ""weight"": 1.2, ""strength"": 0.5897, ""contribution"": 0.1011}, {""key"": ""session"", ""weight"": 0.8, ""strength"": 1.0, ""contribution"": 0.1143}, {""key"": ""htf_bias"", ""weight"": 1.0, ""strength"": 0.0, ""contribution"": 0.0}, {""key"": ""fuel"", ""note"": ""excluded: oi unavailable"", ""weight"": 0.0, ""excluded_weight"": 1.5}, {""key"": ""cleared"", ""note"": ""excluded: oi unavailable"", ""weight"": 0.0, ""excluded_weight"": 1.2}, {""key"": ""delta_flip"", ""note"": ""excluded: taker unavailable"", ""weight"": 0.0, ""excluded_weight"": 1.5}, {""key"": ""absorption"", ""note"": ""excluded: taker unavailable"", ""weight"": 0.0, ""excluded_weight"": 1.0}, {""key"": ""cohort"", ""note"": ""excluded: cohort unavailable"", ""weight"": 0.0, ""excluded_weight"": 1.0}]"
M1,BTC,adverse,2026-05-01 13:30:05,4h_fvg_top,78319.1,short,78322.9,2026-05-01 13:35:00,78430.02402532389,78162.23398311739,2026-05-01 13:35:00,78430.0,stop,-1.4390185472350294,0.7332,full,0,78430.02402532389,0,78322.90800844129,1,1,"[{""key"": ""location"", ""weight"": 2.0, ""strength"": 1.0, ""contribution"": 0.2857}, {""key"": ""reclaim"", ""weight"": 2.0, ""strength"": 1.0, ""contribution"": 0.2857}, {""key"": ""discount"", ""weight"": 1.2, ""strength"": 0.4184, ""contribution"": 0.0717}, {""key"": ""session"", ""weight"": 0.8, ""strength"": 1.0, ""contribution"": 0.1143}, {""key"": ""htf_bias"", ""weight"": 1.0, ""strength"": 0.0, ""contribution"": 0.0}, {""key"": ""fuel"", ""note"": ""excluded: oi unavailable"", ""weight"": 0.0, ""excluded_weight"": 1.5}, {""key"": ""cleared"", ""note"": ""excluded: oi unavailable"", ""weight"": 0.0, ""excluded_weight"": 1.2}, {""key"": ""delta_flip"", ""note"": ""excluded: taker unavailable"", ""weight"": 0.0, ""excluded_weight"": 1.5}, {""key"": ""absorption"", ""note"": ""excluded: taker unavailable"", ""weight"": 0.0, ""excluded_weight"": 1.0}, {""key"": ""cohort"", ""note"": ""excluded: cohort unavailable"", ""weight"": 0.0, ""excluded_weight"": 1.0}]"
M1,BTC,adverse,2026-05-12 14:30:05,pdl,80394.0,long,80513.8,2026-05-12 14:35:00,80329.2708202156,80661.2,2026-05-12 14:50:00,80513.8,stop_be,0.11005994389072715,0.6603,half,0,80329.2708202156,0,80513.75694007186,1,1,"[{""key"": ""location"", ""weight"": 2.0, ""strength"": 0.8, ""contribution"": 0.2286}, {""key"": ""reclaim"", ""weight"": 2.0, ""strength"": 0.8346, ""contribution"": 0.2385}, {""key"": ""discount"", ""weight"": 1.2, ""strength"": 0.7498, ""contribution"": 0.1285}, {""key"": ""session"", ""weight"": 0.8, ""strength"": 1.0, ""contribution"": 0.1143}, {""key"": ""htf_bias"", ""weight"": 1.0, ""strength"": 1.0, ""contribution"": 0.1429}, {""key"": ""fuel"", ""note"": ""excluded: oi unavailable"", ""weight"": 0.0, ""excluded_weight"": 1.5}, {""key"": ""cleared"", ""note"": ""excluded: oi unavailable"", ""weight"": 0.0, ""excluded_weight"": 1.2}, {""key"": ""delta_flip"", ""note"": ""excluded: taker unavailable"", ""weight"": 0.0, ""excluded_weight"": 1.5}, {""key"": ""absorption"", ""note"": ""excluded: taker unavailable"", ""weight"": 0.0, ""excluded_weight"": 1.0}, {""key"": ""cohort"", ""note"": ""excluded: cohort unavailable"", ""weight"": 0.0, ""excluded_weight"": 1.0}]"
M1,BTC,adverse,2026-05-12 15:45:05,equal_lows_1h,80207.55,long,80305.3,2026-05-12 15:50:00,80105.55266399475,80394.0,2026-05-12 15:59:59,80305.3,stop_be,-0.01537740685911203,0.7748,full,0,80105.55266399475,0,80305.31755466491,2,0,"[{""key"": ""location"", ""weight"": 2.0, ""strength"": 0.8, ""contribution"": 0.2286}, {""key"": ""reclaim"", ""weight"": 2.0, ""strength"": 0.3945, ""contribution"": 0.1127}, {""key"": ""discount"", ""weight"": 1.2, ""strength"": 0.8848, ""contribution"": 0.1517}, {""key"": ""session"", ""weight"": 0.8, ""strength"": 0.6, ""contribution"": 0.0686}, {""key"": ""htf_bias"", ""weight"": 1.0, ""strength"": 1.0, ""contribution"": 0.1429}, {""key"": ""fuel"", ""note"": ""excluded: oi unavailable"", ""weight"": 0.0, ""excluded_weight"": 1.5}, {""key"": ""cleared"", ""note"": ""excluded: oi unavailable"", ""weight"": 0.0, ""excluded_weight"": 1.2}, {""key"": ""delta_flip"", ""note"": ""excluded: taker unavailable"", ""weight"": 0.0, ""excluded_weight"": 1.5}, {""key"": ""absorption"", ""note"": ""excluded: taker unavailable"", ""weight"": 0.0, ""excluded_weight"": 1.0}, {""key"": ""cohort"", ""note"": ""excluded: cohort unavailable"", ""weight"": 0.0, ""excluded_weight"": 1.0}]"
M1,BTC,adverse,2026-05-14 16:30:05,4h_fvg_top,81521.5,short,81519.1,2026-05-14 16:35:00,81656.19649082534,81390.68245621357,2026-05-14 16:50:00,81519.1,stop_be,0.08932641568908499,0.9201,full,1,81604.72631567964,0,81519.10877189321,1,1,"[{""key"": ""location"", ""weight"": 2.0, ""strength"": 1.0, ""contribution"": 0.2857}, {""key"": ""reclaim"", ""weight"": 2.0, ""strength"": 1.0, ""contribution"": 0.2857}, {""key"": ""discount"", ""weight"": 1.2, ""strength"": 0.6461, ""contribution"": 0.1108}, {""key"": ""session"", ""weight"": 0.8, ""strength"": 0.6, ""contribution"": 0.0686}, {""key"": ""htf_bias"", ""weight"": 1.0, ""strength"": 0.6, ""contribution"": 0.0857}, {""key"": ""fuel"", ""note"": ""excluded: oi unavailable"", ""weight"": 0.0, ""excluded_weight"": 1.5}, {""key"": ""cleared"", ""note"": ""excluded: oi unavailable"", ""weight"": 0.0, ""excluded_weight"": 1.2}, {""key"": ""delta_flip"", ""note"": ""excluded: taker unavailable"", ""weight"": 0.0, ""excluded_weight"": 1.5}, {""key"": ""absorption"", ""note"": ""excluded: taker unavailable"", ""weight"": 0.0, ""excluded_weight"": 1.0}, {""key"": ""cohort"", ""note"": ""excluded: cohort unavailable"", ""weight"": 0.0, ""excluded_weight"": 1.0}]"
M1,BTC,adverse,2026-05-18 07:00:05,pwl,76666.0,long,76707.3,,76593.06787485727,76878.57975009517,2026-05-18 07:45:05,,cancelled:entry_expired_no_fvg,,0.5694,half,0,76593.06787485727,0,76707.27262495243,1,1,"[{""key"": ""location"", ""weight"": 2.0, ""strength"": 1.0, ""contribution"": 0.2857}, {""key"": ""reclaim"", ""weight"": 2.0, ""strength"": 0.3449, ""contribution"": 0.0985}, {""key"": ""discount"", ""weight"": 1.2, ""strength"": 0.0229, ""contribution"": 0.0039}, {""key"": ""session"", ""weight"": 0.8, ""strength"": 1.0, ""contribution"": 0.1143}, {""key"": ""htf_bias"", ""weight"": 1.0, ""strength"": 0.6, ""contribution"": 0.0857}, {""key"": ""fuel"", ""note"": ""excluded: oi unavailable"", ""weight"": 0.0, ""excluded_weight"": 1.5}, {""key"": ""cleared"", ""note"": ""excluded: oi unavailable"", ""weight"": 0.0, ""excluded_weight"": 1.2}, {""key"": ""delta_flip"", ""note"": ""excluded: taker unavailable"", ""weight"": 0.0, ""excluded_weight"": 1.5}, {""key"": ""absorption"", ""note"": ""excluded: taker unavailable"", ""weight"": 0.0, ""excluded_weight"": 1.0}, {""key"": ""cohort"", ""note"": ""excluded: cohort unavailable"", ""weight"": 0.0, ""excluded_weight"": 1.0}]"
M1,BTC,adverse,2026-05-21 08:30:05,equal_highs_1h,78146.6,short,78108.0,,78204.28849884133,77963.5576674391,2026-05-21 09:15:05,,cancelled:entry_expired_no_fvg,,1.0,full,0,78204.28849884133,0,78107.99616628044,1,1,"[{""key"": ""location"", ""weight"": 2.0, ""strength"": 1.0, ""contribution"": 0.2857}, {""key"": ""reclaim"", ""weight"": 2.0, ""strength"": 0.9003, ""contribution"": 0.2572}, {""key"": ""discount"", ""weight"": 1.2, ""strength"": 0.5545, ""contribution"": 0.0951}, {""key"": ""session"", ""weight"": 0.8, ""strength"": 1.0, ""contribution"": 0.1143}, {""key"": ""htf_bias"", ""weight"": 1.0, ""strength"": 0.6, ""contribution"": 0.0857}, {""key"": ""fuel"", ""note"": ""excluded: oi unavailable"", ""weight"": 0.0, ""excluded_weight"": 1.5}, {""key"": ""cleared"", ""note"": ""excluded: oi unavailable"", ""weight"": 0.0, ""excluded_weight"": 1.2}, {""key"": ""delta_flip"", ""note"": ""excluded: taker unavailable"", ""weight"": 0.0, ""excluded_weight"": 1.5}, {""key"": ""absorption"", ""note"": ""excluded: taker unavailable"", ""weight"": 0.0, ""excluded_weight"": 1.0}, {""key"": ""cohort"", ""note"": ""excluded: cohort unavailable"", ""weight"": 0.0, ""excluded_weight"": 1.0}]"
M1,BTC,adverse,2026-05-25 02:30:05,equal_highs_4h,77420.53333333334,short,77376.3,,77494.12638027036,77211.78156722356,2026-05-25 03:15:05,,cancelled:entry_expired_no_fvg,,0.7658,full,1,77485.95264916465,0,77376.28421638822,1,1,"[{""key"": ""location"", ""weight"": 2.0, ""strength"": 1.0, ""contribution"": 0.2857}, {""key"": ""reclaim"", ""weight"": 2.0, ""strength"": 1.0, ""contribution"": 0.2857}, {""key"": ""discount"", ""weight"": 1.2, ""strength"": 0.7098, ""contribution"": 0.1217}, {""key"": ""session"", ""weight"": 0.8, ""strength"": 0.3, ""contribution"": 0.0343}, {""key"": ""htf_bias"", ""weight"": 1.0, ""strength"": 1.0, ""contribution"": 0.1429}, {""key"": ""fuel"", ""note"": ""excluded: oi unavailable"", ""weight"": 0.0, ""excluded_weight"": 1.5}, {""key"": ""cleared"", ""note"": ""excluded: oi unavailable"", ""weight"": 0.0, ""excluded_weight"": 1.2}, {""key"": ""delta_flip"", ""note"": ""excluded: taker unavailable"", ""weight"": 0.0, ""excluded_weight"": 1.5}, {""key"": ""absorption"", ""note"": ""excluded: taker unavailable"", ""weight"": 0.0, ""excluded_weight"": 1.0}, {""key"": ""cohort"", ""note"": ""excluded: cohort unavailable"", ""weight"": 0.0, ""excluded_weight"": 1.0}]"
M1,BTC,adverse,2026-05-27 15:00:05,4h_fvg_bottom,74839.1,long,74934.5,,74748.4004141517,75213.69139056552,2026-05-27 15:45:05,,cancelled:entry_expired_no_fvg,,0.6166,half,0,74748.4004141517,0,74934.51680471723,1,1,"[{""key"": ""location"", ""weight"": 2.0, ""strength"": 1.0, ""contribution"": 0.2857}, {""key"": ""reclaim"", ""weight"": 2.0, ""strength"": 0.4763, ""contribution"": 0.1361}, {""key"": ""discount"", ""weight"": 1.2, ""strength"": 0.5884, ""contribution"": 0.1009}, {""key"": ""session"", ""weight"": 0.8, ""strength"": 1.0, ""contribution"": 0.1143}, {""key"": ""htf_bias"", ""weight"": 1.0, ""strength"": 0.0, ""contribution"": 0.0}, {""key"": ""fuel"", ""note"": ""excluded: oi unavailable"", ""weight"": 0.0, ""excluded_weight"": 1.5}, {""key"": ""cleared"", ""note"": ""excluded: oi unavailable"", ""weight"": 0.0, ""excluded_weight"": 1.2}, {""key"": ""delta_flip"", ""note"": ""excluded: taker unavailable"", ""weight"": 0.0, ""excluded_weight"": 1.5}, {""key"": ""absorption"", ""note"": ""excluded: taker unavailable"", ""weight"": 0.0, ""excluded_weight"": 1.0}, {""key"": ""cohort"", ""note"": ""excluded: cohort unavailable"", ""weight"": 0.0, ""excluded_weight"": 1.0}]"
M1,BTC,adverse,2026-05-29 16:30:05,equal_highs_1h,73920.4,short,73748.9,2026-05-29 16:35:00,74033.65454117395,73591.4,2026-05-29 16:35:00,74033.7,stop,-1.1558752290502292,0.7348,full,0,74033.65454117395,0,73748.86818039132,2,0,"[{""key"": ""location"", ""weight"": 2.0, ""strength"": 1.0, ""contribution"": 0.2857}, {""key"": ""reclaim"", ""weight"": 2.0, ""strength"": 0.8575, ""contribution"": 0.245}, {""key"": ""discount"", ""weight"": 1.2, ""strength"": 0.5418, ""contribution"": 0.0929}, {""key"": ""session"", ""weight"": 0.8, ""strength"": 0.6, ""contribution"": 0.0686}, {""key"": ""htf_bias"", ""weight"": 1.0, ""strength"": 1.0, ""contribution"": 0.1429}, {""key"": ""fuel"", ""note"": ""excluded: oi unavailable"", ""weight"": 0.0, ""excluded_weight"": 1.5}, {""key"": ""cleared"", ""note"": ""excluded: oi unavailable"", ""weight"": 0.0, ""excluded_weight"": 1.2}, {""key"": ""delta_flip"", ""note"": ""excluded: taker unavailable"", ""weight"": 0.0, ""excluded_weight"": 1.5}, {""key"": ""absorption"", ""note"": ""excluded: taker unavailable"", ""weight"": 0.0, ""excluded_weight"": 1.0}, {""key"": ""cohort"", ""note"": ""excluded: cohort unavailable"", ""weight"": 0.0, ""excluded_weight"": 1.0}]"
M1,BTC,adverse,2026-06-02 07:45:05,asia_low,69889.1,long,70028.1,2026-06-02 08:05:00,69751.13878078674,70249.6,2026-06-02 08:50:00,69751.1,stop,-1.1512735991720096,0.7139,full,0,69751.13878078674,0,70028.12959359557,2,0,"[{""key"": ""location"", ""weight"": 2.0, ""strength"": 0.6, ""contribution"": 0.1714}, {""key"": ""reclaim"", ""weight"": 2.0, ""strength"": 1.0, ""contribution"": 0.2857}, {""key"": ""discount"", ""weight"": 1.2, ""strength"": 0.7185, ""contribution"": 0.1232}, {""key"": ""session"", ""weight"": 0.8, ""strength"": 1.0, ""contribution"": 0.1143}, {""key"": ""htf_bias"", ""weight"": 1.0, ""strength"": 0.3, ""contribution"": 0.0429}, {""key"": ""fuel"", ""note"": ""excluded: oi unavailable"", ""weight"": 0.0, ""excluded_weight"": 1.5}, {""key"": ""cleared"", ""note"": ""excluded: oi unavailable"", ""weight"": 0.0, ""excluded_weight"": 1.2}, {""key"": ""delta_flip"", ""note"": ""excluded: taker unavailable"", ""weight"": 0.0, ""excluded_weight"": 1.5}, {""key"": ""absorption"", ""note"": ""excluded: taker unavailable"", ""weight"": 0.0, ""excluded_weight"": 1.0}, {""key"": ""cohort"", ""note"": ""excluded: cohort unavailable"", ""weight"": 0.0, ""excluded_weight"": 1.0}]"
M1,BTC,adverse,2026-06-11 04:15:05,equal_highs_4h,62891.3,short,62670.2,2026-06-11 04:20:00,62960.025546150064,62235.39963589996,2026-06-11 06:20:00,62960.0,stop,-1.1300055841467025,0.6215,half,0,62960.025546150064,0,62670.17518205002,1,1,"[{""key"": ""location"", ""weight"": 2.0, ""strength"": 1.0, ""contribution"": 0.2857}, {""key"": ""reclaim"", ""weight"": 2.0, ""strength"": 0.3662, ""contribution"": 0.1046}, {""key"": ""discount"", ""weight"": 1.2, ""strength"": 0.8097, ""contribution"": 0.1388}, {""key"": ""session"", ""weight"": 0.8, ""strength"": 0.3, ""contribution"": 0.0343}, {""key"": ""htf_bias"", ""weight"": 1.0, ""strength"": 1.0, ""contribution"": 0.1429}, {""key"": ""fuel"", ""note"": ""excluded: oi unavailable"", ""weight"": 0.0, ""excluded_weight"": 1.5}, {""key"": ""cleared"", ""note"": ""excluded: oi unavailable"", ""weight"": 0.0, ""excluded_weight"": 1.2}, {""key"": ""delta_flip"", ""note"": ""excluded: taker unavailable"", ""weight"": 0.0, ""excluded_weight"": 1.5}, {""key"": ""absorption"", ""note"": ""excluded: taker unavailable"", ""weight"": 0.0, ""excluded_weight"": 1.0}, {""key"": ""cohort"", ""note"": ""excluded: cohort unavailable"", ""weight"": 0.0, ""excluded_weight"": 1.0}]"
M1,BTC,adverse,2026-06-12 10:00:05,equal_highs_1h,63837.85,short,63825.8,,63958.001618037386,63627.54058797506,2026-06-12 10:45:05,,cancelled:entry_expired_no_fvg,,0.7271,full,0,63958.001618037386,0,63825.817206012456,2,0,"[{""key"": ""location"", ""weight"": 2.0, ""strength"": 1.0, ""contribution"": 0.2857}, {""key"": ""reclaim"", ""weight"": 2.0, ""strength"": 0.6128, ""contribution"": 0.1751}, {""key"": ""discount"", ""weight"": 1.2, ""strength"": 0.7678, ""contribution"": 0.1316}, {""key"": ""session"", ""weight"": 0.8, ""strength"": 0.6, ""contribution"": 0.0686}, {""key"": ""htf_bias"", ""weight"": 1.0, ""strength"": 0.0, ""contribution"": 0.0}, {""key"": ""fuel"", ""note"": ""excluded: oi unavailable"", ""weight"": 0.0, ""excluded_weight"": 1.5}, {""key"": ""cleared"", ""note"": ""excluded: oi unavailable"", ""weight"": 0.0, ""excluded_weight"": 1.2}, {""key"": ""delta_flip"", ""note"": ""excluded: taker unavailable"", ""weight"": 0.0, ""excluded_weight"": 1.5}, {""key"": ""absorption"", ""note"": ""excluded: taker unavailable"", ""weight"": 0.0, ""excluded_weight"": 1.0}, {""key"": ""cohort"", ""note"": ""excluded: cohort unavailable"", ""weight"": 0.0, ""excluded_weight"": 1.0}]"
M1,BTC,adverse,2026-06-18 16:15:05,equal_lows_4h,62348.1,long,62485.1,2026-06-18 16:20:00,62183.063472688154,62938.04101820788,2026-06-18 20:20:00,63068.1,time_stop,1.6583240647154327,0.8699,full,0,62183.063472688154,0,62485.054490896044,2,0,"[{""key"": ""location"", ""weight"": 2.0, ""strength"": 1.0, ""contribution"": 0.2857}, {""key"": ""reclaim"", ""weight"": 2.0, ""strength"": 0.7116, ""contribution"": 0.2033}, {""key"": ""discount"", ""weight"": 1.2, ""strength"": 0.8602, ""contribution"": 0.1475}, {""key"": ""session"", ""weight"": 0.8, ""strength"": 0.6, ""contribution"": 0.0686}, {""key"": ""htf_bias"", ""weight"": 1.0, ""strength"": 0.6, ""contribution"": 0.0857}, {""key"": ""fuel"", ""note"": ""excluded: oi unavailable"", ""weight"": 0.0, ""excluded_weight"": 1.5}, {""key"": ""cleared"", ""note"": ""excluded: oi unavailable"", ""weight"": 0.0, ""excluded_weight"": 1.2}, {""key"": ""delta_flip"", ""note"": ""excluded: taker unavailable"", ""weight"": 0.0, ""excluded_weight"": 1.5}, {""key"": ""absorption"", ""note"": ""excluded: taker unavailable"", ""weight"": 0.0, ""excluded_weight"": 1.0}, {""key"": ""cohort"", ""note"": ""excluded: cohort unavailable"", ""weight"": 0.0, ""excluded_weight"": 1.0}]"
M1,BTC,adverse,2026-06-23 00:45:05,equal_lows_1h,63855.759999999995,long,64093.1,2026-06-23 01:35:00,63775.65371683017,63990.1,2026-06-23 01:35:00,64093.1,stop_be,-0.41387768524950597,0.6001,half,0,63775.65371683017,0,63949.51790561005,2,0,"[{""key"": ""location"", ""weight"": 2.0, ""strength"": 0.8, ""contribution"": 0.2286}, {""key"": ""reclaim"", ""weight"": 2.0, ""strength"": 1.0, ""contribution"": 0.2857}, {""key"": ""discount"", ""weight"": 1.2, ""strength"": 0.278, ""contribution"": 0.0477}, {""key"": ""session"", ""weight"": 0.8, ""strength"": 0.3, ""contribution"": 0.0343}, {""key"": ""htf_bias"", ""weight"": 1.0, ""strength"": 0.6, ""contribution"": 0.0857}, {""key"": ""fuel"", ""note"": ""excluded: oi unavailable"", ""weight"": 0.0, ""excluded_weight"": 1.5}, {""key"": ""cleared"", ""note"": ""excluded: oi unavailable"", ""weight"": 0.0, ""excluded_weight"": 1.2}, {""key"": ""delta_flip"", ""note"": ""excluded: taker unavailable"", ""weight"": 0.0, ""excluded_weight"": 1.5}, {""key"": ""absorption"", ""note"": ""excluded: taker unavailable"", ""weight"": 0.0, ""excluded_weight"": 1.0}, {""key"": ""cohort"", ""note"": ""excluded: cohort unavailable"", ""weight"": 0.0, ""excluded_weight"": 1.0}]"
M1,BTC,adverse,2026-06-23 11:00:05,pwl,62232.1,long,62224.1,,62123.262637089145,62295.020429620155,2026-06-23 11:45:05,,cancelled:entry_expired_no_fvg,,0.7038,full,1,62176.84435556977,0,62224.11478518992,1,1,"[{""key"": ""location"", ""weight"": 2.0, ""strength"": 1.0, ""contribution"": 0.2857}, {""key"": ""reclaim"", ""weight"": 2.0, ""strength"": 0.678, ""contribution"": 0.1937}, {""key"": ""discount"", ""weight"": 1.2, ""strength"": 0.9683, ""contribution"": 0.166}, {""key"": ""session"", ""weight"": 0.8, ""strength"": 0.6, ""contribution"": 0.0686}, {""key"": ""htf_bias"", ""weight"": 1.0, ""strength"": 0.6, ""contribution"": 0.0857}, {""key"": ""fuel"", ""note"": ""excluded: oi unavailable"", ""weight"": 0.0, ""excluded_weight"": 1.5}, {""key"": ""cleared"", ""note"": ""excluded: oi unavailable"", ""weight"": 0.0, ""excluded_weight"": 1.2}, {""key"": ""delta_flip"", ""note"": ""excluded: taker unavailable"", ""weight"": 0.0, ""excluded_weight"": 1.5}, {""key"": ""absorption"", ""note"": ""excluded: taker unavailable"", ""weight"": 0.0, ""excluded_weight"": 1.0}, {""key"": ""cohort"", ""note"": ""excluded: cohort unavailable"", ""weight"": 0.0, ""excluded_weight"": 1.0}]"
M1,BTC,adverse,2026-06-26 08:30:05,asia_high,60440.0,short,60379.6,,60585.7945807092,60156.0,2026-06-26 09:15:05,,cancelled:entry_expired_no_fvg,,0.592,half,0,60585.7945807092,0,60379.59819356973,1,1,"[{""key"": ""location"", ""weight"": 2.0, ""strength"": 0.6, ""contribution"": 0.1714}, {""key"": ""reclaim"", ""weight"": 2.0, ""strength"": 0.7482, ""contribution"": 0.2138}, {""key"": ""discount"", ""weight"": 1.2, ""strength"": 0.154, ""contribution"": 0.0264}, {""key"": ""session"", ""weight"": 0.8, ""strength"": 1.0, ""contribution"": 0.1143}, {""key"": ""htf_bias"", ""weight"": 1.0, ""strength"": 0.6, ""contribution"": 0.0857}, {""key"": ""fuel"", ""note"": ""excluded: oi unavailable"", ""weight"": 0.0, ""excluded_weight"": 1.5}, {""key"": ""cleared"", ""note"": ""excluded: oi unavailable"", ""weight"": 0.0, ""excluded_weight"": 1.2}, {""key"": ""delta_flip"", ""note"": ""excluded: taker unavailable"", ""weight"": 0.0, ""excluded_weight"": 1.5}, {""key"": ""absorption"", ""note"": ""excluded: taker unavailable"", ""weight"": 0.0, ""excluded_weight"": 1.0}, {""key"": ""cohort"", ""note"": ""excluded: cohort unavailable"", ""weight"": 0.0, ""excluded_weight"": 1.0}]"
M1,BTC,adverse,2026-06-27 08:15:05,asia_high,60492.2,short,60478.5,2026-06-27 08:20:00,60578.51522576242,60328.364849491714,2026-06-27 12:20:00,60320.5,time_stop,1.258003787451097,0.7887,full,0,60578.51522576242,0,60478.45507525414,2,0,"[{""key"": ""location"", ""weight"": 2.0, ""strength"": 0.6, ""contribution"": 0.1714}, {""key"": ""reclaim"", ""weight"": 2.0, ""strength"": 0.445, ""contribution"": 0.1272}, {""key"": ""discount"", ""weight"": 1.2, ""strength"": 0.8937, ""contribution"": 0.1532}, {""key"": ""session"", ""weight"": 0.8, ""strength"": 1.0, ""contribution"": 0.1143}, {""key"": ""htf_bias"", ""weight"": 1.0, ""strength"": 0.6, ""contribution"": 0.0857}, {""key"": ""fuel"", ""note"": ""excluded: oi unavailable"", ""weight"": 0.0, ""excluded_weight"": 1.5}, {""key"": ""cleared"", ""note"": ""excluded: oi unavailable"", ""weight"": 0.0, ""excluded_weight"": 1.2}, {""key"": ""delta_flip"", ""note"": ""excluded: taker unavailable"", ""weight"": 0.0, ""excluded_weight"": 1.5}, {""key"": ""absorption"", ""note"": ""excluded: taker unavailable"", ""weight"": 0.0, ""excluded_weight"": 1.0}, {""key"": ""cohort"", ""note"": ""excluded: cohort unavailable"", ""weight"": 0.0, ""excluded_weight"": 1.0}]"
M1,BTC,adverse,2026-07-04 00:30:05,4h_ob_top,62887.7,short,62812.3,,62949.89842636131,62605.81771575911,2026-07-04 01:15:05,,cancelled:entry_expired_no_fvg,,0.5531,half,0,62949.89842636131,0,62812.26614212043,1,1,"[{""key"": ""location"", ""weight"": 2.0, ""strength"": 1.0, ""contribution"": 0.2857}, {""key"": ""reclaim"", ""weight"": 2.0, ""strength"": 0.634, ""contribution"": 0.1812}, {""key"": ""discount"", ""weight"": 1.2, ""strength"": 0.743, ""contribution"": 0.1274}, {""key"": ""session"", ""weight"": 0.8, ""strength"": 0.3, ""contribution"": 0.0343}, {""key"": ""htf_bias"", ""weight"": 1.0, ""strength"": 0.0, ""contribution"": 0.0}, {""key"": ""fuel"", ""note"": ""excluded: oi unavailable"", ""weight"": 0.0, ""excluded_weight"": 1.5}, {""key"": ""cleared"", ""note"": ""excluded: oi unavailable"", ""weight"": 0.0, ""excluded_weight"": 1.2}, {""key"": ""delta_flip"", ""note"": ""excluded: taker unavailable"", ""weight"": 0.0, ""excluded_weight"": 1.5}, {""key"": ""absorption"", ""note"": ""excluded: taker unavailable"", ""weight"": 0.0, ""excluded_weight"": 1.0}, {""key"": ""cohort"", ""note"": ""excluded: cohort unavailable"", ""weight"": 0.0, ""excluded_weight"": 1.0}]"
M1,BTC,adverse,2026-07-17 14:00:05,4h_ob_bottom,62529.7,long,63015.6,2026-07-17 15:05:00,62431.4996796047,62611.0,2026-07-17 15:05:00,63015.6,stop_be,-1.9471788878620815,0.734,full,1,62475.509003528554,0,62530.136334509516,1,1,"[{""key"": ""location"", ""weight"": 2.0, ""strength"": 1.0, ""contribution"": 0.2857}, {""key"": ""reclaim"", ""weight"": 2.0, ""strength"": 0.7735, ""contribution"": 0.221}, {""key"": ""discount"", ""weight"": 1.2, ""strength"": 0.3009, ""contribution"": 0.0516}, {""key"": ""session"", ""weight"": 0.8, ""strength"": 1.0, ""contribution"": 0.1143}, {""key"": ""htf_bias"", ""weight"": 1.0, ""strength"": 0.6, ""contribution"": 0.0857}, {""key"": ""fuel"", ""note"": ""excluded: oi unavailable"", ""weight"": 0.0, ""excluded_weight"": 1.5}, {""key"": ""cleared"", ""note"": ""excluded: oi unavailable"", ""weight"": 0.0, ""excluded_weight"": 1.2}, {""key"": ""delta_flip"", ""note"": ""excluded: taker unavailable"", ""weight"": 0.0, ""excluded_weight"": 1.5}, {""key"": ""absorption"", ""note"": ""excluded: taker unavailable"", ""weight"": 0.0, ""excluded_weight"": 1.0}, {""key"": ""cohort"", ""note"": ""excluded: cohort unavailable"", ""weight"": 0.0, ""excluded_weight"": 1.0}]"
M1,BTC,adverse,2026-07-17 14:15:05,4h_ob_bottom,62529.7,long,,,,,,,"no_trade (trade #683 open at evaluation, its exit_ts 2026-07-17 15:05:00)",,0.7758,full,,,,,1,1,"[{""key"": ""location"", ""weight"": 2.0, ""strength"": 1.0, ""contribution"": 0.2857}, {""key"": ""reclaim"", ""weight"": 2.0, ""strength"": 1.0, ""contribution"": 0.2857}, {""key"": ""discount"", ""weight"": 1.2, ""strength"": 0.1748, ""contribution"": 0.03}, {""key"": ""session"", ""weight"": 0.8, ""strength"": 1.0, ""contribution"": 0.1143}, {""key"": ""htf_bias"", ""weight"": 1.0, ""strength"": 0.6, ""contribution"": 0.0857}, {""key"": ""fuel"", ""note"": ""excluded: oi unavailable"", ""weight"": 0.0, ""excluded_weight"": 1.5}, {""key"": ""cleared"", ""note"": ""excluded: oi unavailable"", ""weight"": 0.0, ""excluded_weight"": 1.2}, {""key"": ""delta_flip"", ""note"": ""excluded: taker unavailable"", ""weight"": 0.0, ""excluded_weight"": 1.5}, {""key"": ""absorption"", ""note"": ""excluded: taker unavailable"", ""weight"": 0.0, ""excluded_weight"": 1.0}, {""key"": ""cohort"", ""note"": ""excluded: cohort unavailable"", ""weight"": 0.0, ""excluded_weight"": 1.0}]"
M1,BTC,adverse,2026-07-20 16:15:05,pwh,65589.7,short,65584.1,,65730.02652006643,65365.23231995573,2026-07-20 17:00:05,,cancelled:entry_expired_no_fvg,,0.892,full,0,65730.02652006643,0,65584.10884002215,1,1,"[{""key"": ""location"", ""weight"": 2.0, ""strength"": 1.0, ""contribution"": 0.2857}, {""key"": ""reclaim"", ""weight"": 2.0, ""strength"": 0.8841, ""contribution"": 0.2526}, {""key"": ""discount"", ""weight"": 1.2, ""strength"": 0.9399, ""contribution"": 0.1611}, {""key"": ""session"", ""weight"": 0.8, ""strength"": 0.6, ""contribution"": 0.0686}, {""key"": ""htf_bias"", ""weight"": 1.0, ""strength"": 0.3, ""contribution"": 0.0429}, {""key"": ""fuel"", ""note"": ""excluded: oi unavailable"", ""weight"": 0.0, ""excluded_weight"": 1.5}, {""key"": ""cleared"", ""note"": ""excluded: oi unavailable"", ""weight"": 0.0, ""excluded_weight"": 1.2}, {""key"": ""delta_flip"", ""note"": ""excluded: taker unavailable"", ""weight"": 0.0, ""excluded_weight"": 1.5}, {""key"": ""absorption"", ""note"": ""excluded: taker unavailable"", ""weight"": 0.0, ""excluded_weight"": 1.0}, {""key"": ""cohort"", ""note"": ""excluded: cohort unavailable"", ""weight"": 0.0, ""excluded_weight"": 1.0}]"
M1,BTC,adverse,2026-07-21 13:45:05,london_high,66618.0,short,66518.6,2026-07-21 13:50:00,66659.74919982883,66306.7922001141,2026-07-21 13:50:00,66659.8,stop,-1.2832632597343716,0.8736,full,0,66659.74919982883,0,66518.56639994294,1,1,"[{""key"": ""location"", ""weight"": 2.0, ""strength"": 0.6, ""contribution"": 0.1714}, {""key"": ""reclaim"", ""weight"": 2.0, ""strength"": 0.8142, ""contribution"": 0.2326}, {""key"": ""discount"", ""weight"": 1.2, ""strength"": 0.9378, ""contribution"": 0.1608}, {""key"": ""session"", ""weight"": 0.8, ""strength"": 1.0, ""contribution"": 0.1143}, {""key"": ""htf_bias"", ""weight"": 1.0, ""strength"": 0.3, ""contribution"": 0.0429}, {""key"": ""fuel"", ""note"": ""excluded: oi unavailable"", ""weight"": 0.0, ""excluded_weight"": 1.5}, {""key"": ""cleared"", ""note"": ""excluded: oi unavailable"", ""weight"": 0.0, ""excluded_weight"": 1.2}, {""key"": ""delta_flip"", ""note"": ""excluded: taker unavailable"", ""weight"": 0.0, ""excluded_weight"": 1.5}, {""key"": ""absorption"", ""note"": ""excluded: taker unavailable"", ""weight"": 0.0, ""excluded_weight"": 1.0}, {""key"": ""cohort"", ""note"": ""excluded: cohort unavailable"", ""weight"": 0.0, ""excluded_weight"": 1.0}]"
M1,ETH,adverse,2026-03-11 08:00:05,equal_lows_4h,2007.885,long,2009.83,2026-03-11 08:05:00,2004.7530878387847,2017.439608107477,2026-03-11 12:05:00,2011.51,time_stop,0.6081680794142827,1.0,full,0,2004.7530878387847,0,2009.8276959462617,1,1,"[{""key"": ""location"", ""weight"": 2.0, ""strength"": 1.0, ""contribution"": 0.2857}, {""key"": ""reclaim"", ""weight"": 2.0, ""strength"": 0.5553, ""contribution"": 0.1586}, {""key"": ""discount"", ""weight"": 1.2, ""strength"": 0.9043, ""contribution"": 0.155}, {""key"": ""session"", ""weight"": 0.8, ""strength"": 1.0, ""contribution"": 0.1143}, {""key"": ""htf_bias"", ""weight"": 1.0, ""strength"": 1.0, ""contribution"": 0.1429}, {""key"": ""fuel"", ""note"": ""excluded: oi unavailable"", ""weight"": 0.0, ""excluded_weight"": 1.5}, {""key"": ""cleared"", ""note"": ""excluded: oi unavailable"", ""weight"": 0.0, ""excluded_weight"": 1.2}, {""key"": ""delta_flip"", ""note"": ""excluded: taker unavailable"", ""weight"": 0.0, ""excluded_weight"": 1.5}, {""key"": ""absorption"", ""note"": ""excluded: taker unavailable"", ""weight"": 0.0, ""excluded_weight"": 1.0}, {""key"": ""cohort"", ""note"": ""excluded: cohort unavailable"", ""weight"": 0.0, ""excluded_weight"": 1.0}]"
M1,ETH,adverse,2026-03-11 17:45:05,4h_ob_top,2082.88,short,2081.99,,2089.634763611045,2074.076861161628,2026-03-11 18:30:05,,cancelled:entry_expired_no_fvg,,0.7883,full,1,2087.272208257558,0,2081.994069419186,1,1,"[{""key"": ""location"", ""weight"": 2.0, ""strength"": 1.0, ""contribution"": 0.2857}, {""key"": ""reclaim"", ""weight"": 2.0, ""strength"": 0.7955, ""contribution"": 0.2273}, {""key"": ""discount"", ""weight"": 1.2, ""strength"": 0.5376, ""contribution"": 0.0922}, {""key"": ""session"", ""weight"": 0.8, ""strength"": 0.6, ""contribution"": 0.0686}, {""key"": ""htf_bias"", ""weight"": 1.0, ""strength"": 0.3, ""contribution"": 0.0429}, {""key"": ""fuel"", ""note"": ""excluded: oi unavailable"", ""weight"": 0.0, ""excluded_weight"": 1.5}, {""key"": ""cleared"", ""note"": ""excluded: oi unavailable"", ""weight"": 0.0, ""excluded_weight"": 1.2}, {""key"": ""delta_flip"", ""note"": ""excluded: taker unavailable"", ""weight"": 0.0, ""excluded_weight"": 1.5}, {""key"": ""absorption"", ""note"": ""excluded: taker unavailable"", ""weight"": 0.0, ""excluded_weight"": 1.0}, {""key"": ""cohort"", ""note"": ""excluded: cohort unavailable"", ""weight"": 0.0, ""excluded_weight"": 1.0}]"
M1,ETH,adverse,2026-03-13 13:45:05,pwh,2199.47,short,2187.99,2026-03-13 13:50:00,2207.7647756207093,2154.74,2026-03-13 14:20:00,2207.76,stop,-1.066503512570011,0.7786,full,0,2207.7647756207093,1,2182.908258540236,1,1,"[{""key"": ""location"", ""weight"": 2.0, ""strength"": 1.0, ""contribution"": 0.2857}, {""key"": ""reclaim"", ""weight"": 2.0, ""strength"": 0.3288, ""contribution"": 0.0939}, {""key"": ""discount"", ""weight"": 1.2, ""strength"": 0.8723, ""contribution"": 0.1495}, {""key"": ""session"", ""weight"": 0.8, ""strength"": 1.0, ""contribution"": 0.1143}, {""key"": ""htf_bias"", ""weight"": 1.0, ""strength"": 0.0, ""contribution"": 0.0}, {""key"": ""fuel"", ""note"": ""excluded: oi unavailable"", ""weight"": 0.0, ""excluded_weight"": 1.5}, {""key"": ""cleared"", ""note"": ""excluded: oi unavailable"", ""weight"": 0.0, ""excluded_weight"": 1.2}, {""key"": ""delta_flip"", ""note"": ""excluded: taker unavailable"", ""weight"": 0.0, ""excluded_weight"": 1.5}, {""key"": ""absorption"", ""note"": ""excluded: taker unavailable"", ""weight"": 0.0, ""excluded_weight"": 1.0}, {""key"": ""cohort"", ""note"": ""excluded: cohort unavailable"", ""weight"": 0.0, ""excluded_weight"": 1.0}]"
M1,ETH,adverse,2026-03-14 07:00:05,pdl,2069.1,long,2073.93,,2066.0602037663166,2085.7431974891215,2026-03-14 07:45:05,,cancelled:entry_expired_no_fvg,,0.7984,full,0,2066.0602037663166,0,2073.9334012554386,1,1,"[{""key"": ""location"", ""weight"": 2.0, ""strength"": 0.8, ""contribution"": 0.2286}, {""key"": ""reclaim"", ""weight"": 2.0, ""strength"": 0.3879, ""contribution"": 0.1108}, {""key"": ""discount"", ""weight"": 1.2, ""strength"": 0.369, ""contribution"": 0.0633}, {""key"": ""session"", ""weight"": 0.8, ""strength"": 1.0, ""contribution"": 0.1143}, {""key"": ""htf_bias"", ""weight"": 1.0, ""strength"": 1.0, ""contribution"": 0.1429}, {""key"": ""fuel"", ""note"": ""excluded: oi unavailable"", ""weight"": 0.0, ""excluded_weight"": 1.5}, {""key"": ""cleared"", ""note"": ""excluded: oi unavailable"", ""weight"": 0.0, ""excluded_weight"": 1.2}, {""key"": ""delta_flip"", ""note"": ""excluded: taker unavailable"", ""weight"": 0.0, ""excluded_weight"": 1.5}, {""key"": ""absorption"", ""note"": ""excluded: taker unavailable"", ""weight"": 0.0, ""excluded_weight"": 1.0}, {""key"": ""cohort"", ""note"": ""excluded: cohort unavailable"", ""weight"": 0.0, ""excluded_weight"": 1.0}]"
M1,ETH,adverse,2026-03-24 08:15:05,equal_highs_4h,2165.2650000000003,short,2164.81,,2171.3410890471473,2155.36,2026-03-24 09:00:05,,cancelled:entry_expired_no_fvg,,0.6132,half,0,2171.3410890471473,0,2164.8103630157157,1,1,"[{""key"": ""location"", ""weight"": 2.0, ""strength"": 1.0, ""contribution"": 0.2857}, {""key"": ""reclaim"", ""weight"": 2.0, ""strength"": 0.3132, ""contribution"": 0.0895}, {""key"": ""discount"", ""weight"": 1.2, ""strength"": 0.5902, ""contribution"": 0.1012}, {""key"": ""session"", ""weight"": 0.8, ""strength"": 1.0, ""contribution"": 0.1143}, {""key"": ""htf_bias"", ""weight"": 1.0, ""strength"": 0.3, ""contribution"": 0.0429}, {""key"": ""fuel"", ""note"": ""excluded: oi unavailable"", ""weight"": 0.0, ""excluded_weight"": 1.5}, {""key"": ""cleared"", ""note"": ""excluded: oi unavailable"", ""weight"": 0.0, ""excluded_weight"": 1.2}, {""key"": ""delta_flip"", ""note"": ""excluded: taker unavailable"", ""weight"": 0.0, ""excluded_weight"": 1.5}, {""key"": ""absorption"", ""note"": ""excluded: taker unavailable"", ""weight"": 0.0, ""excluded_weight"": 1.0}, {""key"": ""cohort"", ""note"": ""excluded: cohort unavailable"", ""weight"": 0.0, ""excluded_weight"": 1.0}]"
M1,ETH,adverse,2026-03-28 08:15:05,asia_high,2006.09,short,2006.14,2026-03-28 08:20:00,2008.233043653207,2003.002970897862,2026-03-28 12:20:00,2003.48,time_stop,0.9028415812529273,0.5598,half,0,2008.233043653207,0,2006.141014551069,1,1,"[{""key"": ""location"", ""weight"": 2.0, ""strength"": 0.6, ""contribution"": 0.1714}, {""key"": ""reclaim"", ""weight"": 2.0, ""strength"": 0.3281, ""contribution"": 0.0937}, {""key"": ""discount"", ""weight"": 1.2, ""strength"": 0.66, ""contribution"": 0.1131}, {""key"": ""session"", ""weight"": 0.8, ""strength"": 1.0, ""contribution"": 0.1143}, {""key"": ""htf_bias"", ""weight"": 1.0, ""strength"": 0.6, ""contribution"": 0.0857}, {""key"": ""fuel"", ""note"": ""excluded: oi unavailable"", ""weight"": 0.0, ""excluded_weight"": 1.5}, {""key"": ""cleared"", ""note"": ""excluded: oi unavailable"", ""weight"": 0.0, ""excluded_weight"": 1.2}, {""key"": ""delta_flip"", ""note"": ""excluded: taker unavailable"", ""weight"": 0.0, ""excluded_weight"": 1.5}, {""key"": ""absorption"", ""note"": ""excluded: taker unavailable"", ""weight"": 0.0, ""excluded_weight"": 1.0}, {""key"": ""cohort"", ""note"": ""excluded: cohort unavailable"", ""weight"": 0.0, ""excluded_weight"": 1.0}]"
M1,ETH,adverse,2026-03-30 08:15:05,4h_ob_top,2064.95,short,2062.37,2026-03-30 08:20:00,2069.2337452505612,2044.1108364996248,2026-03-30 08:35:00,2069.23,stop,-1.1794865020445993,0.7711,full,0,2069.2337452505612,1,2059.1845817501867,1,1,"[{""key"": ""location"", ""weight"": 2.0, ""strength"": 1.0, ""contribution"": 0.2857}, {""key"": ""reclaim"", ""weight"": 2.0, ""strength"": 0.5718, ""contribution"": 0.1634}, {""key"": ""discount"", ""weight"": 1.2, ""strength"": 0.8603, ""contribution"": 0.1475}, {""key"": ""session"", ""weight"": 0.8, ""strength"": 1.0, ""contribution"": 0.1143}, {""key"": ""htf_bias"", ""weight"": 1.0, ""strength"": 0.6, ""contribution"": 0.0857}, {""key"": ""fuel"", ""note"": ""excluded: oi unavailable"", ""weight"": 0.0, ""excluded_weight"": 1.5}, {""key"": ""cleared"", ""note"": ""excluded: oi unavailable"", ""weight"": 0.0, ""excluded_weight"": 1.2}, {""key"": ""delta_flip"", ""note"": ""excluded: taker unavailable"", ""weight"": 0.0, ""excluded_weight"": 1.5}, {""key"": ""absorption"", ""note"": ""excluded: taker unavailable"", ""weight"": 0.0, ""excluded_weight"": 1.0}, {""key"": ""cohort"", ""note"": ""excluded: cohort unavailable"", ""weight"": 0.0, ""excluded_weight"": 1.0}]"
M1,ETH,adverse,2026-03-31 10:15:05,equal_lows_1h,2013.58,long,2016.78,,2009.748450174529,2025.69,2026-03-31 11:00:05,,cancelled:entry_expired_no_fvg,,0.8252,full,0,2009.748450174529,0,2016.7794833915095,1,1,"[{""key"": ""location"", ""weight"": 2.0, ""strength"": 1.0, ""contribution"": 0.2857}, {""key"": ""reclaim"", ""weight"": 2.0, ""strength"": 0.673, ""contribution"": 0.1923}, {""key"": ""discount"", ""weight"": 1.2, ""strength"": 0.6876, ""contribution"": 0.1179}, {""key"": ""session"", ""weight"": 0.8, ""strength"": 0.6, ""contribution"": 0.0686}, {""key"": ""htf_bias"", ""weight"": 1.0, ""strength"": 0.6, ""contribution"": 0.0857}, {""key"": ""fuel"", ""note"": ""excluded: oi unavailable"", ""weight"": 0.0, ""excluded_weight"": 1.5}, {""key"": ""cleared"", ""note"": ""excluded: oi unavailable"", ""weight"": 0.0, ""excluded_weight"": 1.2}, {""key"": ""delta_flip"", ""note"": ""excluded: taker unavailable"", ""weight"": 0.0, ""excluded_weight"": 1.5}, {""key"": ""absorption"", ""note"": ""excluded: taker unavailable"", ""weight"": 0.0, ""excluded_weight"": 1.0}, {""key"": ""cohort"", ""note"": ""excluded: cohort unavailable"", ""weight"": 0.0, ""excluded_weight"": 1.0}]"
M1,ETH,adverse,2026-03-31 14:45:05,equal_highs_4h,2088.394,short,2072.86,2026-03-31 16:35:00,2093.395217028118,2075.5198553145888,2026-03-31 16:35:00,2072.86,stop_be,-0.2879766225368003,0.6241,half,0,2093.395217028118,0,2086.2450723427064,1,1,"[{""key"": ""location"", ""weight"": 2.0, ""strength"": 1.0, ""contribution"": 0.2857}, {""key"": ""reclaim"", ""weight"": 2.0, ""strength"": 0.3333, ""contribution"": 0.0952}, {""key"": ""discount"", ""weight"": 1.2, ""strength"": 0.3722, ""contribution"": 0.0638}, {""key"": ""session"", ""weight"": 0.8, ""strength"": 1.0, ""contribution"": 0.1143}, {""key"": ""htf_bias"", ""weight"": 1.0, ""strength"": 0.6, ""contribution"": 0.0857}, {""key"": ""fuel"", ""note"": ""excluded: oi unavailable"", ""weight"": 0.0, ""excluded_weight"": 1.5}, {""key"": ""cleared"", ""note"": ""excluded: oi unavailable"", ""weight"": 0.0, ""excluded_weight"": 1.2}, {""key"": ""delta_flip"", ""note"": ""excluded: taker unavailable"", ""weight"": 0.0, ""excluded_weight"": 1.5}, {""key"": ""absorption"", ""note"": ""excluded: taker unavailable"", ""weight"": 0.0, ""excluded_weight"": 1.0}, {""key"": ""cohort"", ""note"": ""excluded: cohort unavailable"", ""weight"": 0.0, ""excluded_weight"": 1.0}]"
M1,ETH,adverse,2026-04-11 19:00:05,4h_fvg_top,2310.07,short,2304.61,2026-04-11 19:05:00,2314.469056397704,2271.325,2026-04-11 19:05:00,2314.47,stop,-1.1407466385944751,0.5822,half,0,2314.469056397704,1,2295.4630187992348,1,1,"[{""key"": ""location"", ""weight"": 2.0, ""strength"": 1.0, ""contribution"": 0.2857}, {""key"": ""reclaim"", ""weight"": 2.0, ""strength"": 0.6206, ""contribution"": 0.1773}, {""key"": ""discount"", ""weight"": 1.2, ""strength"": 0.2581, ""contribution"": 0.0443}, {""key"": ""session"", ""weight"": 0.8, ""strength"": 0.6, ""contribution"": 0.0686}, {""key"": ""htf_bias"", ""weight"": 1.0, ""strength"": 0.6, ""contribution"": 0.0857}, {""key"": ""fuel"", ""note"": ""excluded: oi unavailable"", ""weight"": 0.0, ""excluded_weight"": 1.5}, {""key"": ""cleared"", ""note"": ""excluded: oi unavailable"", ""weight"": 0.0, ""excluded_weight"": 1.2}, {""key"": ""delta_flip"", ""note"": ""excluded: taker unavailable"", ""weight"": 0.0, ""excluded_weight"": 1.5}, {""key"": ""absorption"", ""note"": ""excluded: taker unavailable"", ""weight"": 0.0, ""excluded_weight"": 1.0}, {""key"": ""cohort"", ""note"": ""excluded: cohort unavailable"", ""weight"": 0.0, ""excluded_weight"": 1.0}]"
M1,ETH,adverse,2026-04-13 09:00:05,asia_low,2181.02,long,2181.85,,2177.711287907601,2188.059141394932,2026-04-13 09:45:05,,cancelled:entry_expired_no_fvg,,0.6155,half,0,2177.711287907601,0,2181.8504293025335,2,0,"[{""key"": ""location"", ""weight"": 2.0, ""strength"": 0.6, ""contribution"": 0.1714}, {""key"": ""reclaim"", ""weight"": 2.0, ""strength"": 0.6299, ""contribution"": 0.18}, {""key"": ""discount"", ""weight"": 1.2, ""strength"": 0.4926, ""contribution"": 0.0844}, {""key"": ""session"", ""weight"": 0.8, ""strength"": 1.0, ""contribution"": 0.1143}, {""key"": ""htf_bias"", ""weight"": 1.0, ""strength"": 0.6, ""contribution"": 0.0857}, {""key"": ""fuel"", ""note"": ""excluded: oi unavailable"", ""weight"": 0.0, ""excluded_weight"": 1.5}, {""key"": ""cleared"", ""note"": ""excluded: oi unavailable"", ""weight"": 0.0, ""excluded_weight"": 1.2}, {""key"": ""delta_flip"", ""note"": ""excluded: taker unavailable"", ""weight"": 0.0, ""excluded_weight"": 1.5}, {""key"": ""absorption"", ""note"": ""excluded: taker unavailable"", ""weight"": 0.0, ""excluded_weight"": 1.0}, {""key"": ""cohort"", ""note"": ""excluded: cohort unavailable"", ""weight"": 0.0, ""excluded_weight"": 1.0}]"
M1,ETH,adverse,2026-04-21 07:00:05,equal_highs_1h,2325.71,short,2319.02,2026-04-21 07:20:00,2328.1368478519653,2312.59,2026-04-21 07:29:59,2319.02,stop_be,0.16010156956839183,0.7674,full,0,2328.1368478519653,0,2319.0222826173217,1,1,"[{""key"": ""location"", ""weight"": 2.0, ""strength"": 0.8, ""contribution"": 0.2286}, {""key"": ""reclaim"", ""weight"": 2.0, ""strength"": 0.3533, ""contribution"": 0.1009}, {""key"": ""discount"", ""weight"": 1.2, ""strength"": 0.6107, ""contribution"": 0.1047}, {""key"": ""session"", ""weight"": 0.8, ""strength"": 1.0, ""contribution"": 0.1143}, {""key"": ""htf_bias"", ""weight"": 1.0, ""strength"": 0.6, ""contribution"": 0.0857}, {""key"": ""fuel"", ""note"": ""excluded: oi unavailable"", ""weight"": 0.0, ""excluded_weight"": 1.5}, {""key"": ""cleared"", ""note"": ""excluded: oi unavailable"", ""weight"": 0.0, ""excluded_weight"": 1.2}, {""key"": ""delta_flip"", ""note"": ""excluded: taker unavailable"", ""weight"": 0.0, ""excluded_weight"": 1.5}, {""key"": ""absorption"", ""note"": ""excluded: taker unavailable"", ""weight"": 0.0, ""excluded_weight"": 1.0}, {""key"": ""cohort"", ""note"": ""excluded: cohort unavailable"", ""weight"": 0.0, ""excluded_weight"": 1.0}]"
M1,ETH,adverse,2026-04-23 09:30:05,pdl,2311.41,long,2319.96,2026-04-23 09:35:00,2308.6713425737407,2330.0,2026-04-23 10:05:00,2308.67,stop,-1.1231786136497959,0.7432,full,0,2308.6713425737407,1,2320.327114191247,1,1,"[{""key"": ""location"", ""weight"": 2.0, ""strength"": 0.8, ""contribution"": 0.2286}, {""key"": ""reclaim"", ""weight"": 2.0, ""strength"": 0.5569, ""contribution"": 0.1591}, {""key"": ""discount"", ""weight"": 1.2, ""strength"": 0.4462, ""contribution"": 0.0765}, {""key"": ""session"", ""weight"": 0.8, ""strength"": 0.6, ""contribution"": 0.0686}, {""key"": ""htf_bias"", ""weight"": 1.0, ""strength"": 1.0, ""contribution"": 0.1429}, {""key"": ""fuel"", ""note"": ""excluded: oi unavailable"", ""weight"": 0.0, ""excluded_weight"": 1.5}, {""key"": ""cleared"", ""note"": ""excluded: oi unavailable"", ""weight"": 0.0, ""excluded_weight"": 1.2}, {""key"": ""delta_flip"", ""note"": ""excluded: taker unavailable"", ""weight"": 0.0, ""excluded_weight"": 1.5}, {""key"": ""absorption"", ""note"": ""excluded: taker unavailable"", ""weight"": 0.0, ""excluded_weight"": 1.0}, {""key"": ""cohort"", ""note"": ""excluded: cohort unavailable"", ""weight"": 0.0, ""excluded_weight"": 1.0}]"
M1,ETH,adverse,2026-04-28 13:30:05,pwl,2258.3,long,2266.16,2026-04-28 13:35:00,2254.943704045606,2268.86,2026-04-28 13:35:00,2266.16,stop_be,-0.0007061405989194068,0.8218,full,0,2254.943704045606,0,2266.1579013485352,1,1,"[{""key"": ""location"", ""weight"": 2.0, ""strength"": 1.0, ""contribution"": 0.2857}, {""key"": ""reclaim"", ""weight"": 2.0, ""strength"": 0.2589, ""contribution"": 0.074}, {""key"": ""discount"", ""weight"": 1.2, ""strength"": 0.6973, ""contribution"": 0.1195}, {""key"": ""session"", ""weight"": 0.8, ""strength"": 1.0, ""contribution"": 0.1143}, {""key"": ""htf_bias"", ""weight"": 1.0, ""strength"": 0.6, ""contribution"": 0.0857}, {""key"": ""fuel"", ""note"": ""excluded: oi unavailable"", ""weight"": 0.0, ""excluded_weight"": 1.5}, {""key"": ""cleared"", ""note"": ""excluded: oi unavailable"", ""weight"": 0.0, ""excluded_weight"": 1.2}, {""key"": ""delta_flip"", ""note"": ""excluded: taker unavailable"", ""weight"": 0.0, ""excluded_weight"": 1.5}, {""key"": ""absorption"", ""note"": ""excluded: taker unavailable"", ""weight"": 0.0, ""excluded_weight"": 1.0}, {""key"": ""cohort"", ""note"": ""excluded: cohort unavailable"", ""weight"": 0.0, ""excluded_weight"": 1.0}]"
M1,ETH,adverse,2026-05-01 13:30:05,london_high,2311.5,short,2311.13,2026-05-01 13:35:00,2315.7194132366812,2304.2370578422133,2026-05-01 13:35:00,2315.72,stop,-1.3017241007189793,0.651,half,0,2315.7194132366812,0,2311.126471078894,1,1,"[{""key"": ""location"", ""weight"": 2.0, ""strength"": 0.6, ""contribution"": 0.1714}, {""key"": ""reclaim"", ""weight"": 2.0, ""strength"": 0.8319, ""contribution"": 0.2377}, {""key"": ""discount"", ""weight"": 1.2, ""strength"": 0.3702, ""contribution"": 0.0635}, {""key"": ""session"", ""weight"": 0.8, ""strength"": 1.0, ""contribution"": 0.1143}, {""key"": ""htf_bias"", ""weight"": 1.0, ""strength"": 0.6, ""contribution"": 0.0857}, {""key"": ""fuel"", ""note"": ""excluded: oi unavailable"", ""weight"": 0.0, ""excluded_weight"": 1.5}, {""key"": ""cleared"", ""note"": ""excluded: oi unavailable"", ""weight"": 0.0, ""excluded_weight"": 1.2}, {""key"": ""delta_flip"", ""note"": ""excluded: taker unavailable"", ""weight"": 0.0, ""excluded_weight"": 1.5}, {""key"": ""absorption"", ""note"": ""excluded: taker unavailable"", ""weight"": 0.0, ""excluded_weight"": 1.0}, {""key"": ""cohort"", ""note"": ""excluded: cohort unavailable"", ""weight"": 0.0, ""excluded_weight"": 1.0}]"
M1,ETH,adverse,2026-05-03 12:30:05,4h_ob_top,2330.57,short,2328.84,,2332.996671917578,2322.593885388281,2026-05-03 13:15:05,,cancelled:entry_expired_no_fvg,,0.7412,full,0,2332.996671917578,0,2328.8355573058593,1,1,"[{""key"": ""location"", ""weight"": 2.0, ""strength"": 1.0, ""contribution"": 0.2857}, {""key"": ""reclaim"", ""weight"": 2.0, ""strength"": 0.8209, ""contribution"": 0.2345}, {""key"": ""discount"", ""weight"": 1.2, ""strength"": 0.4959, ""contribution"": 0.085}, {""key"": ""session"", ""weight"": 0.8, ""strength"": 0.6, ""contribution"": 0.0686}, {""key"": ""htf_bias"", ""weight"": 1.0, ""strength"": 0.0, ""contribution"": 0.0}, {""key"": ""fuel"", ""note"": ""excluded: oi unavailable"", ""weight"": 0.0, ""excluded_weight"": 1.5}, {""key"": ""cleared"", ""note"": ""excluded: oi unavailable"", ""weight"": 0.0, ""excluded_weight"": 1.2}, {""key"": ""delta_flip"", ""note"": ""excluded: taker unavailable"", ""weight"": 0.0, ""excluded_weight"": 1.5}, {""key"": ""absorption"", ""note"": ""excluded: taker unavailable"", ""weight"": 0.0, ""excluded_weight"": 1.0}, {""key"": ""cohort"", ""note"": ""excluded: cohort unavailable"", ""weight"": 0.0, ""excluded_weight"": 1.0}]"
M1,ETH,adverse,2026-05-06 17:00:05,equal_lows_1h,2352.64,long,2353.54,2026-05-06 17:20:00,2347.620684126339,2359.47,2026-05-06 17:45:05,2352.0,thesis_failed,-0.4983103440890594,0.7201,full,0,2347.620684126339,0,2353.543561375446,2,1,"[{""key"": ""location"", ""weight"": 2.0, ""strength"": 1.0, ""contribution"": 0.2857}, {""key"": ""reclaim"", ""weight"": 2.0, ""strength"": 0.9845, ""contribution"": 0.2813}, {""key"": ""discount"", ""weight"": 1.2, ""strength"": 0.8158, ""contribution"": 0.1398}, {""key"": ""session"", ""weight"": 0.8, ""strength"": 0.6, ""contribution"": 0.0686}, {""key"": ""htf_bias"", ""weight"": 1.0, ""strength"": 0.3, ""contribution"": 0.0429}, {""key"": ""fuel"", ""note"": ""excluded: oi unavailable"", ""weight"": 0.0, ""excluded_weight"": 1.5}, {""key"": ""cleared"", ""note"": ""excluded: oi unavailable"", ""weight"": 0.0, ""excluded_weight"": 1.2}, {""key"": ""delta_flip"", ""note"": ""excluded: taker unavailable"", ""weight"": 0.0, ""excluded_weight"": 1.5}, {""key"": ""absorption"", ""note"": ""excluded: taker unavailable"", ""weight"": 0.0, ""excluded_weight"": 1.0}, {""key"": ""cohort"", ""note"": ""excluded: cohort unavailable"", ""weight"": 0.0, ""excluded_weight"": 1.0}]"
M1,ETH,adverse,2026-05-13 13:00:05,asia_low,2271.6,long,2280.02,2026-05-13 13:20:00,2267.6164092531653,2298.622393831223,2026-05-13 13:35:00,2267.62,stop,-1.1096593276495719,0.5857,half,0,2267.6164092531653,0,2280.0188030843883,1,1,"[{""key"": ""location"", ""weight"": 2.0, ""strength"": 0.6, ""contribution"": 0.1714}, {""key"": ""reclaim"", ""weight"": 2.0, ""strength"": 0.4677, ""contribution"": 0.1336}, {""key"": ""discount"", ""weight"": 1.2, ""strength"": 0.3775, ""contribution"": 0.0647}, {""key"": ""session"", ""weight"": 0.8, ""strength"": 1.0, ""contribution"": 0.1143}, {""key"": ""htf_bias"", ""weight"": 1.0, ""strength"": 0.0, ""contribution"": 0.0}, {""key"": ""fuel"", ""note"": ""excluded: oi unavailable"", ""weight"": 0.0, ""excluded_weight"": 1.5}, {""key"": ""cleared"", ""note"": ""excluded: oi unavailable"", ""weight"": 0.0, ""excluded_weight"": 1.2}, {""key"": ""delta_flip"", ""note"": ""excluded: taker unavailable"", ""weight"": 0.0, ""excluded_weight"": 1.5}, {""key"": ""absorption"", ""note"": ""excluded: taker unavailable"", ""weight"": 0.0, ""excluded_weight"": 1.0}, {""key"": ""cohort"", ""note"": ""excluded: cohort unavailable"", ""weight"": 0.0, ""excluded_weight"": 1.0}]"
M1,ETH,adverse,2026-05-14 00:45:05,pwl,2263.43,long,2264.92,2026-05-14 00:50:00,2260.370744145354,2267.75,2026-05-14 01:05:00,2264.92,stop_be,0.009811156797467928,0.645,half,0,2260.370744145354,0,2264.9235813817845,2,0,"[{""key"": ""location"", ""weight"": 2.0, ""strength"": 1.0, ""contribution"": 0.2857}, {""key"": ""reclaim"", ""weight"": 2.0, ""strength"": 1.0, ""contribution"": 0.2857}, {""key"": ""discount"", ""weight"": 1.2, ""strength"": 0.2422, ""contribution"": 0.0415}, {""key"": ""session"", ""weight"": 0.8, ""strength"": 0.3, ""contribution"": 0.0343}, {""key"": ""htf_bias"", ""weight"": 1.0, ""strength"": 0.6, ""contribution"": 0.0857}, {""key"": ""fuel"", ""note"": ""excluded: oi unavailable"", ""weight"": 0.0, ""excluded_weight"": 1.5}, {""key"": ""cleared"", ""note"": ""excluded: oi unavailable"", ""weight"": 0.0, ""excluded_weight"": 1.2}, {""key"": ""delta_flip"", ""note"": ""excluded: taker unavailable"", ""weight"": 0.0, ""excluded_weight"": 1.5}, {""key"": ""absorption"", ""note"": ""excluded: taker unavailable"", ""weight"": 0.0, ""excluded_weight"": 1.0}, {""key"": ""cohort"", ""note"": ""excluded: cohort unavailable"", ""weight"": 0.0, ""excluded_weight"": 1.0}]"
M1,ETH,adverse,2026-05-15 07:00:05,4h_ob_bottom,2252.81,long,2252.86,2026-05-15 07:05:00,2249.076497423711,2256.862000468416,2026-05-15 08:20:00,2252.86,stop_be,0.1371696026620896,0.7652,full,1,2250.194499297376,0,2252.861499765792,1,1,"[{""key"": ""location"", ""weight"": 2.0, ""strength"": 1.0, ""contribution"": 0.2857}, {""key"": ""reclaim"", ""weight"": 2.0, ""strength"": 0.7605, ""contribution"": 0.2173}, {""key"": ""discount"", ""weight"": 1.2, ""strength"": 0.5103, ""contribution"": 0.0875}, {""key"": ""session"", ""weight"": 0.8, ""strength"": 1.0, ""contribution"": 0.1143}, {""key"": ""htf_bias"", ""weight"": 1.0, ""strength"": 0.6, ""contribution"": 0.0857}, {""key"": ""fuel"", ""note"": ""excluded: oi unavailable"", ""weight"": 0.0, ""excluded_weight"": 1.5}, {""key"": ""cleared"", ""note"": ""excluded: oi unavailable"", ""weight"": 0.0, ""excluded_weight"": 1.2}, {""key"": ""delta_flip"", ""note"": ""excluded: taker unavailable"", ""weight"": 0.0, ""excluded_weight"": 1.5}, {""key"": ""absorption"", ""note"": ""excluded: taker unavailable"", ""weight"": 0.0, ""excluded_weight"": 1.0}, {""key"": ""cohort"", ""note"": ""excluded: cohort unavailable"", ""weight"": 0.0, ""excluded_weight"": 1.0}]"
M1,ETH,adverse,2026-05-20 05:30:05,equal_highs_1h,2124.65,short,2123.79,2026-05-20 05:35:00,2127.4596262933205,2118.2935824711203,2026-05-20 05:35:00,2127.46,stop,-1.3489804314542146,0.5655,half,0,2127.4596262933205,0,2123.7932087644404,1,1,"[{""key"": ""location"", ""weight"": 2.0, ""strength"": 0.8, ""contribution"": 0.2286}, {""key"": ""reclaim"", ""weight"": 2.0, ""strength"": 0.9577, ""contribution"": 0.2736}, {""key"": ""discount"", ""weight"": 1.2, ""strength"": 0.1187, ""contribution"": 0.0203}, {""key"": ""session"", ""weight"": 0.8, ""strength"": 0.3, ""contribution"": 0.0343}, {""key"": ""htf_bias"", ""weight"": 1.0, ""strength"": 0.6, ""contribution"": 0.0857}, {""key"": ""fuel"", ""note"": ""excluded: oi unavailable"", ""weight"": 0.0, ""excluded_weight"": 1.5}, {""key"": ""cleared"", ""note"": ""excluded: oi unavailable"", ""weight"": 0.0, ""excluded_weight"": 1.2}, {""key"": ""delta_flip"", ""note"": ""excluded: taker unavailable"", ""weight"": 0.0, ""excluded_weight"": 1.5}, {""key"": ""absorption"", ""note"": ""excluded: taker unavailable"", ""weight"": 0.0, ""excluded_weight"": 1.0}, {""key"": ""cohort"", ""note"": ""excluded: cohort unavailable"", ""weight"": 0.0, ""excluded_weight"": 1.0}]"
M1,ETH,adverse,2026-05-23 21:30:05,equal_highs_4h,2147.795,short,2124.84,,2151.740991273854,2129.88,2026-05-23 23:45:05,,cancelled:entry_expired,,0.622,half,0,2151.740991273854,0,2138.4019970912846,1,1,"[{""key"": ""location"", ""weight"": 2.0, ""strength"": 1.0, ""contribution"": 0.2857}, {""key"": ""reclaim"", ""weight"": 2.0, ""strength"": 1.0, ""contribution"": 0.2857}, {""key"": ""discount"", ""weight"": 1.2, ""strength"": 0.4788, ""contribution"": 0.0821}, {""key"": ""session"", ""weight"": 0.8, ""strength"": 0.1, ""contribution"": 0.0114}, {""key"": ""htf_bias"", ""weight"": 1.0, ""strength"": 1.0, ""contribution"": 0.1429}, {""key"": ""fuel"", ""note"": ""excluded: oi unavailable"", ""weight"": 0.0, ""excluded_weight"": 1.5}, {""key"": ""cleared"", ""note"": ""excluded: oi unavailable"", ""weight"": 0.0, ""excluded_weight"": 1.2}, {""key"": ""delta_flip"", ""note"": ""excluded: taker unavailable"", ""weight"": 0.0, ""excluded_weight"": 1.5}, {""key"": ""absorption"", ""note"": ""excluded: taker unavailable"", ""weight"": 0.0, ""excluded_weight"": 1.0}, {""key"": ""cohort"", ""note"": ""excluded: cohort unavailable"", ""weight"": 0.0, ""excluded_weight"": 1.0}]"
M1,ETH,adverse,2026-05-25 08:15:05,asia_high,2112.67,short,2113.5,2026-05-25 08:35:00,2116.6127838829316,2108.9076756576487,2026-05-25 08:50:00,2116.61,stop,-1.4074652723542658,0.764,full,1,2116.563486513526,0,2113.5011621711756,2,0,"[{""key"": ""location"", ""weight"": 2.0, ""strength"": 0.6, ""contribution"": 0.1714}, {""key"": ""reclaim"", ""weight"": 2.0, ""strength"": 1.0, ""contribution"": 0.2857}, {""key"": ""discount"", ""weight"": 1.2, ""strength"": 0.4373, ""contribution"": 0.075}, {""key"": ""session"", ""weight"": 0.8, ""strength"": 1.0, ""contribution"": 0.1143}, {""key"": ""htf_bias"", ""weight"": 1.0, ""strength"": 1.0, ""contribution"": 0.1429}, {""key"": ""fuel"", ""note"": ""excluded: oi unavailable"", ""weight"": 0.0, ""excluded_weight"": 1.5}, {""key"": ""cleared"", ""note"": ""excluded: oi unavailable"", ""weight"": 0.0, ""excluded_weight"": 1.2}, {""key"": ""delta_flip"", ""note"": ""excluded: taker unavailable"", ""weight"": 0.0, ""excluded_weight"": 1.5}, {""key"": ""absorption"", ""note"": ""excluded: taker unavailable"", ""weight"": 0.0, ""excluded_weight"": 1.0}, {""key"": ""cohort"", ""note"": ""excluded: cohort unavailable"", ""weight"": 0.0, ""excluded_weight"": 1.0}]"
M1,ETH,adverse,2026-05-25 15:45:05,4h_ob_top,2129.65,short,2127.64,,2131.729230537658,2123.72,2026-05-25 16:30:05,,cancelled:entry_expired_no_fvg,,0.7805,full,0,2131.729230537658,0,2127.6380768458857,1,1,"[{""key"": ""location"", ""weight"": 2.0, ""strength"": 1.0, ""contribution"": 0.2857}, {""key"": ""reclaim"", ""weight"": 2.0, ""strength"": 0.8759, ""contribution"": 0.2503}, {""key"": ""discount"", ""weight"": 1.2, ""strength"": 0.8141, ""contribution"": 0.1396}, {""key"": ""session"", ""weight"": 0.8, ""strength"": 0.6, ""contribution"": 0.0686}, {""key"": ""htf_bias"", ""weight"": 1.0, ""strength"": 1.0, ""contribution"": 0.1429}, {""key"": ""fuel"", ""note"": ""excluded: oi unavailable"", ""weight"": 0.0, ""excluded_weight"": 1.5}, {""key"": ""cleared"", ""note"": ""excluded: oi unavailable"", ""weight"": 0.0, ""excluded_weight"": 1.2}, {""key"": ""delta_flip"", ""note"": ""excluded: taker unavailable"", ""weight"": 0.0, ""excluded_weight"": 1.5}, {""key"": ""absorption"", ""note"": ""excluded: taker unavailable"", ""weight"": 0.0, ""excluded_weight"": 1.0}, {""key"": ""cohort"", ""note"": ""excluded: cohort unavailable"", ""weight"": 0.0, ""excluded_weight"": 1.0}]"
M1,ETH,adverse,2026-05-27 14:00:05,pdl,2053.0,long,2058.11,2026-05-27 14:20:00,2049.787923752557,2070.5830508316285,2026-05-27 17:05:00,2058.11,stop_be,0.4809515150339808,0.9166,full,0,2049.787923752557,0,2058.105974584186,2,0,"[{""key"": ""location"", ""weight"": 2.0, ""strength"": 0.8, ""contribution"": 0.2286}, {""key"": ""reclaim"", ""weight"": 2.0, ""strength"": 1.0, ""contribution"": 0.2857}, {""key"": ""discount"", ""weight"": 1.2, ""strength"": 0.7521, ""contribution"": 0.1289}, {""key"": ""session"", ""weight"": 0.8, ""strength"": 1.0, ""contribution"": 0.1143}, {""key"": ""htf_bias"", ""weight"": 1.0, ""strength"": 0.0, ""contribution"": 0.0}, {""key"": ""fuel"", ""note"": ""excluded: oi unavailable"", ""weight"": 0.0, ""excluded_weight"": 1.5}, {""key"": ""cleared"", ""note"": ""excluded: oi unavailable"", ""weight"": 0.0, ""excluded_weight"": 1.2}, {""key"": ""delta_flip"", ""note"": ""excluded: taker unavailable"", ""weight"": 0.0, ""excluded_weight"": 1.5}, {""key"": ""absorption"", ""note"": ""excluded: taker unavailable"", ""weight"": 0.0, ""excluded_weight"": 1.0}, {""key"": ""cohort"", ""note"": ""excluded: cohort unavailable"", ""weight"": 0.0, ""excluded_weight"": 1.0}]"
M1,ETH,adverse,2026-06-01 02:30:05,pdl,1992.84,long,1997.44,,1988.989782143017,2006.3,2026-06-01 03:15:05,,cancelled:entry_expired_no_fvg,,0.5688,half,0,1988.989782143017,0,1997.4382607143389,1,1,"[{""key"": ""location"", ""weight"": 2.0, ""strength"": 0.8, ""contribution"": 0.2286}, {""key"": ""reclaim"", ""weight"": 2.0, ""strength"": 0.6948, ""contribution"": 0.1985}, {""key"": ""discount"", ""weight"": 1.2, ""strength"": 0.829, ""contribution"": 0.1421}, {""key"": ""session"", ""weight"": 0.8, ""strength"": 0.3, ""contribution"": 0.0343}, {""key"": ""htf_bias"", ""weight"": 1.0, ""strength"": 0.3, ""contribution"": 0.0429}, {""key"": ""fuel"", ""note"": ""excluded: oi unavailable"", ""weight"": 0.0, ""excluded_weight"": 1.5}, {""key"": ""cleared"", ""note"": ""excluded: oi unavailable"", ""weight"": 0.0, ""excluded_weight"": 1.2}, {""key"": ""delta_flip"", ""note"": ""excluded: taker unavailable"", ""weight"": 0.0, ""excluded_weight"": 1.5}, {""key"": ""absorption"", ""note"": ""excluded: taker unavailable"", ""weight"": 0.0, ""excluded_weight"": 1.0}, {""key"": ""cohort"", ""note"": ""excluded: cohort unavailable"", ""weight"": 0.0, ""excluded_weight"": 1.0}]"
M1,ETH,adverse,2026-06-09 15:15:05,4h_fvg_bottom,1636.99,long,1638.5,2026-06-09 15:20:00,1631.363623589491,1643.65,2026-06-09 15:20:00,1638.5,stop_be,0.17846456630799015,0.716,full,0,1631.363623589491,0,1638.4978745298304,2,1,"[{""key"": ""location"", ""weight"": 2.0, ""strength"": 1.0, ""contribution"": 0.2857}, {""key"": ""reclaim"", ""weight"": 2.0, ""strength"": 0.8049, ""contribution"": 0.23}, {""key"": ""discount"", ""weight"": 1.2, ""strength"": 0.1387, ""contribution"": 0.0238}, {""key"": ""session"", ""weight"": 0.8, ""strength"": 0.6, ""contribution"": 0.0686}, {""key"": ""htf_bias"", ""weight"": 1.0, ""strength"": 0.3, ""contribution"": 0.0429}, {""key"": ""fuel"", ""note"": ""excluded: oi unavailable"", ""weight"": 0.0, ""excluded_weight"": 1.5}, {""key"": ""cleared"", ""note"": ""excluded: oi unavailable"", ""weight"": 0.0, ""excluded_weight"": 1.2}, {""key"": ""delta_flip"", ""note"": ""excluded: taker unavailable"", ""weight"": 0.0, ""excluded_weight"": 1.5}, {""key"": ""absorption"", ""note"": ""excluded: taker unavailable"", ""weight"": 0.0, ""excluded_weight"": 1.0}, {""key"": ""cohort"", ""note"": ""excluded: cohort unavailable"", ""weight"": 0.0, ""excluded_weight"": 1.0}]"
M1,ETH,adverse,2026-06-22 14:30:05,london_high,1774.19,short,1761.73,,1778.5288790244051,1760.926580650396,2026-06-22 16:45:05,,cancelled:entry_expired,,0.6541,half,0,1778.5288790244051,0,1771.4879596748015,2,1,"[{""key"": ""location"", ""weight"": 2.0, ""strength"": 0.6, ""contribution"": 0.1714}, {""key"": ""reclaim"", ""weight"": 2.0, ""strength"": 0.9824, ""contribution"": 0.2807}, {""key"": ""discount"", ""weight"": 1.2, ""strength"": 0.1377, ""contribution"": 0.0236}, {""key"": ""session"", ""weight"": 0.8, ""strength"": 1.0, ""contribution"": 0.1143}, {""key"": ""htf_bias"", ""weight"": 1.0, ""strength"": 0.6, ""contribution"": 0.0857}, {""key"": ""fuel"", ""note"": ""excluded: oi unavailable"", ""weight"": 0.0, ""excluded_weight"": 1.5}, {""key"": ""cleared"", ""note"": ""excluded: oi unavailable"", ""weight"": 0.0, ""excluded_weight"": 1.2}, {""key"": ""delta_flip"", ""note"": ""excluded: taker unavailable"", ""weight"": 0.0, ""excluded_weight"": 1.5}, {""key"": ""absorption"", ""note"": ""excluded: taker unavailable"", ""weight"": 0.0, ""excluded_weight"": 1.0}, {""key"": ""cohort"", ""note"": ""excluded: cohort unavailable"", ""weight"": 0.0, ""excluded_weight"": 1.0}]"
M1,ETH,adverse,2026-07-01 14:45:05,pdh,1613.56,short,1610.6,2026-07-01 15:05:00,1617.8943493035858,1604.4,2026-07-01 15:05:00,1610.6,stop_be,0.23394183376225064,0.5802,half,0,1617.8943493035858,0,1610.596449767862,1,1,"[{""key"": ""location"", ""weight"": 2.0, ""strength"": 0.8, ""contribution"": 0.2286}, {""key"": ""reclaim"", ""weight"": 2.0, ""strength"": 0.4297, ""contribution"": 0.1228}, {""key"": ""discount"", ""weight"": 1.2, ""strength"": 0.0811, ""contribution"": 0.0139}, {""key"": ""session"", ""weight"": 0.8, ""strength"": 1.0, ""contribution"": 0.1143}, {""key"": ""htf_bias"", ""weight"": 1.0, ""strength"": 0.0, ""contribution"": 0.0}, {""key"": ""fuel"", ""note"": ""excluded: oi unavailable"", ""weight"": 0.0, ""excluded_weight"": 1.5}, {""key"": ""cleared"", ""note"": ""excluded: oi unavailable"", ""weight"": 0.0, ""excluded_weight"": 1.2}, {""key"": ""delta_flip"", ""note"": ""excluded: taker unavailable"", ""weight"": 0.0, ""excluded_weight"": 1.5}, {""key"": ""absorption"", ""note"": ""excluded: taker unavailable"", ""weight"": 0.0, ""excluded_weight"": 1.0}, {""key"": ""cohort"", ""note"": ""excluded: cohort unavailable"", ""weight"": 0.0, ""excluded_weight"": 1.0}]"
M1,ETH,adverse,2026-07-05 02:45:05,4h_ob_bottom,1757.27,long,1757.21,2026-07-05 02:50:00,1755.1678211523115,1766.3631192317926,2026-07-05 06:50:00,1762.55,time_stop,2.9419186650786044,0.5959,half,0,1755.1678211523115,1,1759.645940384104,1,1,"[{""key"": ""location"", ""weight"": 2.0, ""strength"": 1.0, ""contribution"": 0.2857}, {""key"": ""reclaim"", ""weight"": 2.0, ""strength"": 0.4935, ""contribution"": 0.141}, {""key"": ""discount"", ""weight"": 1.2, ""strength"": 0.7607, ""contribution"": 0.1304}, {""key"": ""session"", ""weight"": 0.8, ""strength"": 0.3, ""contribution"": 0.0343}, {""key"": ""htf_bias"", ""weight"": 1.0, ""strength"": 0.6, ""contribution"": 0.0857}, {""key"": ""fuel"", ""note"": ""excluded: oi unavailable"", ""weight"": 0.0, ""excluded_weight"": 1.5}, {""key"": ""cleared"", ""note"": ""excluded: oi unavailable"", ""weight"": 0.0, ""excluded_weight"": 1.2}, {""key"": ""delta_flip"", ""note"": ""excluded: taker unavailable"", ""weight"": 0.0, ""excluded_weight"": 1.5}, {""key"": ""absorption"", ""note"": ""excluded: taker unavailable"", ""weight"": 0.0, ""excluded_weight"": 1.0}, {""key"": ""cohort"", ""note"": ""excluded: cohort unavailable"", ""weight"": 0.0, ""excluded_weight"": 1.0}]"
M1,ETH,adverse,2026-07-06 09:00:05,asia_low,1763.66,long,1764.79,2026-07-06 09:05:00,1761.224780062456,1771.350146625029,2026-07-06 09:20:00,1761.22,stop,-1.2966282669287086,0.7264,full,0,1761.224780062456,1,1765.2749266874853,1,1,"[{""key"": ""location"", ""weight"": 2.0, ""strength"": 0.6, ""contribution"": 0.1714}, {""key"": ""reclaim"", ""weight"": 2.0, ""strength"": 0.5522, ""contribution"": 0.1578}, {""key"": ""discount"", ""weight"": 1.2, ""strength"": 0.4149, ""contribution"": 0.0711}, {""key"": ""session"", ""weight"": 0.8, ""strength"": 1.0, ""contribution"": 0.1143}, {""key"": ""htf_bias"", ""weight"": 1.0, ""strength"": 0.6, ""contribution"": 0.0857}, {""key"": ""fuel"", ""note"": ""excluded: oi unavailable"", ""weight"": 0.0, ""excluded_weight"": 1.5}, {""key"": ""cleared"", ""note"": ""excluded: oi unavailable"", ""weight"": 0.0, ""excluded_weight"": 1.2}, {""key"": ""delta_flip"", ""note"": ""excluded: taker unavailable"", ""weight"": 0.0, ""excluded_weight"": 1.5}, {""key"": ""absorption"", ""note"": ""excluded: taker unavailable"", ""weight"": 0.0, ""excluded_weight"": 1.0}, {""key"": ""cohort"", ""note"": ""excluded: cohort unavailable"", ""weight"": 0.0, ""excluded_weight"": 1.0}]"
M1,ETH,adverse,2026-07-06 13:30:05,london_low,1734.5,long,1734.09,2026-07-06 13:35:00,1729.8736388358902,1740.42590744274,2026-07-06 13:35:00,1729.87,stop,-1.2458351838643016,0.5792,half,0,1729.8736388358902,0,1734.09454627863,1,1,"[{""key"": ""location"", ""weight"": 2.0, ""strength"": 0.6, ""contribution"": 0.1714}, {""key"": ""reclaim"", ""weight"": 2.0, ""strength"": 0.3752, ""contribution"": 0.1072}, {""key"": ""discount"", ""weight"": 1.2, ""strength"": 0.6983, ""contribution"": 0.1197}, {""key"": ""session"", ""weight"": 0.8, ""strength"": 1.0, ""contribution"": 0.1143}, {""key"": ""htf_bias"", ""weight"": 1.0, ""strength"": 0.6, ""contribution"": 0.0857}, {""key"": ""fuel"", ""note"": ""excluded: oi unavailable"", ""weight"": 0.0, ""excluded_weight"": 1.5}, {""key"": ""cleared"", ""note"": ""excluded: oi unavailable"", ""weight"": 0.0, ""excluded_weight"": 1.2}, {""key"": ""delta_flip"", ""note"": ""excluded: taker unavailable"", ""weight"": 0.0, ""excluded_weight"": 1.5}, {""key"": ""absorption"", ""note"": ""excluded: taker unavailable"", ""weight"": 0.0, ""excluded_weight"": 1.0}, {""key"": ""cohort"", ""note"": ""excluded: cohort unavailable"", ""weight"": 0.0, ""excluded_weight"": 1.0}]"
M1,ETH,adverse,2026-07-06 16:45:05,asia_high,1798.4,short,1795.26,2026-07-06 16:50:00,1806.361571058799,1785.07,2026-07-06 19:15:05,1794.54,dead_trade,-0.032129522595274115,0.6455,half,0,1806.361571058799,0,1795.2555236862663,2,1,"[{""key"": ""location"", ""weight"": 2.0, ""strength"": 0.6, ""contribution"": 0.1714}, {""key"": ""reclaim"", ""weight"": 2.0, ""strength"": 0.5813, ""contribution"": 0.1661}, {""key"": ""discount"", ""weight"": 1.2, ""strength"": 0.554, ""contribution"": 0.095}, {""key"": ""session"", ""weight"": 0.8, ""strength"": 0.6, ""contribution"": 0.0686}, {""key"": ""htf_bias"", ""weight"": 1.0, ""strength"": 0.6, ""contribution"": 0.0857}, {""key"": ""fuel"", ""note"": ""excluded: oi unavailable"", ""weight"": 0.0, ""excluded_weight"": 1.5}, {""key"": ""cleared"", ""note"": ""excluded: oi unavailable"", ""weight"": 0.0, ""excluded_weight"": 1.2}, {""key"": ""delta_flip"", ""note"": ""excluded: taker unavailable"", ""weight"": 0.0, ""excluded_weight"": 1.5}, {""key"": ""absorption"", ""note"": ""excluded: taker unavailable"", ""weight"": 0.0, ""excluded_weight"": 1.0}, {""key"": ""cohort"", ""note"": ""excluded: cohort unavailable"", ""weight"": 0.0, ""excluded_weight"": 1.0}]"
M1,ETH,adverse,2026-07-13 13:00:05,equal_lows_1h,1767.875,long,1769.56,2026-07-13 13:05:00,1765.2547095903374,1772.0,2026-07-13 13:14:59,1769.56,stop_be,0.029363571599862224,0.6314,half,0,1765.2547095903374,0,1769.5615698634458,1,1,"[{""key"": ""location"", ""weight"": 2.0, ""strength"": 0.8, ""contribution"": 0.2286}, {""key"": ""reclaim"", ""weight"": 2.0, ""strength"": 0.3961, ""contribution"": 0.1132}, {""key"": ""discount"", ""weight"": 1.2, ""strength"": 0.3114, ""contribution"": 0.0534}, {""key"": ""session"", ""weight"": 0.8, ""strength"": 1.0, ""contribution"": 0.1143}, {""key"": ""htf_bias"", ""weight"": 1.0, ""strength"": 1.0, ""contribution"": 0.1429}, {""key"": ""fuel"", ""note"": ""excluded: oi unavailable"", ""weight"": 0.0, ""excluded_weight"": 1.5}, {""key"": ""cleared"", ""note"": ""excluded: oi unavailable"", ""weight"": 0.0, ""excluded_weight"": 1.2}, {""key"": ""delta_flip"", ""note"": ""excluded: taker unavailable"", ""weight"": 0.0, ""excluded_weight"": 1.5}, {""key"": ""absorption"", ""note"": ""excluded: taker unavailable"", ""weight"": 0.0, ""excluded_weight"": 1.0}, {""key"": ""cohort"", ""note"": ""excluded: cohort unavailable"", ""weight"": 0.0, ""excluded_weight"": 1.0}]"
M1,ETH,adverse,2026-07-16 13:00:05,4h_ob_bottom,1869.13,long,1868.81,,1865.2818563079231,1873.8101170349232,2026-07-16 13:45:05,,cancelled:entry_expired_no_fvg,,1.0,full,1,1865.4723244476152,0,1868.8074414825385,1,1,"[{""key"": ""location"", ""weight"": 2.0, ""strength"": 1.0, ""contribution"": 0.2857}, {""key"": ""reclaim"", ""weight"": 2.0, ""strength"": 0.9271, ""contribution"": 0.2649}, {""key"": ""discount"", ""weight"": 1.2, ""strength"": 0.7494, ""contribution"": 0.1285}, {""key"": ""session"", ""weight"": 0.8, ""strength"": 1.0, ""contribution"": 0.1143}, {""key"": ""htf_bias"", ""weight"": 1.0, ""strength"": 1.0, ""contribution"": 0.1429}, {""key"": ""fuel"", ""note"": ""excluded: oi unavailable"", ""weight"": 0.0, ""excluded_weight"": 1.5}, {""key"": ""cleared"", ""note"": ""excluded: oi unavailable"", ""weight"": 0.0, ""excluded_weight"": 1.2}, {""key"": ""delta_flip"", ""note"": ""excluded: taker unavailable"", ""weight"": 0.0, ""excluded_weight"": 1.5}, {""key"": ""absorption"", ""note"": ""excluded: taker unavailable"", ""weight"": 0.0, ""excluded_weight"": 1.0}, {""key"": ""cohort"", ""note"": ""excluded: cohort unavailable"", ""weight"": 0.0, ""excluded_weight"": 1.0}]"
M1,ETH,adverse,2026-07-17 14:00:05,4h_fvg_bottom,1804.53,long,1805.69,,1801.2619932850776,1812.3336711432812,2026-07-17 14:45:05,,cancelled:entry_expired_no_fvg,,0.9417,full,0,1801.2619932850776,0,1805.690664428359,1,1,"[{""key"": ""location"", ""weight"": 2.0, ""strength"": 1.0, ""contribution"": 0.2857}, {""key"": ""reclaim"", ""weight"": 2.0, ""strength"": 0.4781, ""contribution"": 0.1366}, {""key"": ""discount"", ""weight"": 1.2, ""strength"": 0.5763, ""contribution"": 0.0988}, {""key"": ""session"", ""weight"": 0.8, ""strength"": 1.0, ""contribution"": 0.1143}, {""key"": ""htf_bias"", ""weight"": 1.0, ""strength"": 1.0, ""contribution"": 0.1429}, {""key"": ""fuel"", ""note"": ""excluded: oi unavailable"", ""weight"": 0.0, ""excluded_weight"": 1.5}, {""key"": ""cleared"", ""note"": ""excluded: oi unavailable"", ""weight"": 0.0, ""excluded_weight"": 1.2}, {""key"": ""delta_flip"", ""note"": ""excluded: taker unavailable"", ""weight"": 0.0, ""excluded_weight"": 1.5}, {""key"": ""absorption"", ""note"": ""excluded: taker unavailable"", ""weight"": 0.0, ""excluded_weight"": 1.0}, {""key"": ""cohort"", ""note"": ""excluded: cohort unavailable"", ""weight"": 0.0, ""excluded_weight"": 1.0}]"
M1,ETH,adverse,2026-07-23 07:30:05,4h_ob_bottom,1913.26,long,1914.8,2026-07-23 07:35:00,1911.662551060132,1923.6082992932456,2026-07-23 07:50:00,1911.66,stop,-1.3672620582215047,1.0,full,0,1911.662551060132,1,1916.4408503533773,1,1,"[{""key"": ""location"", ""weight"": 2.0, ""strength"": 1.0, ""contribution"": 0.2857}, {""key"": ""reclaim"", ""weight"": 2.0, ""strength"": 0.6076, ""contribution"": 0.1736}, {""key"": ""discount"", ""weight"": 1.2, ""strength"": 0.7706, ""contribution"": 0.1321}, {""key"": ""session"", ""weight"": 0.8, ""strength"": 1.0, ""contribution"": 0.1143}, {""key"": ""htf_bias"", ""weight"": 1.0, ""strength"": 1.0, ""contribution"": 0.1429}, {""key"": ""fuel"", ""note"": ""excluded: oi unavailable"", ""weight"": 0.0, ""excluded_weight"": 1.5}, {""key"": ""cleared"", ""note"": ""excluded: oi unavailable"", ""weight"": 0.0, ""excluded_weight"": 1.2}, {""key"": ""delta_flip"", ""note"": ""excluded: taker unavailable"", ""weight"": 0.0, ""excluded_weight"": 1.5}, {""key"": ""absorption"", ""note"": ""excluded: taker unavailable"", ""weight"": 0.0, ""excluded_weight"": 1.0}, {""key"": ""cohort"", ""note"": ""excluded: cohort unavailable"", ""weight"": 0.0, ""excluded_weight"": 1.0}]"
M1,ETH,adverse,2026-07-23 08:15:05,4h_ob_bottom,1913.26,long,1920.38,,1910.540733232532,1916.3771394122668,2026-07-23 10:30:05,,cancelled:entry_expired,,0.6194,half,1,1910.7092908815996,0,1912.9764302938665,2,1,"[{""key"": ""location"", ""weight"": 2.0, ""strength"": 1.0, ""contribution"": 0.2857}, {""key"": ""reclaim"", ""weight"": 2.0, ""strength"": 0.5239, ""contribution"": 0.1497}, {""key"": ""discount"", ""weight"": 1.2, ""strength"": 0.6261, ""contribution"": 0.1073}, {""key"": ""session"", ""weight"": 0.8, ""strength"": 1.0, ""contribution"": 0.1143}, {""key"": ""htf_bias"", ""weight"": 1.0, ""strength"": 1.0, ""contribution"": 0.1429}, {""key"": ""fuel"", ""note"": ""excluded: oi unavailable"", ""weight"": 0.0, ""excluded_weight"": 1.5}, {""key"": ""cleared"", ""note"": ""excluded: oi unavailable"", ""weight"": 0.0, ""excluded_weight"": 1.2}, {""key"": ""delta_flip"", ""note"": ""excluded: taker unavailable"", ""weight"": 0.0, ""excluded_weight"": 1.5}, {""key"": ""absorption"", ""note"": ""excluded: taker unavailable"", ""weight"": 0.0, ""excluded_weight"": 1.0}, {""key"": ""cohort"", ""note"": ""excluded: cohort unavailable"", ""weight"": 0.0, ""excluded_weight"": 1.0}]"
M1,ETH,adverse,2026-08-02 19:00:05,asia_high,1885.0,short,1880.97,,1887.7438266783463,1878.26,2026-08-02 19:45:05,,cancelled:entry_expired_no_fvg,,0.5508,half,0,1887.7438266783463,0,1880.9679422261154,1,1,"[{""key"": ""location"", ""weight"": 2.0, ""strength"": 0.6, ""contribution"": 0.1714}, {""key"": ""reclaim"", ""weight"": 2.0, ""strength"": 0.6342, ""contribution"": 0.1812}, {""key"": ""discount"", ""weight"": 1.2, ""strength"": 0.6944, ""contribution"": 0.119}, {""key"": ""session"", ""weight"": 0.8, ""strength"": 0.6, ""contribution"": 0.0686}, {""key"": ""htf_bias"", ""weight"": 1.0, ""strength"": 0.6, ""contribution"": 0.0857}, {""key"": ""fuel"", ""note"": ""excluded: oi unavailable"", ""weight"": 0.0, ""excluded_weight"": 1.5}, {""key"": ""cleared"", ""note"": ""excluded: oi unavailable"", ""weight"": 0.0, ""excluded_weight"": 1.2}, {""key"": ""delta_flip"", ""note"": ""excluded: taker unavailable"", ""weight"": 0.0, ""excluded_weight"": 1.5}, {""key"": ""absorption"", ""note"": ""excluded: taker unavailable"", ""weight"": 0.0, ""excluded_weight"": 1.0}, {""key"": ""cohort"", ""note"": ""excluded: cohort unavailable"", ""weight"": 0.0, ""excluded_weight"": 1.0}]"
M1,ETH,adverse,2026-08-07 12:30:05,equal_highs_4h,1935.7849999999999,short,1933.47,2026-08-07 12:35:00,1938.5201634105715,1928.4975,2026-08-07 12:35:00,1938.52,stop,-1.2301426708492367,0.5503,half,0,1938.5201634105715,0,1933.4700544701907,1,1,"[{""key"": ""location"", ""weight"": 2.0, ""strength"": 1.0, ""contribution"": 0.2062}, {""key"": ""reclaim"", ""weight"": 2.0, ""strength"": 0.9897, ""contribution"": 0.2041}, {""key"": ""fuel"", ""weight"": 1.5, ""strength"": 0.0275, ""contribution"": 0.0043}, {""key"": ""cleared"", ""weight"": 1.2, ""strength"": 0.0, ""contribution"": 0.0}, {""key"": ""discount"", ""weight"": 1.2, ""strength"": 0.8045, ""contribution"": 0.0995}, {""key"": ""session"", ""weight"": 0.8, ""strength"": 0.6, ""contribution"": 0.0495}, {""key"": ""htf_bias"", ""weight"": 1.0, ""strength"": 0.6, ""contribution"": 0.0619}, {""key"": ""delta_flip"", ""note"": ""excluded: taker unavailable"", ""weight"": 0.0, ""excluded_weight"": 1.5}, {""key"": ""absorption"", ""note"": ""excluded: taker unavailable"", ""weight"": 0.0, ""excluded_weight"": 1.0}, {""key"": ""cohort"", ""note"": ""excluded: cohort unavailable"", ""weight"": 0.0, ""excluded_weight"": 1.0}]"
M1,ETH,adverse,2026-08-11 16:00:05,equal_lows_4h,1855.165,long,1858.18,,1851.1484024384908,1862.25,2026-08-11 16:45:05,,cancelled:entry_expired_no_fvg,,0.6795,half,0,1851.1484024384908,0,1858.1828008128302,1,1,"[{""key"": ""location"", ""weight"": 2.0, ""strength"": 1.0, ""contribution"": 0.2062}, {""key"": ""reclaim"", ""weight"": 2.0, ""strength"": 0.8241, ""contribution"": 0.1699}, {""key"": ""fuel"", ""weight"": 1.5, ""strength"": 0.5852, ""contribution"": 0.0905}, {""key"": ""cleared"", ""weight"": 1.2, ""strength"": 1.0, ""contribution"": 0.1237}, {""key"": ""discount"", ""weight"": 1.2, ""strength"": 0.8199, ""contribution"": 0.1014}, {""key"": ""session"", ""weight"": 0.8, ""strength"": 0.6, ""contribution"": 0.0495}, {""key"": ""htf_bias"", ""weight"": 1.0, ""strength"": 0.3, ""contribution"": 0.0309}, {""key"": ""delta_flip"", ""note"": ""excluded: taker unavailable"", ""weight"": 0.0, ""excluded_weight"": 1.5}, {""key"": ""absorption"", ""note"": ""excluded: taker unavailable"", ""weight"": 0.0, ""excluded_weight"": 1.0}, {""key"": ""cohort"", ""note"": ""excluded: cohort unavailable"", ""weight"": 0.0, ""excluded_weight"": 1.0}]"
M3,BTC,adverse,2026-03-11 10:00:05,4h_fvg,69391.0,long,69347.1,,69231.99830533197,69586.08887934894,2026-03-11 10:45:05,,cancelled:entry_expired,,0.5894,half,1,69289.5618644995,0,69347.12542366702,,,"[{""key"": ""location"", ""weight"": 1.8, ""strength"": 1.0, ""contribution"": 0.2169}, {""key"": ""failure_quality"", ""weight"": 1.2, ""strength"": 0.5385, ""contribution"": 0.0779}, {""key"": ""thin_bids"", ""weight"": 1.0, ""strength"": 0.0, ""contribution"": 0.0}, {""key"": ""funding_up"", ""weight"": 0.8, ""strength"": 0.0, ""contribution"": 0.0}, {""key"": ""premium"", ""weight"": 1.0, ""strength"": 0.8077, ""contribution"": 0.0973}, {""key"": ""second_failure"", ""weight"": 1.5, ""strength"": 0.0, ""contribution"": 0.0}, {""key"": ""day_type_fit"", ""weight"": 1.0, ""strength"": 1.0, ""contribution"": 0.1205}, {""key"": ""trap"", ""note"": ""excluded: oi unavailable"", ""weight"": 0.0, ""excluded_weight"": 2.0}, {""key"": ""cvd_divergence"", ""note"": ""excluded: taker unavailable"", ""weight"": 0.0, ""excluded_weight"": 2.0}, {""key"": ""cluster_fuel"", ""note"": ""excluded: oi unavailable"", ""weight"": 0.0, ""excluded_weight"": 1.2}]"
M3,BTC,adverse,2026-03-11 10:15:05,4h_fvg,69391.0,long,,,,,,,"no_trade (trade #578 open at evaluation, its exit_ts 2026-03-11 10:45:05)",,0.5886,half,,,,,,,"[{""key"": ""location"", ""weight"": 1.8, ""strength"": 1.0, ""contribution"": 0.2169}, {""key"": ""failure_quality"", ""weight"": 1.2, ""strength"": 0.5531, ""contribution"": 0.08}, {""key"": ""thin_bids"", ""weight"": 1.0, ""strength"": 0.0, ""contribution"": 0.0}, {""key"": ""funding_up"", ""weight"": 0.8, ""strength"": 0.0, ""contribution"": 0.0}, {""key"": ""premium"", ""weight"": 1.0, ""strength"": 0.7845, ""contribution"": 0.0945}, {""key"": ""second_failure"", ""weight"": 1.5, ""strength"": 0.0, ""contribution"": 0.0}, {""key"": ""day_type_fit"", ""weight"": 1.0, ""strength"": 1.0, ""contribution"": 0.1205}, {""key"": ""trap"", ""note"": ""excluded: oi unavailable"", ""weight"": 0.0, ""excluded_weight"": 2.0}, {""key"": ""cvd_divergence"", ""note"": ""excluded: taker unavailable"", ""weight"": 0.0, ""excluded_weight"": 2.0}, {""key"": ""cluster_fuel"", ""note"": ""excluded: oi unavailable"", ""weight"": 0.0, ""excluded_weight"": 1.2}]"
M3,BTC,adverse,2026-03-11 12:45:05,4h_swing_low,69184.8,long,69146.2,2026-03-11 12:50:00,69015.9901862272,69437.42786776315,2026-03-11 18:50:00,70355.0,time_stop,5.516596149826518,0.6214,half,1,69081.12131983519,0,69146.2524534432,,,"[{""key"": ""location"", ""weight"": 1.8, ""strength"": 1.0, ""contribution"": 0.2169}, {""key"": ""failure_quality"", ""weight"": 1.2, ""strength"": 0.5957, ""contribution"": 0.0861}, {""key"": ""thin_bids"", ""weight"": 1.0, ""strength"": 0.0, ""contribution"": 0.0}, {""key"": ""funding_up"", ""weight"": 0.8, ""strength"": 0.0, ""contribution"": 0.0}, {""key"": ""premium"", ""weight"": 1.0, ""strength"": 0.9698, ""contribution"": 0.1168}, {""key"": ""second_failure"", ""weight"": 1.5, ""strength"": 0.0, ""contribution"": 0.0}, {""key"": ""day_type_fit"", ""weight"": 1.0, ""strength"": 1.0, ""contribution"": 0.1205}, {""key"": ""trap"", ""note"": ""excluded: oi unavailable"", ""weight"": 0.0, ""excluded_weight"": 2.0}, {""key"": ""cvd_divergence"", ""note"": ""excluded: taker unavailable"", ""weight"": 0.0, ""excluded_weight"": 2.0}, {""key"": ""cluster_fuel"", ""note"": ""excluded: oi unavailable"", ""weight"": 0.0, ""excluded_weight"": 1.2}]"
M3,BTC,adverse,2026-03-20 13:00:05,4h_swing_low,70256.0,long,70234.2,2026-03-20 13:05:00,70113.85568895687,71803.1,2026-03-20 13:35:00,70113.9,stop,-1.349784798623417,0.5836,half,1,70174.00838335883,0,70234.16107776079,,,"[{""key"": ""location"", ""weight"": 1.8, ""strength"": 1.0, ""contribution"": 0.2169}, {""key"": ""failure_quality"", ""weight"": 1.2, ""strength"": 0.4489, ""contribution"": 0.0649}, {""key"": ""thin_bids"", ""weight"": 1.0, ""strength"": 0.0, ""contribution"": 0.0}, {""key"": ""funding_up"", ""weight"": 0.8, ""strength"": 0.0, ""contribution"": 0.0}, {""key"": ""premium"", ""weight"": 1.0, ""strength"": 0.4908, ""contribution"": 0.0591}, {""key"": ""second_failure"", ""weight"": 1.5, ""strength"": 0.0, ""contribution"": 0.0}, {""key"": ""day_type_fit"", ""weight"": 1.0, ""strength"": 1.0, ""contribution"": 0.1205}, {""key"": ""trap"", ""note"": ""excluded: oi unavailable"", ""weight"": 0.0, ""excluded_weight"": 2.0}, {""key"": ""cvd_divergence"", ""note"": ""excluded: taker unavailable"", ""weight"": 0.0, ""excluded_weight"": 2.0}, {""key"": ""cluster_fuel"", ""note"": ""excluded: oi unavailable"", ""weight"": 0.0, ""excluded_weight"": 1.2}]"
M3,BTC,adverse,2026-03-23 15:15:05,london_high,71468.0,short,71650.0,,71888.59571616477,71264.6791349246,2026-03-23 16:00:05,,cancelled:entry_expired,,0.5882,half,1,71769.28589356178,0,71649.9760709588,,,"[{""key"": ""location"", ""weight"": 1.8, ""strength"": 0.6, ""contribution"": 0.1301}, {""key"": ""failure_quality"", ""weight"": 1.2, ""strength"": 0.6525, ""contribution"": 0.0943}, {""key"": ""thin_bids"", ""weight"": 1.0, ""strength"": 0.0, ""contribution"": 0.0}, {""key"": ""funding_up"", ""weight"": 0.8, ""strength"": 0.0, ""contribution"": 0.0}, {""key"": ""premium"", ""weight"": 1.0, ""strength"": 0.9965, ""contribution"": 0.1201}, {""key"": ""second_failure"", ""weight"": 1.5, ""strength"": 0.0, ""contribution"": 0.0}, {""key"": ""day_type_fit"", ""weight"": 1.0, ""strength"": 1.0, ""contribution"": 0.1205}, {""key"": ""trap"", ""note"": ""excluded: oi unavailable"", ""weight"": 0.0, ""excluded_weight"": 2.0}, {""key"": ""cvd_divergence"", ""note"": ""excluded: taker unavailable"", ""weight"": 0.0, ""excluded_weight"": 2.0}, {""key"": ""cluster_fuel"", ""note"": ""excluded: oi unavailable"", ""weight"": 0.0, ""excluded_weight"": 1.2}]"
M3,BTC,adverse,2026-04-01 15:15:05,4h_swing_high,68600.0,short,68628.1,2026-04-01 15:20:00,68773.1537102367,68303.72413067809,2026-04-01 15:20:00,68773.2,stop,-1.2845235511726192,0.677,half,1,68700.62014133876,0,68628.08657244084,,,"[{""key"": ""location"", ""weight"": 1.8, ""strength"": 1.0, ""contribution"": 0.2169}, {""key"": ""failure_quality"", ""weight"": 1.2, ""strength"": 0.6266, ""contribution"": 0.0906}, {""key"": ""thin_bids"", ""weight"": 1.0, ""strength"": 0.0, ""contribution"": 0.0}, {""key"": ""funding_up"", ""weight"": 0.8, ""strength"": 0.0, ""contribution"": 0.0}, {""key"": ""premium"", ""weight"": 1.0, ""strength"": 0.8903, ""contribution"": 0.1073}, {""key"": ""second_failure"", ""weight"": 1.5, ""strength"": 0.0, ""contribution"": 0.0}, {""key"": ""day_type_fit"", ""weight"": 1.0, ""strength"": 1.0, ""contribution"": 0.1205}, {""key"": ""trap"", ""note"": ""excluded: oi unavailable"", ""weight"": 0.0, ""excluded_weight"": 2.0}, {""key"": ""cvd_divergence"", ""note"": ""excluded: taker unavailable"", ""weight"": 0.0, ""excluded_weight"": 2.0}, {""key"": ""cluster_fuel"", ""note"": ""excluded: oi unavailable"", ""weight"": 0.0, ""excluded_weight"": 1.2}]"
M3,BTC,adverse,2026-04-02 11:15:05,4h_swing_low,66200.1,long,66210.4,2026-04-02 11:20:00,66116.96570062781,66505.41686717817,2026-04-02 11:20:00,66117.0,stop,-1.42461184348272,0.6434,half,1,66163.67463773543,0,66210.38357484304,,,"[{""key"": ""location"", ""weight"": 1.8, ""strength"": 1.0, ""contribution"": 0.2169}, {""key"": ""failure_quality"", ""weight"": 1.2, ""strength"": 0.8671, ""contribution"": 0.1254}, {""key"": ""thin_bids"", ""weight"": 1.0, ""strength"": 0.0, ""contribution"": 0.0}, {""key"": ""funding_up"", ""weight"": 0.8, ""strength"": 0.0, ""contribution"": 0.0}, {""key"": ""premium"", ""weight"": 1.0, ""strength"": 0.8032, ""contribution"": 0.0968}, {""key"": ""second_failure"", ""weight"": 1.5, ""strength"": 0.0, ""contribution"": 0.0}, {""key"": ""day_type_fit"", ""weight"": 1.0, ""strength"": 1.0, ""contribution"": 0.1205}, {""key"": ""trap"", ""note"": ""excluded: oi unavailable"", ""weight"": 0.0, ""excluded_weight"": 2.0}, {""key"": ""cvd_divergence"", ""note"": ""excluded: taker unavailable"", ""weight"": 0.0, ""excluded_weight"": 2.0}, {""key"": ""cluster_fuel"", ""note"": ""excluded: oi unavailable"", ""weight"": 0.0, ""excluded_weight"": 1.2}]"
M3,BTC,adverse,2026-05-12 16:30:05,4h_swing_low,80225.1,long,80156.7,2026-05-12 16:50:00,80034.80086763506,80495.37485376574,2026-05-12 16:50:00,80034.8,stop,-1.3943850442804555,0.6064,half,1,80095.73782536315,0,80156.67478309124,,,"[{""key"": ""location"", ""weight"": 1.8, ""strength"": 1.0, ""contribution"": 0.2169}, {""key"": ""failure_quality"", ""weight"": 1.2, ""strength"": 1.0, ""contribution"": 0.1446}, {""key"": ""thin_bids"", ""weight"": 1.0, ""strength"": 0.0, ""contribution"": 0.0}, {""key"": ""funding_up"", ""weight"": 0.8, ""strength"": 0.0, ""contribution"": 0.0}, {""key"": ""premium"", ""weight"": 1.0, ""strength"": 0.9734, ""contribution"": 0.1173}, {""key"": ""second_failure"", ""weight"": 1.5, ""strength"": 0.0, ""contribution"": 0.0}, {""key"": ""day_type_fit"", ""weight"": 1.0, ""strength"": 1.0, ""contribution"": 0.1205}, {""key"": ""trap"", ""note"": ""excluded: oi unavailable"", ""weight"": 0.0, ""excluded_weight"": 2.0}, {""key"": ""cvd_divergence"", ""note"": ""excluded: taker unavailable"", ""weight"": 0.0, ""excluded_weight"": 2.0}, {""key"": ""cluster_fuel"", ""note"": ""excluded: oi unavailable"", ""weight"": 0.0, ""excluded_weight"": 1.2}]"
M3,BTC,adverse,2026-06-08 14:00:05,asia_high,63849.5,short,63884.0,2026-06-08 14:35:00,64063.95201061649,63644.19100824367,2026-06-08 14:50:00,64064.0,stop,-1.2138011775709285,0.6693,half,1,63973.98200398118,0,63884.01199734588,,,"[{""key"": ""location"", ""weight"": 1.8, ""strength"": 0.6, ""contribution"": 0.1301}, {""key"": ""failure_quality"", ""weight"": 1.2, ""strength"": 0.6263, ""contribution"": 0.0906}, {""key"": ""thin_bids"", ""weight"": 1.0, ""strength"": 0.0, ""contribution"": 0.0}, {""key"": ""funding_up"", ""weight"": 0.8, ""strength"": 0.0, ""contribution"": 0.0}, {""key"": ""premium"", ""weight"": 1.0, ""strength"": 0.6584, ""contribution"": 0.0793}, {""key"": ""second_failure"", ""weight"": 1.5, ""strength"": 1.0, ""contribution"": 0.1807}, {""key"": ""day_type_fit"", ""weight"": 1.0, ""strength"": 1.0, ""contribution"": 0.1205}, {""key"": ""trap"", ""note"": ""excluded: oi unavailable"", ""weight"": 0.0, ""excluded_weight"": 2.0}, {""key"": ""cvd_divergence"", ""note"": ""excluded: taker unavailable"", ""weight"": 0.0, ""excluded_weight"": 2.0}, {""key"": ""cluster_fuel"", ""note"": ""excluded: oi unavailable"", ""weight"": 0.0, ""excluded_weight"": 1.2}]"
M3,BTC,adverse,2026-07-06 18:30:05,asia_high,63900.0,short,63893.2,,64047.35273754074,63200.399999999994,2026-07-06 19:15:05,,cancelled:entry_expired,,0.7802,full,1,63970.25727657778,0,63893.16181561481,,,"[{""key"": ""location"", ""weight"": 1.8, ""strength"": 0.8, ""contribution"": 0.1735}, {""key"": ""failure_quality"", ""weight"": 1.2, ""strength"": 1.0, ""contribution"": 0.1446}, {""key"": ""thin_bids"", ""weight"": 1.0, ""strength"": 0.0, ""contribution"": 0.0}, {""key"": ""funding_up"", ""weight"": 0.8, ""strength"": 0.0, ""contribution"": 0.0}, {""key"": ""premium"", ""weight"": 1.0, ""strength"": 0.6768, ""contribution"": 0.0815}, {""key"": ""second_failure"", ""weight"": 1.5, ""strength"": 1.0, ""contribution"": 0.1807}, {""key"": ""day_type_fit"", ""weight"": 1.0, ""strength"": 1.0, ""contribution"": 0.1205}, {""key"": ""trap"", ""note"": ""excluded: oi unavailable"", ""weight"": 0.0, ""excluded_weight"": 2.0}, {""key"": ""cvd_divergence"", ""note"": ""excluded: taker unavailable"", ""weight"": 0.0, ""excluded_weight"": 2.0}, {""key"": ""cluster_fuel"", ""note"": ""excluded: oi unavailable"", ""weight"": 0.0, ""excluded_weight"": 1.2}]"
M3,ETH,adverse,2026-04-06 15:00:05,4h_swing_high,2157.99,short,2157.26,2026-04-06 15:05:00,2162.7411479384486,2148.244518742972,2026-04-06 15:05:00,2162.74,stop,-1.2374513885782539,0.5899,half,1,2160.002930476918,0,2157.264713015388,,,"[{""key"": ""location"", ""weight"": 1.8, ""strength"": 1.0, ""contribution"": 0.2169}, {""key"": ""failure_quality"", ""weight"": 1.2, ""strength"": 1.0, ""contribution"": 0.1446}, {""key"": ""thin_bids"", ""weight"": 1.0, ""strength"": 0.0, ""contribution"": 0.0}, {""key"": ""funding_up"", ""weight"": 0.8, ""strength"": 0.0, ""contribution"": 0.0}, {""key"": ""premium"", ""weight"": 1.0, ""strength"": 0.8383, ""contribution"": 0.101}, {""key"": ""second_failure"", ""weight"": 1.5, ""strength"": 0.0, ""contribution"": 0.0}, {""key"": ""day_type_fit"", ""weight"": 1.0, ""strength"": 1.0, ""contribution"": 0.1205}, {""key"": ""trap"", ""note"": ""excluded: oi unavailable"", ""weight"": 0.0, ""excluded_weight"": 2.0}, {""key"": ""cvd_divergence"", ""note"": ""excluded: taker unavailable"", ""weight"": 0.0, ""excluded_weight"": 2.0}, {""key"": ""cluster_fuel"", ""note"": ""excluded: oi unavailable"", ""weight"": 0.0, ""excluded_weight"": 1.2}]"
M3,ETH,adverse,2026-04-06 16:15:05,4h_swing_high,2167.2,short,2168.08,,2173.2194071992144,2152.790378862067,2026-04-06 17:00:05,,cancelled:entry_expired,,0.7558,full,1,2170.6510276997055,0,2168.0826482001967,,,"[{""key"": ""location"", ""weight"": 1.8, ""strength"": 1.0, ""contribution"": 0.2169}, {""key"": ""failure_quality"", ""weight"": 1.2, ""strength"": 0.2998, ""contribution"": 0.0433}, {""key"": ""thin_bids"", ""weight"": 1.0, ""strength"": 0.0, ""contribution"": 0.0}, {""key"": ""funding_up"", ""weight"": 0.8, ""strength"": 0.0, ""contribution"": 0.0}, {""key"": ""premium"", ""weight"": 1.0, ""strength"": 0.9756, ""contribution"": 0.1175}, {""key"": ""second_failure"", ""weight"": 1.5, ""strength"": 1.0, ""contribution"": 0.1807}, {""key"": ""day_type_fit"", ""weight"": 1.0, ""strength"": 1.0, ""contribution"": 0.1205}, {""key"": ""trap"", ""note"": ""excluded: oi unavailable"", ""weight"": 0.0, ""excluded_weight"": 2.0}, {""key"": ""cvd_divergence"", ""note"": ""excluded: taker unavailable"", ""weight"": 0.0, ""excluded_weight"": 2.0}, {""key"": ""cluster_fuel"", ""note"": ""excluded: oi unavailable"", ""weight"": 0.0, ""excluded_weight"": 1.2}]"
M3,ETH,adverse,2026-05-06 17:30:05,4h_swing_low,2352.42,long,2350.24,2026-05-06 17:35:00,2345.174607038793,2366.691374443956,2026-05-06 18:00:05,2348.35,thesis_failed,-0.6508456332710977,0.604,half,1,2347.7092276395474,0,2350.2438482403018,,,"[{""key"": ""location"", ""weight"": 1.8, ""strength"": 1.0, ""contribution"": 0.2169}, {""key"": ""failure_quality"", ""weight"": 1.2, ""strength"": 0.9646, ""contribution"": 0.1395}, {""key"": ""thin_bids"", ""weight"": 1.0, ""strength"": 0.0, ""contribution"": 0.0}, {""key"": ""funding_up"", ""weight"": 0.8, ""strength"": 0.0, ""contribution"": 0.0}, {""key"": ""premium"", ""weight"": 1.0, ""strength"": 0.9961, ""contribution"": 0.12}, {""key"": ""second_failure"", ""weight"": 1.5, ""strength"": 0.0, ""contribution"": 0.0}, {""key"": ""day_type_fit"", ""weight"": 1.0, ""strength"": 1.0, ""contribution"": 0.1205}, {""key"": ""trap"", ""note"": ""excluded: oi unavailable"", ""weight"": 0.0, ""excluded_weight"": 2.0}, {""key"": ""cvd_divergence"", ""note"": ""excluded: taker unavailable"", ""weight"": 0.0, ""excluded_weight"": 2.0}, {""key"": ""cluster_fuel"", ""note"": ""excluded: oi unavailable"", ""weight"": 0.0, ""excluded_weight"": 1.2}]"
M3,ETH,adverse,2026-05-16 13:45:05,equal_lows_4h,2173.7633333333333,long,2172.01,,2168.9667268096414,2174.991831322906,2026-05-16 14:30:05,,cancelled:entry_expired,,0.6061,half,1,2170.4875225536157,0,2172.0083182975895,,,"[{""key"": ""location"", ""weight"": 1.8, ""strength"": 1.0, ""contribution"": 0.2169}, {""key"": ""failure_quality"", ""weight"": 1.2, ""strength"": 1.0, ""contribution"": 0.1446}, {""key"": ""thin_bids"", ""weight"": 1.0, ""strength"": 0.0, ""contribution"": 0.0}, {""key"": ""funding_up"", ""weight"": 0.8, ""strength"": 0.0, ""contribution"": 0.0}, {""key"": ""premium"", ""weight"": 1.0, ""strength"": 0.9709, ""contribution"": 0.117}, {""key"": ""second_failure"", ""weight"": 1.5, ""strength"": 0.0, ""contribution"": 0.0}, {""key"": ""day_type_fit"", ""weight"": 1.0, ""strength"": 1.0, ""contribution"": 0.1205}, {""key"": ""trap"", ""note"": ""excluded: oi unavailable"", ""weight"": 0.0, ""excluded_weight"": 2.0}, {""key"": ""cvd_divergence"", ""note"": ""excluded: taker unavailable"", ""weight"": 0.0, ""excluded_weight"": 2.0}, {""key"": ""cluster_fuel"", ""note"": ""excluded: oi unavailable"", ""weight"": 0.0, ""excluded_weight"": 1.2}]"
M3,ETH,adverse,2026-08-05 15:45:05,4h_swing_high,1881.72,short,1881.38,2026-08-05 16:05:00,1884.827556178676,1871.4629210054652,2026-08-05 16:20:00,1884.83,stop,-1.3288231182144012,0.5562,half,1,1883.1040835670035,0,1881.380610955331,,,"[{""key"": ""location"", ""weight"": 1.8, ""strength"": 1.0, ""contribution"": 0.2169}, {""key"": ""failure_quality"", ""weight"": 1.2, ""strength"": 1.0, ""contribution"": 0.1446}, {""key"": ""thin_bids"", ""weight"": 1.0, ""strength"": 0.0, ""contribution"": 0.0}, {""key"": ""funding_up"", ""weight"": 0.8, ""strength"": 0.0, ""contribution"": 0.0}, {""key"": ""premium"", ""weight"": 1.0, ""strength"": 0.5621, ""contribution"": 0.0677}, {""key"": ""second_failure"", ""weight"": 1.5, ""strength"": 0.0, ""contribution"": 0.0}, {""key"": ""day_type_fit"", ""weight"": 1.0, ""strength"": 1.0, ""contribution"": 0.1205}, {""key"": ""trap"", ""note"": ""excluded: oi unavailable"", ""weight"": 0.0, ""excluded_weight"": 2.0}, {""key"": ""cvd_divergence"", ""note"": ""excluded: taker unavailable"", ""weight"": 0.0, ""excluded_weight"": 2.0}, {""key"": ""cluster_fuel"", ""note"": ""excluded: oi unavailable"", ""weight"": 0.0, ""excluded_weight"": 1.2}]"
M5,BTC,adverse,2026-03-11 13:30:05,asia_low,69329.7,long,69608.1,,69247.36431292928,69789.4,2026-03-11 14:15:05,,cancelled:entry_expired,,0.9111,full,0,69247.36431292928,0,69608.1214376431,1,1,"[{""key"": ""bias_alignment"", ""weight"": 2.0, ""strength"": 1.0, ""contribution"": 0.2353}, {""key"": ""range_quality"", ""weight"": 1.5, ""strength"": 0.6, ""contribution"": 0.1059}, {""key"": ""reclaim"", ""weight"": 1.8, ""strength"": 0.8852, ""contribution"": 0.1875}, {""key"": ""early_in_window"", ""weight"": 1.0, ""strength"": 1.0, ""contribution"": 0.1176}, {""key"": ""open_location"", ""weight"": 1.0, ""strength"": 0.3, ""contribution"": 0.0353}, {""key"": ""no_pre_drift"", ""weight"": 1.2, ""strength"": 0.7597, ""contribution"": 0.1073}, {""key"": ""fuel"", ""note"": ""excluded: oi unavailable"", ""weight"": 0.0, ""excluded_weight"": 1.3}, {""key"": ""cleared"", ""note"": ""excluded: oi unavailable"", ""weight"": 0.0, ""excluded_weight"": 1.0}, {""key"": ""delta_flip"", ""note"": ""excluded: taker unavailable"", ""weight"": 0.0, ""excluded_weight"": 1.3}, {""key"": ""cohort"", ""note"": ""excluded: cohort unavailable"", ""weight"": 0.0, ""excluded_weight"": 0.8}]"
M5,BTC,adverse,2026-03-21 07:45:05,asia_high,70803.1,short,70784.9,,70866.99512387482,70603.15,2026-03-21 08:30:05,,cancelled:entry_expired,,0.6255,half,0,70866.99512387482,0,70784.93170795827,2,0,"[{""key"": ""bias_alignment"", ""weight"": 2.0, ""strength"": 0.2, ""contribution"": 0.0471}, {""key"": ""range_quality"", ""weight"": 1.5, ""strength"": 0.6, ""contribution"": 0.1059}, {""key"": ""reclaim"", ""weight"": 1.8, ""strength"": 1.0, ""contribution"": 0.2118}, {""key"": ""early_in_window"", ""weight"": 1.0, ""strength"": 1.0, ""contribution"": 0.1176}, {""key"": ""open_location"", ""weight"": 1.0, ""strength"": 0.7, ""contribution"": 0.0824}, {""key"": ""no_pre_drift"", ""weight"": 1.2, ""strength"": 0.4307, ""contribution"": 0.0608}, {""key"": ""fuel"", ""note"": ""excluded: oi unavailable"", ""weight"": 0.0, ""excluded_weight"": 1.3}, {""key"": ""cleared"", ""note"": ""excluded: oi unavailable"", ""weight"": 0.0, ""excluded_weight"": 1.0}, {""key"": ""delta_flip"", ""note"": ""excluded: taker unavailable"", ""weight"": 0.0, ""excluded_weight"": 1.3}, {""key"": ""cohort"", ""note"": ""excluded: cohort unavailable"", ""weight"": 0.0, ""excluded_weight"": 0.8}]"
M5,BTC,adverse,2026-04-15 14:15:05,asia_low,73822.0,long,73918.0,2026-04-15 14:35:00,73733.60246605128,74280.6,2026-04-15 14:35:00,73918.0,stop_be,0.5940807051739604,0.7768,full,0,73733.60246605128,0,73917.98415535042,1,1,"[{""key"": ""bias_alignment"", ""weight"": 2.0, ""strength"": 0.6, ""contribution"": 0.1412}, {""key"": ""range_quality"", ""weight"": 1.5, ""strength"": 0.6, ""contribution"": 0.1059}, {""key"": ""reclaim"", ""weight"": 1.8, ""strength"": 0.4537, ""contribution"": 0.0961}, {""key"": ""early_in_window"", ""weight"": 1.0, ""strength"": 0.6, ""contribution"": 0.0706}, {""key"": ""open_location"", ""weight"": 1.0, ""strength"": 1.0, ""contribution"": 0.1176}, {""key"": ""no_pre_drift"", ""weight"": 1.2, ""strength"": 1.0, ""contribution"": 0.1412}, {""key"": ""fuel"", ""note"": ""excluded: oi unavailable"", ""weight"": 0.0, ""excluded_weight"": 1.3}, {""key"": ""cleared"", ""note"": ""excluded: oi unavailable"", ""weight"": 0.0, ""excluded_weight"": 1.0}, {""key"": ""delta_flip"", ""note"": ""excluded: taker unavailable"", ""weight"": 0.0, ""excluded_weight"": 1.3}, {""key"": ""cohort"", ""note"": ""excluded: cohort unavailable"", ""weight"": 0.0, ""excluded_weight"": 0.8}]"
M5,BTC,adverse,2026-07-03 09:00:05,asia_high,61825.1,short,61692.9,2026-07-03 09:20:00,61897.87960980149,61527.05,2026-07-03 10:35:00,61897.9,stop,-1.1809968807767042,0.7765,full,0,61897.87960980149,0,61692.8765366005,2,0,"[{""key"": ""bias_alignment"", ""weight"": 2.0, ""strength"": 1.0, ""contribution"": 0.2353}, {""key"": ""range_quality"", ""weight"": 1.5, ""strength"": 0.6, ""contribution"": 0.1059}, {""key"": ""reclaim"", ""weight"": 1.8, ""strength"": 1.0, ""contribution"": 0.2118}, {""key"": ""early_in_window"", ""weight"": 1.0, ""strength"": 0.3, ""contribution"": 0.0353}, {""key"": ""open_location"", ""weight"": 1.0, ""strength"": 1.0, ""contribution"": 0.1176}, {""key"": ""no_pre_drift"", ""weight"": 1.2, ""strength"": 0.0, ""contribution"": 0.0}, {""key"": ""fuel"", ""note"": ""excluded: oi unavailable"", ""weight"": 0.0, ""excluded_weight"": 1.3}, {""key"": ""cleared"", ""note"": ""excluded: oi unavailable"", ""weight"": 0.0, ""excluded_weight"": 1.0}, {""key"": ""delta_flip"", ""note"": ""excluded: taker unavailable"", ""weight"": 0.0, ""excluded_weight"": 1.3}, {""key"": ""cohort"", ""note"": ""excluded: cohort unavailable"", ""weight"": 0.0, ""excluded_weight"": 0.8}]"
M5,BTC,adverse,2026-08-06 15:00:05,asia_low,64386.3,long,64565.0,,64308.83611752899,64679.0,2026-08-06 15:45:05,,cancelled:entry_expired,,0.6641,half,0,64308.83611752899,0,64564.995372509664,1,1,"[{""key"": ""bias_alignment"", ""weight"": 2.0, ""strength"": 0.6, ""contribution"": 0.1412}, {""key"": ""range_quality"", ""weight"": 1.5, ""strength"": 0.6, ""contribution"": 0.1059}, {""key"": ""reclaim"", ""weight"": 1.8, ""strength"": 0.9928, ""contribution"": 0.2102}, {""key"": ""early_in_window"", ""weight"": 1.0, ""strength"": 0.3, ""contribution"": 0.0353}, {""key"": ""open_location"", ""weight"": 1.0, ""strength"": 0.7, ""contribution"": 0.0824}, {""key"": ""no_pre_drift"", ""weight"": 1.2, ""strength"": 0.0, ""contribution"": 0.0}, {""key"": ""fuel"", ""note"": ""excluded: oi unavailable"", ""weight"": 0.0, ""excluded_weight"": 1.3}, {""key"": ""cleared"", ""note"": ""excluded: oi unavailable"", ""weight"": 0.0, ""excluded_weight"": 1.0}, {""key"": ""delta_flip"", ""note"": ""excluded: taker unavailable"", ""weight"": 0.0, ""excluded_weight"": 1.3}, {""key"": ""cohort"", ""note"": ""excluded: cohort unavailable"", ""weight"": 0.0, ""excluded_weight"": 0.8}]"
M5,ETH,adverse,2026-03-11 08:45:05,asia_low,2010.0,long,2016.89,2026-03-11 08:50:00,2007.3261286376855,2025.5,2026-03-11 10:05:00,2016.89,stop_be,0.25886068037080584,0.9405,full,0,2007.3261286376855,0,2016.8887095458952,2,0,"[{""key"": ""bias_alignment"", ""weight"": 2.0, ""strength"": 1.0, ""contribution"": 0.2353}, {""key"": ""range_quality"", ""weight"": 1.5, ""strength"": 0.6, ""contribution"": 0.1059}, {""key"": ""reclaim"", ""weight"": 1.8, ""strength"": 0.8708, ""contribution"": 0.1844}, {""key"": ""early_in_window"", ""weight"": 1.0, ""strength"": 0.6, ""contribution"": 0.0706}, {""key"": ""open_location"", ""weight"": 1.0, ""strength"": 1.0, ""contribution"": 0.1176}, {""key"": ""no_pre_drift"", ""weight"": 1.2, ""strength"": 1.0, ""contribution"": 0.1412}, {""key"": ""fuel"", ""note"": ""excluded: oi unavailable"", ""weight"": 0.0, ""excluded_weight"": 1.3}, {""key"": ""cleared"", ""note"": ""excluded: oi unavailable"", ""weight"": 0.0, ""excluded_weight"": 1.0}, {""key"": ""delta_flip"", ""note"": ""excluded: taker unavailable"", ""weight"": 0.0, ""excluded_weight"": 1.3}, {""key"": ""cohort"", ""note"": ""excluded: cohort unavailable"", ""weight"": 0.0, ""excluded_weight"": 0.8}]"
M5,ETH,adverse,2026-03-21 07:45:05,asia_high,2159.0,short,2157.58,,2161.3155655847177,2150.94,2026-03-21 08:30:05,,cancelled:entry_expired,,0.6658,half,0,2161.3155655847177,0,2157.581855194906,2,0,"[{""key"": ""bias_alignment"", ""weight"": 2.0, ""strength"": 0.2, ""contribution"": 0.0471}, {""key"": ""range_quality"", ""weight"": 1.5, ""strength"": 0.6, ""contribution"": 0.1059}, {""key"": ""reclaim"", ""weight"": 1.8, ""strength"": 0.8861, ""contribution"": 0.1876}, {""key"": ""early_in_window"", ""weight"": 1.0, ""strength"": 1.0, ""contribution"": 0.1176}, {""key"": ""open_location"", ""weight"": 1.0, ""strength"": 1.0, ""contribution"": 0.1176}, {""key"": ""no_pre_drift"", ""weight"": 1.2, ""strength"": 0.6367, ""contribution"": 0.0899}, {""key"": ""fuel"", ""note"": ""excluded: oi unavailable"", ""weight"": 0.0, ""excluded_weight"": 1.3}, {""key"": ""cleared"", ""note"": ""excluded: oi unavailable"", ""weight"": 0.0, ""excluded_weight"": 1.0}, {""key"": ""delta_flip"", ""note"": ""excluded: taker unavailable"", ""weight"": 0.0, ""excluded_weight"": 1.3}, {""key"": ""cohort"", ""note"": ""excluded: cohort unavailable"", ""weight"": 0.0, ""excluded_weight"": 0.8}]"
M5,ETH,adverse,2026-05-25 08:15:05,asia_high,2112.67,short,2113.5,2026-05-25 08:35:00,2116.6127838829316,2101.755,2026-05-25 08:50:00,2116.61,stop,-1.4074652723542658,0.8561,full,1,2116.563486513526,0,2113.5011621711756,2,0,"[{""key"": ""bias_alignment"", ""weight"": 2.0, ""strength"": 1.0, ""contribution"": 0.2353}, {""key"": ""range_quality"", ""weight"": 1.5, ""strength"": 0.6, ""contribution"": 0.1059}, {""key"": ""reclaim"", ""weight"": 1.8, ""strength"": 1.0, ""contribution"": 0.2118}, {""key"": ""early_in_window"", ""weight"": 1.0, ""strength"": 0.6, ""contribution"": 0.0706}, {""key"": ""open_location"", ""weight"": 1.0, ""strength"": 1.0, ""contribution"": 0.1176}, {""key"": ""no_pre_drift"", ""weight"": 1.2, ""strength"": 0.0, ""contribution"": 0.0}, {""key"": ""fuel"", ""note"": ""excluded: oi unavailable"", ""weight"": 0.0, ""excluded_weight"": 1.3}, {""key"": ""cleared"", ""note"": ""excluded: oi unavailable"", ""weight"": 0.0, ""excluded_weight"": 1.0}, {""key"": ""delta_flip"", ""note"": ""excluded: taker unavailable"", ""weight"": 0.0, ""excluded_weight"": 1.3}, {""key"": ""cohort"", ""note"": ""excluded: cohort unavailable"", ""weight"": 0.0, ""excluded_weight"": 0.8}]"
M5,ETH,adverse,2026-05-27 14:00:05,asia_low,2055.0,long,2058.11,2026-05-27 14:20:00,2049.787923752557,2069.27,2026-05-27 17:00:00,2069.33,time_stop,1.226778773844288,0.7943,full,0,2049.787923752557,0,2058.105974584186,2,0,"[{""key"": ""bias_alignment"", ""weight"": 2.0, ""strength"": 0.2, ""contribution"": 0.0471}, {""key"": ""range_quality"", ""weight"": 1.5, ""strength"": 0.6, ""contribution"": 0.1059}, {""key"": ""reclaim"", ""weight"": 1.8, ""strength"": 1.0, ""contribution"": 0.2118}, {""key"": ""early_in_window"", ""weight"": 1.0, ""strength"": 1.0, ""contribution"": 0.1176}, {""key"": ""open_location"", ""weight"": 1.0, ""strength"": 1.0, ""contribution"": 0.1176}, {""key"": ""no_pre_drift"", ""weight"": 1.2, ""strength"": 0.6213, ""contribution"": 0.0877}, {""key"": ""fuel"", ""note"": ""excluded: oi unavailable"", ""weight"": 0.0, ""excluded_weight"": 1.3}, {""key"": ""cleared"", ""note"": ""excluded: oi unavailable"", ""weight"": 0.0, ""excluded_weight"": 1.0}, {""key"": ""delta_flip"", ""note"": ""excluded: taker unavailable"", ""weight"": 0.0, ""excluded_weight"": 1.3}, {""key"": ""cohort"", ""note"": ""excluded: cohort unavailable"", ""weight"": 0.0, ""excluded_weight"": 0.8}]"
M5,ETH,adverse,2026-08-01 07:30:05,asia_high,1870.32,short,1869.62,,1871.5499710533136,1865.815,2026-08-01 08:15:05,,cancelled:entry_expired,,0.6868,half,0,1871.5499710533136,0,1869.6233236844378,2,0,"[{""key"": ""bias_alignment"", ""weight"": 2.0, ""strength"": 0.2, ""contribution"": 0.0471}, {""key"": ""range_quality"", ""weight"": 1.5, ""strength"": 0.6, ""contribution"": 0.1059}, {""key"": ""reclaim"", ""weight"": 1.8, ""strength"": 1.0, ""contribution"": 0.2118}, {""key"": ""early_in_window"", ""weight"": 1.0, ""strength"": 1.0, ""contribution"": 0.1176}, {""key"": ""open_location"", ""weight"": 1.0, ""strength"": 0.7, ""contribution"": 0.0824}, {""key"": ""no_pre_drift"", ""weight"": 1.2, ""strength"": 0.8647, ""contribution"": 0.1221}, {""key"": ""fuel"", ""note"": ""excluded: oi unavailable"", ""weight"": 0.0, ""excluded_weight"": 1.3}, {""key"": ""cleared"", ""note"": ""excluded: oi unavailable"", ""weight"": 0.0, ""excluded_weight"": 1.0}, {""key"": ""delta_flip"", ""note"": ""excluded: taker unavailable"", ""weight"": 0.0, ""excluded_weight"": 1.3}, {""key"": ""cohort"", ""note"": ""excluded: cohort unavailable"", ""weight"": 0.0, ""excluded_weight"": 0.8}]"
M5,ETH,adverse,2026-08-19 08:00:05,asia_high,1918.42,short,1917.52,2026-08-19 08:35:00,1921.3014470458395,1911.81,2026-08-19 08:35:00,1921.3,stop,-1.3039105652959013,0.5558,half,0,1921.3014470458395,0,1917.5188156819463,2,0,"[{""key"": ""bias_alignment"", ""weight"": 2.0, ""strength"": 0.6, ""contribution"": 0.1111}, {""key"": ""range_quality"", ""weight"": 1.5, ""strength"": 0.6, ""contribution"": 0.0833}, {""key"": ""reclaim"", ""weight"": 1.8, ""strength"": 0.9038, ""contribution"": 0.1506}, {""key"": ""fuel"", ""weight"": 1.3, ""strength"": 0.0, ""contribution"": 0.0}, {""key"": ""cleared"", ""weight"": 1.0, ""strength"": 0.0, ""contribution"": 0.0}, {""key"": ""early_in_window"", ""weight"": 1.0, ""strength"": 1.0, ""contribution"": 0.0926}, {""key"": ""open_location"", ""weight"": 1.0, ""strength"": 0.7, ""contribution"": 0.0648}, {""key"": ""no_pre_drift"", ""weight"": 1.2, ""strength"": 0.0248, ""contribution"": 0.0028}, {""key"": ""delta_flip"", ""note"": ""excluded: taker unavailable"", ""weight"": 0.0, ""excluded_weight"": 1.3}, {""key"": ""cohort"", ""note"": ""excluded: cohort unavailable"", ""weight"": 0.0, ""excluded_weight"": 0.8}]"
M5,ETH,adverse,2026-08-24 07:30:05,asia_high,2466.36,short,2464.88,,2475.7953886958367,2444.705,2026-08-24 08:15:05,,cancelled:entry_expired,,0.627,half,0,2475.7953886958367,0,2464.875129565279,2,0,"[{""key"": ""bias_alignment"", ""weight"": 2.0, ""strength"": 0.6, ""contribution"": 0.1111}, {""key"": ""range_quality"", ""weight"": 1.5, ""strength"": 0.6, ""contribution"": 0.0833}, {""key"": ""reclaim"", ""weight"": 1.8, ""strength"": 0.9792, ""contribution"": 0.1632}, {""key"": ""fuel"", ""weight"": 1.3, ""strength"": 0.0, ""contribution"": 0.0}, {""key"": ""cleared"", ""weight"": 1.0, ""strength"": 0.0, ""contribution"": 0.0}, {""key"": ""early_in_window"", ""weight"": 1.0, ""strength"": 1.0, ""contribution"": 0.0926}, {""key"": ""open_location"", ""weight"": 1.0, ""strength"": 1.0, ""contribution"": 0.0926}, {""key"": ""no_pre_drift"", ""weight"": 1.2, ""strength"": 0.0, ""contribution"": 0.0}, {""key"": ""delta_flip"", ""note"": ""excluded: taker unavailable"", ""weight"": 0.0, ""excluded_weight"": 1.3}, {""key"": ""cohort"", ""note"": ""excluded: cohort unavailable"", ""weight"": 0.0, ""excluded_weight"": 0.8}]"
M6,BTC,adverse,2026-04-07 11:00:05,weekly_open,68997.9,short,68174.8,2026-04-07 15:20:00,69307.25587680696,68480.83144562173,2026-04-07 15:20:00,68174.8,stop_be,-0.469355812463437,0.7183,full,0,69307.25587680696,0,68976.68610433287,,,"[{""key"": ""loss_depth"", ""weight"": 1.8, ""strength"": 0.6698, ""contribution"": 0.1418}, {""key"": ""funding_room"", ""weight"": 1.2, ""strength"": 0.0, ""contribution"": 0.0}, {""key"": ""reward"", ""weight"": 1.2, ""strength"": 1.0, ""contribution"": 0.1412}, {""key"": ""timing"", ""weight"": 1.0, ""strength"": 1.0, ""contribution"": 0.1176}, {""key"": ""htf_bias"", ""weight"": 1.5, ""strength"": 0.6, ""contribution"": 0.1059}, {""key"": ""reclaim_quality"", ""weight"": 1.0, ""strength"": 1.0, ""contribution"": 0.1176}, {""key"": ""pwh_untested"", ""weight"": 0.8, ""strength"": 1.0, ""contribution"": 0.0941}, {""key"": ""oi_commitment"", ""note"": ""excluded: oi unavailable"", ""weight"": 0.0, ""excluded_weight"": 2.0}, {""key"": ""delta_reclaim"", ""note"": ""excluded: taker unavailable"", ""weight"": 0.0, ""excluded_weight"": 1.5}, {""key"": ""cohort"", ""note"": ""excluded: cohort unavailable"", ""weight"": 0.0, ""excluded_weight"": 1.8}]"
M6,BTC,adverse,2026-05-20 10:00:05,weekly_open,77430.4,long,77443.4,2026-05-20 11:05:00,77086.91142883552,77978.17231086454,2026-05-20 12:15:05,77413.9,thesis_failed,-0.2130486329296988,0.5688,half,0,77086.91142883552,0,77443.41578164713,,,"[{""key"": ""loss_depth"", ""weight"": 1.8, ""strength"": 0.9281, ""contribution"": 0.1965}, {""key"": ""funding_room"", ""weight"": 1.2, ""strength"": 0.0, ""contribution"": 0.0}, {""key"": ""reward"", ""weight"": 1.2, ""strength"": 1.0, ""contribution"": 0.1412}, {""key"": ""timing"", ""weight"": 1.0, ""strength"": 1.0, ""contribution"": 0.1176}, {""key"": ""htf_bias"", ""weight"": 1.5, ""strength"": 0.6, ""contribution"": 0.1059}, {""key"": ""reclaim_quality"", ""weight"": 1.0, ""strength"": 0.1173, ""contribution"": 0.0138}, {""key"": ""pwh_untested"", ""weight"": 0.8, ""strength"": 1.0, ""contribution"": 0.0941}, {""key"": ""oi_commitment"", ""note"": ""excluded: oi unavailable"", ""weight"": 0.0, ""excluded_weight"": 2.0}, {""key"": ""delta_reclaim"", ""note"": ""excluded: taker unavailable"", ""weight"": 0.0, ""excluded_weight"": 1.5}, {""key"": ""cohort"", ""note"": ""excluded: cohort unavailable"", ""weight"": 0.0, ""excluded_weight"": 1.8}]"
M6,BTC,adverse,2026-05-26 01:00:05,weekly_open,77030.3,short,76733.4,2026-05-26 05:05:00,77496.40972992423,76289.4200832957,2026-05-26 10:35:00,77496.4,stop,-1.6764505649672254,0.6408,half,0,77496.40972992423,0,77013.61387127281,,,"[{""key"": ""loss_depth"", ""weight"": 1.8, ""strength"": 0.3349, ""contribution"": 0.0709}, {""key"": ""funding_room"", ""weight"": 1.2, ""strength"": 0.0, ""contribution"": 0.0}, {""key"": ""reward"", ""weight"": 1.2, ""strength"": 1.0, ""contribution"": 0.1412}, {""key"": ""timing"", ""weight"": 1.0, ""strength"": 1.0, ""contribution"": 0.1176}, {""key"": ""htf_bias"", ""weight"": 1.5, ""strength"": 1.0, ""contribution"": 0.1765}, {""key"": ""reclaim_quality"", ""weight"": 1.0, ""strength"": 1.0, ""contribution"": 0.1176}, {""key"": ""pwh_untested"", ""weight"": 0.8, ""strength"": 1.0, ""contribution"": 0.0941}, {""key"": ""oi_commitment"", ""note"": ""excluded: oi unavailable"", ""weight"": 0.0, ""excluded_weight"": 2.0}, {""key"": ""delta_reclaim"", ""note"": ""excluded: taker unavailable"", ""weight"": 0.0, ""excluded_weight"": 1.5}, {""key"": ""cohort"", ""note"": ""excluded: cohort unavailable"", ""weight"": 0.0, ""excluded_weight"": 1.8}]"
M6,BTC,adverse,2026-06-16 20:00:05,weekly_open,65702.1,short,65681.7,2026-06-16 20:05:00,66328.61613035132,64711.25401025412,2026-06-16 21:15:05,65885.3,thesis_failed,-0.37576717820217537,0.5807,half,0,66328.61613035132,0,65681.67128231244,,,"[{""key"": ""loss_depth"", ""weight"": 1.8, ""strength"": 0.9277, ""contribution"": 0.1964}, {""key"": ""funding_room"", ""weight"": 1.2, ""strength"": 0.0, ""contribution"": 0.0}, {""key"": ""reward"", ""weight"": 1.2, ""strength"": 1.0, ""contribution"": 0.1412}, {""key"": ""timing"", ""weight"": 1.0, ""strength"": 1.0, ""contribution"": 0.1176}, {""key"": ""htf_bias"", ""weight"": 1.5, ""strength"": 0.6, ""contribution"": 0.1059}, {""key"": ""reclaim_quality"", ""weight"": 1.0, ""strength"": 0.237, ""contribution"": 0.0279}, {""key"": ""pwh_untested"", ""weight"": 0.8, ""strength"": 1.0, ""contribution"": 0.0941}, {""key"": ""oi_commitment"", ""note"": ""excluded: oi unavailable"", ""weight"": 0.0, ""excluded_weight"": 2.0}, {""key"": ""delta_reclaim"", ""note"": ""excluded: taker unavailable"", ""weight"": 0.0, ""excluded_weight"": 1.5}, {""key"": ""cohort"", ""note"": ""excluded: cohort unavailable"", ""weight"": 0.0, ""excluded_weight"": 1.8}]"
M6,BTC,adverse,2026-06-23 07:00:05,weekly_open,63287.2,short,62883.7,,64255.77680688525,62748.73929942924,2026-06-23 15:00:05,,cancelled:entry_expired,,0.6794,half,0,64255.77680688525,0,63265.37859885848,,,"[{""key"": ""loss_depth"", ""weight"": 1.8, ""strength"": 1.0, ""contribution"": 0.2118}, {""key"": ""funding_room"", ""weight"": 1.2, ""strength"": 0.0, ""contribution"": 0.0}, {""key"": ""reward"", ""weight"": 1.2, ""strength"": 0.0, ""contribution"": 0.0}, {""key"": ""timing"", ""weight"": 1.0, ""strength"": 1.0, ""contribution"": 0.1176}, {""key"": ""htf_bias"", ""weight"": 1.5, ""strength"": 0.6, ""contribution"": 0.1059}, {""key"": ""reclaim_quality"", ""weight"": 1.0, ""strength"": 1.0, ""contribution"": 0.1176}, {""key"": ""pwh_untested"", ""weight"": 0.8, ""strength"": 1.0, ""contribution"": 0.0941}, {""key"": ""oi_commitment"", ""note"": ""excluded: oi unavailable"", ""weight"": 0.0, ""excluded_weight"": 2.0}, {""key"": ""delta_reclaim"", ""note"": ""excluded: taker unavailable"", ""weight"": 0.0, ""excluded_weight"": 1.5}, {""key"": ""cohort"", ""note"": ""excluded: cohort unavailable"", ""weight"": 0.0, ""excluded_weight"": 1.8}]"
M6,BTC,adverse,2026-06-30 05:00:05,weekly_open,59550.2,short,59533.4,2026-06-30 05:35:00,60111.945890112474,58781.6827729472,2026-06-30 06:15:05,59546.9,thesis_failed,-0.08508086299842647,0.6261,half,0,60111.945890112474,0,59533.365545894405,,,"[{""key"": ""loss_depth"", ""weight"": 1.8, ""strength"": 0.4549, ""contribution"": 0.0963}, {""key"": ""funding_room"", ""weight"": 1.2, ""strength"": 0.0, ""contribution"": 0.0}, {""key"": ""reward"", ""weight"": 1.2, ""strength"": 0.4393, ""contribution"": 0.062}, {""key"": ""timing"", ""weight"": 1.0, ""strength"": 1.0, ""contribution"": 0.1176}, {""key"": ""htf_bias"", ""weight"": 1.5, ""strength"": 1.0, ""contribution"": 0.1765}, {""key"": ""reclaim_quality"", ""weight"": 1.0, ""strength"": 0.4223, ""contribution"": 0.0497}, {""key"": ""pwh_untested"", ""weight"": 0.8, ""strength"": 1.0, ""contribution"": 0.0941}, {""key"": ""oi_commitment"", ""note"": ""excluded: oi unavailable"", ""weight"": 0.0, ""excluded_weight"": 2.0}, {""key"": ""delta_reclaim"", ""note"": ""excluded: taker unavailable"", ""weight"": 0.0, ""excluded_weight"": 1.5}, {""key"": ""cohort"", ""note"": ""excluded: cohort unavailable"", ""weight"": 0.0, ""excluded_weight"": 1.8}]"
M6,BTC,adverse,2026-07-07 03:00:05,weekly_open,63617.2,short,63316.3,2026-07-07 07:05:00,64423.89191470259,62351.16083314289,2026-07-07 16:15:05,63852.5,thesis_failed,-0.6928432191596036,0.5651,half,0,64423.89191470259,0,63594.799482078706,,,"[{""key"": ""loss_depth"", ""weight"": 1.8, ""strength"": 0.4325, ""contribution"": 0.0916}, {""key"": ""funding_room"", ""weight"": 1.2, ""strength"": 0.0, ""contribution"": 0.0}, {""key"": ""reward"", ""weight"": 1.2, ""strength"": 1.0, ""contribution"": 0.1412}, {""key"": ""timing"", ""weight"": 1.0, ""strength"": 1.0, ""contribution"": 0.1176}, {""key"": ""htf_bias"", ""weight"": 1.5, ""strength"": 1.0, ""contribution"": 0.1765}, {""key"": ""reclaim_quality"", ""weight"": 1.0, ""strength"": 1.0, ""contribution"": 0.1176}, {""key"": ""pwh_untested"", ""weight"": 0.8, ""strength"": 1.0, ""contribution"": 0.0941}, {""key"": ""oi_commitment"", ""note"": ""excluded: oi unavailable"", ""weight"": 0.0, ""excluded_weight"": 2.0}, {""key"": ""delta_reclaim"", ""note"": ""excluded: taker unavailable"", ""weight"": 0.0, ""excluded_weight"": 1.5}, {""key"": ""cohort"", ""note"": ""excluded: cohort unavailable"", ""weight"": 0.0, ""excluded_weight"": 1.8}]"
M6,BTC,adverse,2026-07-23 19:00:05,weekly_open,64694.8,long,64709.5,2026-07-23 19:50:00,64560.93524835027,64908.9739986526,2026-07-24 07:10:00,65589.7,target,3.9598679420469733,0.661,half,1,64576.563112544914,0,64709.52746698799,,,"[{""key"": ""loss_depth"", ""weight"": 1.8, ""strength"": 0.6426, ""contribution"": 0.1361}, {""key"": ""funding_room"", ""weight"": 1.2, ""strength"": 0.0, ""contribution"": 0.0}, {""key"": ""reward"", ""weight"": 1.2, ""strength"": 1.0, ""contribution"": 0.1412}, {""key"": ""timing"", ""weight"": 1.0, ""strength"": 0.5, ""contribution"": 0.0588}, {""key"": ""htf_bias"", ""weight"": 1.5, ""strength"": 1.0, ""contribution"": 0.1765}, {""key"": ""reclaim_quality"", ""weight"": 1.0, ""strength"": 0.994, ""contribution"": 0.1169}, {""key"": ""pwh_untested"", ""weight"": 0.8, ""strength"": 0.0, ""contribution"": 0.0}, {""key"": ""oi_commitment"", ""note"": ""excluded: oi unavailable"", ""weight"": 0.0, ""excluded_weight"": 2.0}, {""key"": ""delta_reclaim"", ""note"": ""excluded: taker unavailable"", ""weight"": 0.0, ""excluded_weight"": 1.5}, {""key"": ""cohort"", ""note"": ""excluded: cohort unavailable"", ""weight"": 0.0, ""excluded_weight"": 1.8}]"
M6,BTC,adverse,2026-09-03 03:00:05,weekly_open,77634.6,long,77655.5,2026-09-03 03:35:00,76836.23203024581,78884.41029287304,2026-09-03 08:15:05,77898.0,thesis_failed,0.23898990943889803,0.7017,full,0,76836.23203024581,0,77655.5033352967,,,"[{""key"": ""loss_depth"", ""weight"": 1.8, ""strength"": 0.768, ""contribution"": 0.1317}, {""key"": ""oi_commitment"", ""weight"": 2.0, ""strength"": 0.6658, ""contribution"": 0.1268}, {""key"": ""funding_room"", ""weight"": 1.2, ""strength"": 0.0, ""contribution"": 0.0}, {""key"": ""reward"", ""weight"": 1.2, ""strength"": 1.0, ""contribution"": 0.1143}, {""key"": ""timing"", ""weight"": 1.0, ""strength"": 0.5, ""contribution"": 0.0476}, {""key"": ""htf_bias"", ""weight"": 1.5, ""strength"": 1.0, ""contribution"": 0.1429}, {""key"": ""reclaim_quality"", ""weight"": 1.0, ""strength"": 0.6536, ""contribution"": 0.0622}, {""key"": ""pwh_untested"", ""weight"": 0.8, ""strength"": 1.0, ""contribution"": 0.0762}, {""key"": ""delta_reclaim"", ""note"": ""excluded: taker unavailable"", ""weight"": 0.0, ""excluded_weight"": 1.5}, {""key"": ""cohort"", ""note"": ""excluded: cohort unavailable"", ""weight"": 0.0, ""excluded_weight"": 1.8}]"
M6,ETH,adverse,2026-04-07 02:00:05,weekly_open,2109.36,short,2108.33,2026-04-07 02:35:00,2144.046093899993,2054.75720987926,2026-04-07 05:15:05,2109.79,thesis_failed,-0.07631563071633676,0.73,full,0,2144.046093899993,0,2108.3305402917,,,"[{""key"": ""loss_depth"", ""weight"": 1.8, ""strength"": 0.8736, ""contribution"": 0.185}, {""key"": ""funding_room"", ""weight"": 1.2, ""strength"": 0.0, ""contribution"": 0.0}, {""key"": ""reward"", ""weight"": 1.2, ""strength"": 0.8518, ""contribution"": 0.1203}, {""key"": ""timing"", ""weight"": 1.0, ""strength"": 1.0, ""contribution"": 0.1176}, {""key"": ""htf_bias"", ""weight"": 1.5, ""strength"": 1.0, ""contribution"": 0.1765}, {""key"": ""reclaim_quality"", ""weight"": 1.0, ""strength"": 1.0, ""contribution"": 0.1176}, {""key"": ""pwh_untested"", ""weight"": 0.8, ""strength"": 1.0, ""contribution"": 0.0941}, {""key"": ""oi_commitment"", ""note"": ""excluded: oi unavailable"", ""weight"": 0.0, ""excluded_weight"": 2.0}, {""key"": ""delta_reclaim"", ""note"": ""excluded: taker unavailable"", ""weight"": 0.0, ""excluded_weight"": 1.5}, {""key"": ""cohort"", ""note"": ""excluded: cohort unavailable"", ""weight"": 0.0, ""excluded_weight"": 1.8}]"
M6,ETH,adverse,2026-05-07 03:00:05,weekly_open,2321.67,short,2320.86,2026-05-07 03:05:00,2354.638185603643,2270.194564708116,2026-05-07 05:15:05,2330.02,thesis_failed,-0.3125350940676882,0.5744,half,0,2354.638185603643,0,2320.860737245432,,,"[{""key"": ""loss_depth"", ""weight"": 1.8, ""strength"": 1.0, ""contribution"": 0.2118}, {""key"": ""funding_room"", ""weight"": 1.2, ""strength"": 0.0, ""contribution"": 0.0}, {""key"": ""reward"", ""weight"": 1.2, ""strength"": 0.6083, ""contribution"": 0.0859}, {""key"": ""timing"", ""weight"": 1.0, ""strength"": 0.5, ""contribution"": 0.0588}, {""key"": ""htf_bias"", ""weight"": 1.5, ""strength"": 1.0, ""contribution"": 0.1765}, {""key"": ""reclaim_quality"", ""weight"": 1.0, ""strength"": 0.141, ""contribution"": 0.0166}, {""key"": ""pwh_untested"", ""weight"": 0.8, ""strength"": 1.0, ""contribution"": 0.0941}, {""key"": ""oi_commitment"", ""note"": ""excluded: oi unavailable"", ""weight"": 0.0, ""excluded_weight"": 2.0}, {""key"": ""delta_reclaim"", ""note"": ""excluded: taker unavailable"", ""weight"": 0.0, ""excluded_weight"": 1.5}, {""key"": ""cohort"", ""note"": ""excluded: cohort unavailable"", ""weight"": 0.0, ""excluded_weight"": 1.8}]"
M6,ETH,adverse,2026-05-26 01:00:05,weekly_open,2098.99,short,2098.33,2026-05-26 01:05:00,2117.3912629202932,2069.749975827535,2026-05-26 06:15:05,2099.19,thesis_failed,-0.11121577151524314,0.6232,half,0,2117.3912629202932,0,2098.33474808319,,,"[{""key"": ""loss_depth"", ""weight"": 1.8, ""strength"": 0.5948, ""contribution"": 0.126}, {""key"": ""funding_room"", ""weight"": 1.2, ""strength"": 0.0, ""contribution"": 0.0}, {""key"": ""reward"", ""weight"": 1.2, ""strength"": 1.0, ""contribution"": 0.1412}, {""key"": ""timing"", ""weight"": 1.0, ""strength"": 1.0, ""contribution"": 0.1176}, {""key"": ""htf_bias"", ""weight"": 1.5, ""strength"": 1.0, ""contribution"": 0.1765}, {""key"": ""reclaim_quality"", ""weight"": 1.0, ""strength"": 0.365, ""contribution"": 0.0429}, {""key"": ""pwh_untested"", ""weight"": 0.8, ""strength"": 1.0, ""contribution"": 0.0941}, {""key"": ""oi_commitment"", ""note"": ""excluded: oi unavailable"", ""weight"": 0.0, ""excluded_weight"": 2.0}, {""key"": ""delta_reclaim"", ""note"": ""excluded: taker unavailable"", ""weight"": 0.0, ""excluded_weight"": 1.5}, {""key"": ""cohort"", ""note"": ""excluded: cohort unavailable"", ""weight"": 0.0, ""excluded_weight"": 1.8}]"
M6,ETH,adverse,2026-06-18 16:00:05,weekly_open,1724.74,short,1704.96,2026-06-18 20:05:00,1756.277883031762,1674.5531038893018,2026-06-19 20:00:00,1700.44,time_stop,0.10703785426879293,0.6665,half,0,1756.277883031762,0,1723.587971374778,,,"[{""key"": ""loss_depth"", ""weight"": 1.8, ""strength"": 1.0, ""contribution"": 0.2118}, {""key"": ""funding_room"", ""weight"": 1.2, ""strength"": 0.0, ""contribution"": 0.0}, {""key"": ""reward"", ""weight"": 1.2, ""strength"": 0.8872, ""contribution"": 0.1252}, {""key"": ""timing"", ""weight"": 1.0, ""strength"": 0.5, ""contribution"": 0.0588}, {""key"": ""htf_bias"", ""weight"": 1.5, ""strength"": 1.0, ""contribution"": 0.1765}, {""key"": ""reclaim_quality"", ""weight"": 1.0, ""strength"": 1.0, ""contribution"": 0.1176}, {""key"": ""pwh_untested"", ""weight"": 0.8, ""strength"": 1.0, ""contribution"": 0.0941}, {""key"": ""oi_commitment"", ""note"": ""excluded: oi unavailable"", ""weight"": 0.0, ""excluded_weight"": 2.0}, {""key"": ""delta_reclaim"", ""note"": ""excluded: taker unavailable"", ""weight"": 0.0, ""excluded_weight"": 1.5}, {""key"": ""cohort"", ""note"": ""excluded: cohort unavailable"", ""weight"": 0.0, ""excluded_weight"": 1.8}]"
M6,ETH,adverse,2026-06-23 07:00:05,weekly_open,1706.3,short,1690.55,,1735.230377588104,1688.0622112056549,2026-06-23 15:00:05,,cancelled:entry_expired,,0.6794,half,0,1735.230377588104,0,1705.5644224113096,,,"[{""key"": ""loss_depth"", ""weight"": 1.8, ""strength"": 1.0, ""contribution"": 0.2118}, {""key"": ""funding_room"", ""weight"": 1.2, ""strength"": 0.0, ""contribution"": 0.0}, {""key"": ""reward"", ""weight"": 1.2, ""strength"": 0.0, ""contribution"": 0.0}, {""key"": ""timing"", ""weight"": 1.0, ""strength"": 1.0, ""contribution"": 0.1176}, {""key"": ""htf_bias"", ""weight"": 1.5, ""strength"": 0.6, ""contribution"": 0.1059}, {""key"": ""reclaim_quality"", ""weight"": 1.0, ""strength"": 1.0, ""contribution"": 0.1176}, {""key"": ""pwh_untested"", ""weight"": 0.8, ""strength"": 1.0, ""contribution"": 0.0941}, {""key"": ""oi_commitment"", ""note"": ""excluded: oi unavailable"", ""weight"": 0.0, ""excluded_weight"": 2.0}, {""key"": ""delta_reclaim"", ""note"": ""excluded: taker unavailable"", ""weight"": 0.0, ""excluded_weight"": 1.5}, {""key"": ""cohort"", ""note"": ""excluded: cohort unavailable"", ""weight"": 0.0, ""excluded_weight"": 1.8}]"
M6,ETH,adverse,2026-06-30 13:00:05,weekly_open,1571.11,short,1570.53,2026-06-30 14:05:00,1589.1009382203645,1542.665722374707,2026-06-30 17:15:05,1569.81,thesis_failed,-0.011951812646776635,0.855,full,0,1589.1009382203645,0,1570.5268518821015,,,"[{""key"": ""loss_depth"", ""weight"": 1.8, ""strength"": 1.0, ""contribution"": 0.2118}, {""key"": ""funding_room"", ""weight"": 1.2, ""strength"": 0.0, ""contribution"": 0.0}, {""key"": ""reward"", ""weight"": 1.2, ""strength"": 0.6847, ""contribution"": 0.0967}, {""key"": ""timing"", ""weight"": 1.0, ""strength"": 1.0, ""contribution"": 0.1176}, {""key"": ""htf_bias"", ""weight"": 1.5, ""strength"": 1.0, ""contribution"": 0.1765}, {""key"": ""reclaim_quality"", ""weight"": 1.0, ""strength"": 1.0, ""contribution"": 0.1176}, {""key"": ""pwh_untested"", ""weight"": 0.8, ""strength"": 1.0, ""contribution"": 0.0941}, {""key"": ""oi_commitment"", ""note"": ""excluded: oi unavailable"", ""weight"": 0.0, ""excluded_weight"": 2.0}, {""key"": ""delta_reclaim"", ""note"": ""excluded: taker unavailable"", ""weight"": 0.0, ""excluded_weight"": 1.5}, {""key"": ""cohort"", ""note"": ""excluded: cohort unavailable"", ""weight"": 0.0, ""excluded_weight"": 1.8}]"
M6,ETH,adverse,2026-07-14 13:00:05,weekly_open,1805.92,long,1861.71,2026-07-14 17:05:00,1778.5904654065853,1819.9667388533096,2026-07-14 17:05:00,1861.71,stop_be,-0.6205557996736498,0.5565,half,0,1778.5904654065853,0,1806.9334777066188,,,"[{""key"": ""loss_depth"", ""weight"": 1.8, ""strength"": 1.0, ""contribution"": 0.2118}, {""key"": ""funding_room"", ""weight"": 1.2, ""strength"": 0.0, ""contribution"": 0.0}, {""key"": ""reward"", ""weight"": 1.2, ""strength"": 0.0, ""contribution"": 0.0}, {""key"": ""timing"", ""weight"": 1.0, ""strength"": 1.0, ""contribution"": 0.1176}, {""key"": ""htf_bias"", ""weight"": 1.5, ""strength"": 1.0, ""contribution"": 0.1765}, {""key"": ""reclaim_quality"", ""weight"": 1.0, ""strength"": 1.0, ""contribution"": 0.1176}, {""key"": ""pwh_untested"", ""weight"": 0.8, ""strength"": 0.0, ""contribution"": 0.0}, {""key"": ""oi_commitment"", ""note"": ""excluded: oi unavailable"", ""weight"": 0.0, ""excluded_weight"": 2.0}, {""key"": ""delta_reclaim"", ""note"": ""excluded: taker unavailable"", ""weight"": 0.0, ""excluded_weight"": 1.5}, {""key"": ""cohort"", ""note"": ""excluded: cohort unavailable"", ""weight"": 0.0, ""excluded_weight"": 1.8}]"
M6,ETH,adverse,2026-07-20 16:00:05,weekly_open,1871.49,long,1897.5,2026-07-20 20:05:00,1849.1951540635291,1907.3790163764645,2026-07-21 08:25:00,1946.75,target,1.4147965604495012,0.5596,half,0,1849.1951540635291,0,1872.4686989887032,,,"[{""key"": ""loss_depth"", ""weight"": 1.8, ""strength"": 0.2873, ""contribution"": 0.0608}, {""key"": ""funding_room"", ""weight"": 1.2, ""strength"": 0.0, ""contribution"": 0.0}, {""key"": ""reward"", ""weight"": 1.2, ""strength"": 0.6767, ""contribution"": 0.0955}, {""key"": ""timing"", ""weight"": 1.0, ""strength"": 0.7, ""contribution"": 0.0824}, {""key"": ""htf_bias"", ""weight"": 1.5, ""strength"": 1.0, ""contribution"": 0.1765}, {""key"": ""reclaim_quality"", ""weight"": 1.0, ""strength"": 1.0, ""contribution"": 0.1176}, {""key"": ""pwh_untested"", ""weight"": 0.8, ""strength"": 1.0, ""contribution"": 0.0941}, {""key"": ""oi_commitment"", ""note"": ""excluded: oi unavailable"", ""weight"": 0.0, ""excluded_weight"": 2.0}, {""key"": ""delta_reclaim"", ""note"": ""excluded: taker unavailable"", ""weight"": 0.0, ""excluded_weight"": 1.5}, {""key"": ""cohort"", ""note"": ""excluded: cohort unavailable"", ""weight"": 0.0, ""excluded_weight"": 1.8}]"
M6,ETH,adverse,2026-09-02 06:00:05,weekly_open,2415.57,long,2416.35,2026-09-02 06:20:00,2389.8741190866763,2456.073998187966,2026-09-02 08:50:00,2389.87,stop,-1.0543030583667639,0.6269,half,0,2389.8741190866763,0,2416.3540707271923,,,"[{""key"": ""loss_depth"", ""weight"": 1.8, ""strength"": 0.0521, ""contribution"": 0.0089}, {""key"": ""oi_commitment"", ""weight"": 2.0, ""strength"": 0.6851, ""contribution"": 0.1305}, {""key"": ""funding_room"", ""weight"": 1.2, ""strength"": 0.0, ""contribution"": 0.0}, {""key"": ""reward"", ""weight"": 1.2, ""strength"": 1.0, ""contribution"": 0.1143}, {""key"": ""timing"", ""weight"": 1.0, ""strength"": 1.0, ""contribution"": 0.0952}, {""key"": ""htf_bias"", ""weight"": 1.5, ""strength"": 1.0, ""contribution"": 0.1429}, {""key"": ""reclaim_quality"", ""weight"": 1.0, ""strength"": 0.6179, ""contribution"": 0.0588}, {""key"": ""pwh_untested"", ""weight"": 0.8, ""strength"": 1.0, ""contribution"": 0.0762}, {""key"": ""delta_reclaim"", ""note"": ""excluded: taker unavailable"", ""weight"": 0.0, ""excluded_weight"": 1.5}, {""key"": ""cohort"", ""note"": ""excluded: cohort unavailable"", ""weight"": 0.0, ""excluded_weight"": 1.8}]"
M1,BTC,neutral,2026-03-14 07:00:05,pdl,70342.7,long,70410.5,,70225.6518250773,70561.09999999999,2026-03-14 07:45:05,,cancelled:entry_expired_no_fvg,,0.7979,full,0,70225.6518250773,0,70410.48394169244,1,1,"[{""key"": ""location"", ""weight"": 2.0, ""strength"": 0.8, ""contribution"": 0.2286}, {""key"": ""reclaim"", ""weight"": 2.0, ""strength"": 0.3747, ""contribution"": 0.107}, {""key"": ""discount"", ""weight"": 1.2, ""strength"": 0.389, ""contribution"": 0.0667}, {""key"": ""session"", ""weight"": 0.8, ""strength"": 1.0, ""contribution"": 0.1143}, {""key"": ""htf_bias"", ""weight"": 1.0, ""strength"": 1.0, ""contribution"": 0.1429}, {""key"": ""fuel"", ""note"": ""excluded: oi unavailable"", ""weight"": 0.0, ""excluded_weight"": 1.5}, {""key"": ""cleared"", ""note"": ""excluded: oi unavailable"", ""weight"": 0.0, ""excluded_weight"": 1.2}, {""key"": ""delta_flip"", ""note"": ""excluded: taker unavailable"", ""weight"": 0.0, ""excluded_weight"": 1.5}, {""key"": ""absorption"", ""note"": ""excluded: taker unavailable"", ""weight"": 0.0, ""excluded_weight"": 1.0}, {""key"": ""cohort"", ""note"": ""excluded: cohort unavailable"", ""weight"": 0.0, ""excluded_weight"": 1.0}]"
M1,BTC,neutral,2026-03-19 13:30:05,equal_lows_4h,69182.33333333333,long,69258.4,2026-03-19 13:35:00,69007.05397736069,69491.5,2026-03-19 14:20:00,69258.4,stop_be,0.23865761864040544,0.7921,full,0,69007.05397736069,0,69258.38465912023,2,0,"[{""key"": ""location"", ""weight"": 2.0, ""strength"": 1.0, ""contribution"": 0.2857}, {""key"": ""reclaim"", ""weight"": 2.0, ""strength"": 0.398, ""contribution"": 0.1137}, {""key"": ""discount"", ""weight"": 1.2, ""strength"": 0.9432, ""contribution"": 0.1617}, {""key"": ""session"", ""weight"": 0.8, ""strength"": 1.0, ""contribution"": 0.1143}, {""key"": ""htf_bias"", ""weight"": 1.0, ""strength"": 1.0, ""contribution"": 0.1429}, {""key"": ""fuel"", ""note"": ""excluded: oi unavailable"", ""weight"": 0.0, ""excluded_weight"": 1.5}, {""key"": ""cleared"", ""note"": ""excluded: oi unavailable"", ""weight"": 0.0, ""excluded_weight"": 1.2}, {""key"": ""delta_flip"", ""note"": ""excluded: taker unavailable"", ""weight"": 0.0, ""excluded_weight"": 1.5}, {""key"": ""absorption"", ""note"": ""excluded: taker unavailable"", ""weight"": 0.0, ""excluded_weight"": 1.0}, {""key"": ""cohort"", ""note"": ""excluded: cohort unavailable"", ""weight"": 0.0, ""excluded_weight"": 1.0}]"
M1,BTC,neutral,2026-03-22 20:15:05,asia_low,68189.0,long,68244.0,2026-03-22 20:20:00,68079.57227274607,68490.5768181693,2026-03-22 20:50:00,68079.6,stop,-1.2486018846130493,0.699,half,0,68079.57227274607,0,68243.97409091536,2,0,"[{""key"": ""location"", ""weight"": 2.0, ""strength"": 0.6, ""contribution"": 0.1714}, {""key"": ""reclaim"", ""weight"": 2.0, ""strength"": 0.9463, ""contribution"": 0.2704}, {""key"": ""discount"", ""weight"": 1.2, ""strength"": 0.8231, ""contribution"": 0.1411}, {""key"": ""session"", ""weight"": 0.8, ""strength"": 0.6, ""contribution"": 0.0686}, {""key"": ""htf_bias"", ""weight"": 1.0, ""strength"": 1.0, ""contribution"": 0.1429}, {""key"": ""fuel"", ""note"": ""excluded: oi unavailable"", ""weight"": 0.0, ""excluded_weight"": 1.5}, {""key"": ""cleared"", ""note"": ""excluded: oi unavailable"", ""weight"": 0.0, ""excluded_weight"": 1.2}, {""key"": ""delta_flip"", ""note"": ""excluded: taker unavailable"", ""weight"": 0.0, ""excluded_weight"": 1.5}, {""key"": ""absorption"", ""note"": ""excluded: taker unavailable"", ""weight"": 0.0, ""excluded_weight"": 1.0}, {""key"": ""cohort"", ""note"": ""excluded: cohort unavailable"", ""weight"": 0.0, ""excluded_weight"": 1.0}]"
M1,BTC,neutral,2026-03-24 08:15:05,equal_highs_4h,71314.1,short,71267.3,,71413.90686089486,71080.0,2026-03-24 09:00:05,,cancelled:entry_expired_no_fvg,,0.9014,full,0,71413.90686089486,0,71267.33562029828,1,1,"[{""key"": ""location"", ""weight"": 2.0, ""strength"": 1.0, ""contribution"": 0.2857}, {""key"": ""reclaim"", ""weight"": 2.0, ""strength"": 0.6424, ""contribution"": 0.1835}, {""key"": ""discount"", ""weight"": 1.2, ""strength"": 0.6913, ""contribution"": 0.1185}, {""key"": ""session"", ""weight"": 0.8, ""strength"": 1.0, ""contribution"": 0.1143}, {""key"": ""htf_bias"", ""weight"": 1.0, ""strength"": 0.3, ""contribution"": 0.0429}, {""key"": ""fuel"", ""note"": ""excluded: oi unavailable"", ""weight"": 0.0, ""excluded_weight"": 1.5}, {""key"": ""cleared"", ""note"": ""excluded: oi unavailable"", ""weight"": 0.0, ""excluded_weight"": 1.2}, {""key"": ""delta_flip"", ""note"": ""excluded: taker unavailable"", ""weight"": 0.0, ""excluded_weight"": 1.5}, {""key"": ""absorption"", ""note"": ""excluded: taker unavailable"", ""weight"": 0.0, ""excluded_weight"": 1.0}, {""key"": ""cohort"", ""note"": ""excluded: cohort unavailable"", ""weight"": 0.0, ""excluded_weight"": 1.0}]"
M1,BTC,neutral,2026-03-25 05:30:05,4h_ob_top,71255.2,short,71221.2,,71354.56082853855,71061.90000000001,2026-03-25 06:15:05,,cancelled:entry_expired_no_fvg,,0.5991,half,0,71354.56082853855,0,71221.15360951285,1,1,"[{""key"": ""location"", ""weight"": 2.0, ""strength"": 1.0, ""contribution"": 0.2857}, {""key"": ""reclaim"", ""weight"": 2.0, ""strength"": 0.6172, ""contribution"": 0.1764}, {""key"": ""discount"", ""weight"": 1.2, ""strength"": 0.8262, ""contribution"": 0.1416}, {""key"": ""session"", ""weight"": 0.8, ""strength"": 0.3, ""contribution"": 0.0343}, {""key"": ""htf_bias"", ""weight"": 1.0, ""strength"": 0.3, ""contribution"": 0.0429}, {""key"": ""fuel"", ""note"": ""excluded: oi unavailable"", ""weight"": 0.0, ""excluded_weight"": 1.5}, {""key"": ""cleared"", ""note"": ""excluded: oi unavailable"", ""weight"": 0.0, ""excluded_weight"": 1.2}, {""key"": ""delta_flip"", ""note"": ""excluded: taker unavailable"", ""weight"": 0.0, ""excluded_weight"": 1.5}, {""key"": ""absorption"", ""note"": ""excluded: taker unavailable"", ""weight"": 0.0, ""excluded_weight"": 1.0}, {""key"": ""cohort"", ""note"": ""excluded: cohort unavailable"", ""weight"": 0.0, ""excluded_weight"": 1.0}]"
M1,BTC,neutral,2026-03-26 09:00:05,asia_low,69815.4,long,69832.8,2026-03-26 09:35:00,69730.76027307093,69973.35722307803,2026-03-26 09:40:00,69832.8,stop_be,0.22241842225243794,0.74,full,1,69739.08916538297,0,69832.79638846099,2,1,"[{""key"": ""location"", ""weight"": 2.0, ""strength"": 0.6, ""contribution"": 0.1714}, {""key"": ""reclaim"", ""weight"": 2.0, ""strength"": 1.0, ""contribution"": 0.2857}, {""key"": ""discount"", ""weight"": 1.2, ""strength"": 0.2929, ""contribution"": 0.0502}, {""key"": ""session"", ""weight"": 0.8, ""strength"": 1.0, ""contribution"": 0.1143}, {""key"": ""htf_bias"", ""weight"": 1.0, ""strength"": 1.0, ""contribution"": 0.1429}, {""key"": ""fuel"", ""note"": ""excluded: oi unavailable"", ""weight"": 0.0, ""excluded_weight"": 1.5}, {""key"": ""cleared"", ""note"": ""excluded: oi unavailable"", ""weight"": 0.0, ""excluded_weight"": 1.2}, {""key"": ""delta_flip"", ""note"": ""excluded: taker unavailable"", ""weight"": 0.0, ""excluded_weight"": 1.5}, {""key"": ""absorption"", ""note"": ""excluded: taker unavailable"", ""weight"": 0.0, ""excluded_weight"": 1.0}, {""key"": ""cohort"", ""note"": ""excluded: cohort unavailable"", ""weight"": 0.0, ""excluded_weight"": 1.0}]"
M1,BTC,neutral,2026-03-28 08:45:05,asia_high,66472.4,short,66377.9,2026-03-28 10:05:00,66541.20479770355,66364.1,2026-03-28 10:05:00,66377.9,stop_be,-0.31097484482403454,0.75,full,0,66541.20479770355,0,66456.50159923453,2,0,"[{""key"": ""location"", ""weight"": 2.0, ""strength"": 0.6, ""contribution"": 0.1714}, {""key"": ""reclaim"", ""weight"": 2.0, ""strength"": 1.0, ""contribution"": 0.2857}, {""key"": ""discount"", ""weight"": 1.2, ""strength"": 0.6865, ""contribution"": 0.1177}, {""key"": ""session"", ""weight"": 0.8, ""strength"": 1.0, ""contribution"": 0.1143}, {""key"": ""htf_bias"", ""weight"": 1.0, ""strength"": 0.6, ""contribution"": 0.0857}, {""key"": ""fuel"", ""note"": ""excluded: oi unavailable"", ""weight"": 0.0, ""excluded_weight"": 1.5}, {""key"": ""cleared"", ""note"": ""excluded: oi unavailable"", ""weight"": 0.0, ""excluded_weight"": 1.2}, {""key"": ""delta_flip"", ""note"": ""excluded: taker unavailable"", ""weight"": 0.0, ""excluded_weight"": 1.5}, {""key"": ""absorption"", ""note"": ""excluded: taker unavailable"", ""weight"": 0.0, ""excluded_weight"": 1.0}, {""key"": ""cohort"", ""note"": ""excluded: cohort unavailable"", ""weight"": 0.0, ""excluded_weight"": 1.0}]"
M1,BTC,neutral,2026-03-30 08:30:05,asia_high,67777.0,short,67796.4,2026-03-30 08:35:00,67924.32723839514,67604.49017440324,2026-03-30 11:20:00,67796.4,stop_be,0.34574770881898725,0.928,full,0,67924.32723839514,0,67796.39241279838,2,0,"[{""key"": ""location"", ""weight"": 2.0, ""strength"": 0.6, ""contribution"": 0.1714}, {""key"": ""reclaim"", ""weight"": 2.0, ""strength"": 0.8053, ""contribution"": 0.2301}, {""key"": ""discount"", ""weight"": 1.2, ""strength"": 0.965, ""contribution"": 0.1654}, {""key"": ""session"", ""weight"": 0.8, ""strength"": 1.0, ""contribution"": 0.1143}, {""key"": ""htf_bias"", ""weight"": 1.0, ""strength"": 0.6, ""contribution"": 0.0857}, {""key"": ""fuel"", ""note"": ""excluded: oi unavailable"", ""weight"": 0.0, ""excluded_weight"": 1.5}, {""key"": ""cleared"", ""note"": ""excluded: oi unavailable"", ""weight"": 0.0, ""excluded_weight"": 1.2}, {""key"": ""delta_flip"", ""note"": ""excluded: taker unavailable"", ""weight"": 0.0, ""excluded_weight"": 1.5}, {""key"": ""absorption"", ""note"": ""excluded: taker unavailable"", ""weight"": 0.0, ""excluded_weight"": 1.0}, {""key"": ""cohort"", ""note"": ""excluded: cohort unavailable"", ""weight"": 0.0, ""excluded_weight"": 1.0}]"
M1,BTC,neutral,2026-03-31 09:45:05,equal_lows_1h,66376.3,long,66391.7,2026-03-31 09:50:00,66270.12963311358,66498.9,2026-03-31 09:50:00,66270.1,stop,-1.3270377747466129,0.8132,full,1,66284.51717266734,0,66391.73905755578,1,1,"[{""key"": ""location"", ""weight"": 2.0, ""strength"": 0.8, ""contribution"": 0.2286}, {""key"": ""reclaim"", ""weight"": 2.0, ""strength"": 0.8184, ""contribution"": 0.2338}, {""key"": ""discount"", ""weight"": 1.2, ""strength"": 0.7153, ""contribution"": 0.1226}, {""key"": ""session"", ""weight"": 0.8, ""strength"": 0.6, ""contribution"": 0.0686}, {""key"": ""htf_bias"", ""weight"": 1.0, ""strength"": 0.6, ""contribution"": 0.0857}, {""key"": ""fuel"", ""note"": ""excluded: oi unavailable"", ""weight"": 0.0, ""excluded_weight"": 1.5}, {""key"": ""cleared"", ""note"": ""excluded: oi unavailable"", ""weight"": 0.0, ""excluded_weight"": 1.2}, {""key"": ""delta_flip"", ""note"": ""excluded: taker unavailable"", ""weight"": 0.0, ""excluded_weight"": 1.5}, {""key"": ""absorption"", ""note"": ""excluded: taker unavailable"", ""weight"": 0.0, ""excluded_weight"": 1.0}, {""key"": ""cohort"", ""note"": ""excluded: cohort unavailable"", ""weight"": 0.0, ""excluded_weight"": 1.0}]"
M1,BTC,neutral,2026-03-31 10:15:05,4h_ob_bottom,65977.9,long,66085.9,,65897.81409275909,66368.04060482727,2026-03-31 11:00:05,,cancelled:entry_expired_no_fvg,,0.8718,full,0,65897.81409275909,0,66085.90469758636,1,1,"[{""key"": ""location"", ""weight"": 2.0, ""strength"": 1.0, ""contribution"": 0.2857}, {""key"": ""reclaim"", ""weight"": 2.0, ""strength"": 0.7218, ""contribution"": 0.2062}, {""key"": ""discount"", ""weight"": 1.2, ""strength"": 0.8538, ""contribution"": 0.1464}, {""key"": ""session"", ""weight"": 0.8, ""strength"": 0.6, ""contribution"": 0.0686}, {""key"": ""htf_bias"", ""weight"": 1.0, ""strength"": 0.6, ""contribution"": 0.0857}, {""key"": ""fuel"", ""note"": ""excluded: oi unavailable"", ""weight"": 0.0, ""excluded_weight"": 1.5}, {""key"": ""cleared"", ""note"": ""excluded: oi unavailable"", ""weight"": 0.0, ""excluded_weight"": 1.2}, {""key"": ""delta_flip"", ""note"": ""excluded: taker unavailable"", ""weight"": 0.0, ""excluded_weight"": 1.5}, {""key"": ""absorption"", ""note"": ""excluded: taker unavailable"", ""weight"": 0.0, ""excluded_weight"": 1.0}, {""key"": ""cohort"", ""note"": ""excluded: cohort unavailable"", ""weight"": 0.0, ""excluded_weight"": 1.0}]"
M1,BTC,neutral,2026-03-31 17:45:05,equal_highs_4h,68370.925,short,67850.1,2026-03-31 18:35:00,68671.15881277059,68189.63333333333,2026-03-31 18:35:00,67850.1,stop_be,-0.452888639706531,0.7595,full,0,68671.15881277059,0,68299.31960425687,2,1,"[{""key"": ""location"", ""weight"": 2.0, ""strength"": 1.0, ""contribution"": 0.2857}, {""key"": ""reclaim"", ""weight"": 2.0, ""strength"": 0.6588, ""contribution"": 0.1882}, {""key"": ""discount"", ""weight"": 1.2, ""strength"": 0.363, ""contribution"": 0.0622}, {""key"": ""session"", ""weight"": 0.8, ""strength"": 0.6, ""contribution"": 0.0686}, {""key"": ""htf_bias"", ""weight"": 1.0, ""strength"": 0.6, ""contribution"": 0.0857}, {""key"": ""fuel"", ""note"": ""excluded: oi unavailable"", ""weight"": 0.0, ""excluded_weight"": 1.5}, {""key"": ""cleared"", ""note"": ""excluded: oi unavailable"", ""weight"": 0.0, ""excluded_weight"": 1.2}, {""key"": ""delta_flip"", ""note"": ""excluded: taker unavailable"", ""weight"": 0.0, ""excluded_weight"": 1.5}, {""key"": ""absorption"", ""note"": ""excluded: taker unavailable"", ""weight"": 0.0, ""excluded_weight"": 1.0}, {""key"": ""cohort"", ""note"": ""excluded: cohort unavailable"", ""weight"": 0.0, ""excluded_weight"": 1.0}]"
M1,BTC,neutral,2026-04-10 19:30:05,pdh,73128.0,short,73049.9,2026-04-10 19:50:00,73261.4231391579,72732.55124056141,2026-04-10 20:15:05,73199.0,thesis_failed,-0.9123052080862164,0.5672,half,0,73261.4231391579,0,73049.8743797193,2,0,"[{""key"": ""location"", ""weight"": 2.0, ""strength"": 0.8, ""contribution"": 0.2286}, {""key"": ""reclaim"", ""weight"": 2.0, ""strength"": 1.0, ""contribution"": 0.2857}, {""key"": ""discount"", ""weight"": 1.2, ""strength"": 0.7994, ""contribution"": 0.137}, {""key"": ""session"", ""weight"": 0.8, ""strength"": 0.6, ""contribution"": 0.0686}, {""key"": ""htf_bias"", ""weight"": 1.0, ""strength"": 0.6, ""contribution"": 0.0857}, {""key"": ""fuel"", ""note"": ""excluded: oi unavailable"", ""weight"": 0.0, ""excluded_weight"": 1.5}, {""key"": ""cleared"", ""note"": ""excluded: oi unavailable"", ""weight"": 0.0, ""excluded_weight"": 1.2}, {""key"": ""delta_flip"", ""note"": ""excluded: taker unavailable"", ""weight"": 0.0, ""excluded_weight"": 1.5}, {""key"": ""absorption"", ""note"": ""excluded: taker unavailable"", ""weight"": 0.0, ""excluded_weight"": 1.0}, {""key"": ""cohort"", ""note"": ""excluded: cohort unavailable"", ""weight"": 0.0, ""excluded_weight"": 1.0}]"
M1,BTC,neutral,2026-04-14 07:30:05,pdh,74870.0,short,74748.9,,74929.0396322139,74583.1,2026-04-14 08:15:05,,cancelled:entry_expired_no_fvg,,0.6358,half,0,74929.0396322139,0,74748.87987740463,1,1,"[{""key"": ""location"", ""weight"": 2.0, ""strength"": 0.8, ""contribution"": 0.2286}, {""key"": ""reclaim"", ""weight"": 2.0, ""strength"": 0.2594, ""contribution"": 0.0741}, {""key"": ""discount"", ""weight"": 1.2, ""strength"": 0.8989, ""contribution"": 0.1541}, {""key"": ""session"", ""weight"": 0.8, ""strength"": 1.0, ""contribution"": 0.1143}, {""key"": ""htf_bias"", ""weight"": 1.0, ""strength"": 0.6, ""contribution"": 0.0857}, {""key"": ""fuel"", ""note"": ""excluded: oi unavailable"", ""weight"": 0.0, ""excluded_weight"": 1.5}, {""key"": ""cleared"", ""note"": ""excluded: oi unavailable"", ""weight"": 0.0, ""excluded_weight"": 1.2}, {""key"": ""delta_flip"", ""note"": ""excluded: taker unavailable"", ""weight"": 0.0, ""excluded_weight"": 1.5}, {""key"": ""absorption"", ""note"": ""excluded: taker unavailable"", ""weight"": 0.0, ""excluded_weight"": 1.0}, {""key"": ""cohort"", ""note"": ""excluded: cohort unavailable"", ""weight"": 0.0, ""excluded_weight"": 1.0}]"
M1,BTC,neutral,2026-04-20 14:45:05,london_high,75633.0,short,75548.1,2026-04-20 15:20:00,75783.95895923444,75194.19402717703,2026-04-20 15:20:00,75548.1,stop_be,0.4464513307028426,0.5935,half,0,75783.95895923444,0,75548.05298641148,1,1,"[{""key"": ""location"", ""weight"": 2.0, ""strength"": 0.6, ""contribution"": 0.1714}, {""key"": ""reclaim"", ""weight"": 2.0, ""strength"": 0.6771, ""contribution"": 0.1934}, {""key"": ""discount"", ""weight"": 1.2, ""strength"": 0.2817, ""contribution"": 0.0483}, {""key"": ""session"", ""weight"": 0.8, ""strength"": 1.0, ""contribution"": 0.1143}, {""key"": ""htf_bias"", ""weight"": 1.0, ""strength"": 0.6, ""contribution"": 0.0857}, {""key"": ""fuel"", ""note"": ""excluded: oi unavailable"", ""weight"": 0.0, ""excluded_weight"": 1.5}, {""key"": ""cleared"", ""note"": ""excluded: oi unavailable"", ""weight"": 0.0, ""excluded_weight"": 1.2}, {""key"": ""delta_flip"", ""note"": ""excluded: taker unavailable"", ""weight"": 0.0, ""excluded_weight"": 1.5}, {""key"": ""absorption"", ""note"": ""excluded: taker unavailable"", ""weight"": 0.0, ""excluded_weight"": 1.0}, {""key"": ""cohort"", ""note"": ""excluded: cohort unavailable"", ""weight"": 0.0, ""excluded_weight"": 1.0}]"
M1,BTC,neutral,2026-04-20 18:30:05,pdh,76200.0,short,76175.8,2026-04-20 18:35:00,76340.802051299,75941.36553612747,2026-04-20 18:50:00,76340.8,stop,-1.2770866610488092,0.835,full,1,76332.01419580882,0,76175.75473193628,2,0,"[{""key"": ""location"", ""weight"": 2.0, ""strength"": 0.8, ""contribution"": 0.2286}, {""key"": ""reclaim"", ""weight"": 2.0, ""strength"": 0.7805, ""contribution"": 0.223}, {""key"": ""discount"", ""weight"": 1.2, ""strength"": 0.8936, ""contribution"": 0.1532}, {""key"": ""session"", ""weight"": 0.8, ""strength"": 0.6, ""contribution"": 0.0686}, {""key"": ""htf_bias"", ""weight"": 1.0, ""strength"": 0.6, ""contribution"": 0.0857}, {""key"": ""fuel"", ""note"": ""excluded: oi unavailable"", ""weight"": 0.0, ""excluded_weight"": 1.5}, {""key"": ""cleared"", ""note"": ""excluded: oi unavailable"", ""weight"": 0.0, ""excluded_weight"": 1.2}, {""key"": ""delta_flip"", ""note"": ""excluded: taker unavailable"", ""weight"": 0.0, ""excluded_weight"": 1.5}, {""key"": ""absorption"", ""note"": ""excluded: taker unavailable"", ""weight"": 0.0, ""excluded_weight"": 1.0}, {""key"": ""cohort"", ""note"": ""excluded: cohort unavailable"", ""weight"": 0.0, ""excluded_weight"": 1.0}]"
M1,BTC,neutral,2026-04-21 07:45:05,equal_highs_1h,76216.15,short,76162.5,2026-04-21 07:50:00,76304.75778388974,75914.99481074014,2026-04-21 08:20:00,76304.8,stop,-1.322115457509132,0.7174,full,0,76304.75778388974,1,76148.8525946299,1,1,"[{""key"": ""location"", ""weight"": 2.0, ""strength"": 1.0, ""contribution"": 0.2857}, {""key"": ""reclaim"", ""weight"": 2.0, ""strength"": 0.4652, ""contribution"": 0.1329}, {""key"": ""discount"", ""weight"": 1.2, ""strength"": 0.9644, ""contribution"": 0.1653}, {""key"": ""session"", ""weight"": 0.8, ""strength"": 1.0, ""contribution"": 0.1143}, {""key"": ""htf_bias"", ""weight"": 1.0, ""strength"": 0.3, ""contribution"": 0.0429}, {""key"": ""fuel"", ""note"": ""excluded: oi unavailable"", ""weight"": 0.0, ""excluded_weight"": 1.5}, {""key"": ""cleared"", ""note"": ""excluded: oi unavailable"", ""weight"": 0.0, ""excluded_weight"": 1.2}, {""key"": ""delta_flip"", ""note"": ""excluded: taker unavailable"", ""weight"": 0.0, ""excluded_weight"": 1.5}, {""key"": ""absorption"", ""note"": ""excluded: taker unavailable"", ""weight"": 0.0, ""excluded_weight"": 1.0}, {""key"": ""cohort"", ""note"": ""excluded: cohort unavailable"", ""weight"": 0.0, ""excluded_weight"": 1.0}]"
M1,BTC,neutral,2026-04-24 09:30:05,equal_lows_1h,77406.1,long,77450.2,2026-04-24 09:35:00,77326.13016985515,77680.57988676324,2026-04-24 13:35:00,78000.0,time_stop,3.099292384234252,0.7548,full,0,77326.13016985515,1,77467.91005661839,1,1,"[{""key"": ""location"", ""weight"": 2.0, ""strength"": 1.0, ""contribution"": 0.2857}, {""key"": ""reclaim"", ""weight"": 2.0, ""strength"": 0.5953, ""contribution"": 0.1701}, {""key"": ""discount"", ""weight"": 1.2, ""strength"": 0.1104, ""contribution"": 0.0189}, {""key"": ""session"", ""weight"": 0.8, ""strength"": 0.6, ""contribution"": 0.0686}, {""key"": ""htf_bias"", ""weight"": 1.0, ""strength"": 1.0, ""contribution"": 0.1429}, {""key"": ""fuel"", ""note"": ""excluded: oi unavailable"", ""weight"": 0.0, ""excluded_weight"": 1.5}, {""key"": ""cleared"", ""note"": ""excluded: oi unavailable"", ""weight"": 0.0, ""excluded_weight"": 1.2}, {""key"": ""delta_flip"", ""note"": ""excluded: taker unavailable"", ""weight"": 0.0, ""excluded_weight"": 1.5}, {""key"": ""absorption"", ""note"": ""excluded: taker unavailable"", ""weight"": 0.0, ""excluded_weight"": 1.0}, {""key"": ""cohort"", ""note"": ""excluded: cohort unavailable"", ""weight"": 0.0, ""excluded_weight"": 1.0}]"
M1,BTC,neutral,2026-04-29 18:30:05,4h_ob_bottom,74988.6,long,75100.1,2026-04-29 18:35:00,74817.6921016008,75598.78859893279,2026-04-29 22:35:00,75804.6,time_stop,2.074779982556206,0.9513,full,0,74817.6921016008,1,75130.1307005336,1,1,"[{""key"": ""location"", ""weight"": 2.0, ""strength"": 1.0, ""contribution"": 0.2857}, {""key"": ""reclaim"", ""weight"": 2.0, ""strength"": 0.8351, ""contribution"": 0.2386}, {""key"": ""discount"", ""weight"": 1.2, ""strength"": 0.7532, ""contribution"": 0.1291}, {""key"": ""session"", ""weight"": 0.8, ""strength"": 0.6, ""contribution"": 0.0686}, {""key"": ""htf_bias"", ""weight"": 1.0, ""strength"": 1.0, ""contribution"": 0.1429}, {""key"": ""fuel"", ""note"": ""excluded: oi unavailable"", ""weight"": 0.0, ""excluded_weight"": 1.5}, {""key"": ""cleared"", ""note"": ""excluded: oi unavailable"", ""weight"": 0.0, ""excluded_weight"": 1.2}, {""key"": ""delta_flip"", ""note"": ""excluded: taker unavailable"", ""weight"": 0.0, ""excluded_weight"": 1.5}, {""key"": ""absorption"", ""note"": ""excluded: taker unavailable"", ""weight"": 0.0, ""excluded_weight"": 1.0}, {""key"": ""cohort"", ""note"": ""excluded: cohort unavailable"", ""weight"": 0.0, ""excluded_weight"": 1.0}]"
M1,BTC,neutral,2026-05-01 08:45:05,equal_highs_1h,77434.43333333333,short,77412.4,,77503.60390754498,77275.5140616367,2026-05-01 09:30:05,,cancelled:entry_expired_no_fvg,,0.8107,full,0,77503.60390754498,0,77412.36796918167,1,1,"[{""key"": ""location"", ""weight"": 2.0, ""strength"": 1.0, ""contribution"": 0.2857}, {""key"": ""reclaim"", ""weight"": 2.0, ""strength"": 0.5912, ""contribution"": 0.1689}, {""key"": ""discount"", ""weight"": 1.2, ""strength"": 0.5897, ""contribution"": 0.1011}, {""key"": ""session"", ""weight"": 0.8, ""strength"": 1.0, ""contribution"": 0.1143}, {""key"": ""htf_bias"", ""weight"": 1.0, ""strength"": 0.0, ""contribution"": 0.0}, {""key"": ""fuel"", ""note"": ""excluded: oi unavailable"", ""weight"": 0.0, ""excluded_weight"": 1.5}, {""key"": ""cleared"", ""note"": ""excluded: oi unavailable"", ""weight"": 0.0, ""excluded_weight"": 1.2}, {""key"": ""delta_flip"", ""note"": ""excluded: taker unavailable"", ""weight"": 0.0, ""excluded_weight"": 1.5}, {""key"": ""absorption"", ""note"": ""excluded: taker unavailable"", ""weight"": 0.0, ""excluded_weight"": 1.0}, {""key"": ""cohort"", ""note"": ""excluded: cohort unavailable"", ""weight"": 0.0, ""excluded_weight"": 1.0}]"
M1,BTC,neutral,2026-05-01 13:30:05,4h_fvg_top,78319.1,short,78322.9,2026-05-01 13:35:00,78430.02402532389,78162.23398311739,2026-05-01 13:40:00,78322.9,stop_be,0.24908557553346267,0.7332,full,0,78430.02402532389,0,78322.90800844129,1,1,"[{""key"": ""location"", ""weight"": 2.0, ""strength"": 1.0, ""contribution"": 0.2857}, {""key"": ""reclaim"", ""weight"": 2.0, ""strength"": 1.0, ""contribution"": 0.2857}, {""key"": ""discount"", ""weight"": 1.2, ""strength"": 0.4184, ""contribution"": 0.0717}, {""key"": ""session"", ""weight"": 0.8, ""strength"": 1.0, ""contribution"": 0.1143}, {""key"": ""htf_bias"", ""weight"": 1.0, ""strength"": 0.0, ""contribution"": 0.0}, {""key"": ""fuel"", ""note"": ""excluded: oi unavailable"", ""weight"": 0.0, ""excluded_weight"": 1.5}, {""key"": ""cleared"", ""note"": ""excluded: oi unavailable"", ""weight"": 0.0, ""excluded_weight"": 1.2}, {""key"": ""delta_flip"", ""note"": ""excluded: taker unavailable"", ""weight"": 0.0, ""excluded_weight"": 1.5}, {""key"": ""absorption"", ""note"": ""excluded: taker unavailable"", ""weight"": 0.0, ""excluded_weight"": 1.0}, {""key"": ""cohort"", ""note"": ""excluded: cohort unavailable"", ""weight"": 0.0, ""excluded_weight"": 1.0}]"
M1,BTC,neutral,2026-05-07 00:00:05,4h_ob_bottom,81333.3,long,81335.9,2026-05-07 00:05:00,81242.91710828358,81465.79688940298,2026-05-07 00:20:00,81242.9,stop,-1.5245527026390255,0.6218,half,1,81249.30466589553,0,81335.90155529851,2,0,"[{""key"": ""location"", ""weight"": 2.0, ""strength"": 1.0, ""contribution"": 0.2857}, {""key"": ""reclaim"", ""weight"": 2.0, ""strength"": 0.6603, ""contribution"": 0.1887}, {""key"": ""discount"", ""weight"": 1.2, ""strength"": 0.3213, ""contribution"": 0.0551}, {""key"": ""session"", ""weight"": 0.8, ""strength"": 0.3, ""contribution"": 0.0343}, {""key"": ""htf_bias"", ""weight"": 1.0, ""strength"": 1.0, ""contribution"": 0.1429}, {""key"": ""fuel"", ""note"": ""excluded: oi unavailable"", ""weight"": 0.0, ""excluded_weight"": 1.5}, {""key"": ""cleared"", ""note"": ""excluded: oi unavailable"", ""weight"": 0.0, ""excluded_weight"": 1.2}, {""key"": ""delta_flip"", ""note"": ""excluded: taker unavailable"", ""weight"": 0.0, ""excluded_weight"": 1.5}, {""key"": ""absorption"", ""note"": ""excluded: taker unavailable"", ""weight"": 0.0, ""excluded_weight"": 1.0}, {""key"": ""cohort"", ""note"": ""excluded: cohort unavailable"", ""weight"": 0.0, ""excluded_weight"": 1.0}]"
M1,BTC,neutral,2026-05-12 14:30:05,pdl,80394.0,long,80513.8,2026-05-12 14:35:00,80329.2708202156,80661.2,2026-05-12 14:50:00,80513.8,stop_be,0.11005994389072715,0.6603,half,0,80329.2708202156,0,80513.75694007186,1,1,"[{""key"": ""location"", ""weight"": 2.0, ""strength"": 0.8, ""contribution"": 0.2286}, {""key"": ""reclaim"", ""weight"": 2.0, ""strength"": 0.8346, ""contribution"": 0.2385}, {""key"": ""discount"", ""weight"": 1.2, ""strength"": 0.7498, ""contribution"": 0.1285}, {""key"": ""session"", ""weight"": 0.8, ""strength"": 1.0, ""contribution"": 0.1143}, {""key"": ""htf_bias"", ""weight"": 1.0, ""strength"": 1.0, ""contribution"": 0.1429}, {""key"": ""fuel"", ""note"": ""excluded: oi unavailable"", ""weight"": 0.0, ""excluded_weight"": 1.5}, {""key"": ""cleared"", ""note"": ""excluded: oi unavailable"", ""weight"": 0.0, ""excluded_weight"": 1.2}, {""key"": ""delta_flip"", ""note"": ""excluded: taker unavailable"", ""weight"": 0.0, ""excluded_weight"": 1.5}, {""key"": ""absorption"", ""note"": ""excluded: taker unavailable"", ""weight"": 0.0, ""excluded_weight"": 1.0}, {""key"": ""cohort"", ""note"": ""excluded: cohort unavailable"", ""weight"": 0.0, ""excluded_weight"": 1.0}]"
M1,BTC,neutral,2026-05-12 15:45:05,equal_lows_1h,80207.55,long,80305.3,2026-05-12 15:50:00,80105.55266399475,80394.0,2026-05-12 15:59:59,80305.3,stop_be,-0.01537740685911203,0.7748,full,0,80105.55266399475,0,80305.31755466491,2,0,"[{""key"": ""location"", ""weight"": 2.0, ""strength"": 0.8, ""contribution"": 0.2286}, {""key"": ""reclaim"", ""weight"": 2.0, ""strength"": 0.3945, ""contribution"": 0.1127}, {""key"": ""discount"", ""weight"": 1.2, ""strength"": 0.8848, ""contribution"": 0.1517}, {""key"": ""session"", ""weight"": 0.8, ""strength"": 0.6, ""contribution"": 0.0686}, {""key"": ""htf_bias"", ""weight"": 1.0, ""strength"": 1.0, ""contribution"": 0.1429}, {""key"": ""fuel"", ""note"": ""excluded: oi unavailable"", ""weight"": 0.0, ""excluded_weight"": 1.5}, {""key"": ""cleared"", ""note"": ""excluded: oi unavailable"", ""weight"": 0.0, ""excluded_weight"": 1.2}, {""key"": ""delta_flip"", ""note"": ""excluded: taker unavailable"", ""weight"": 0.0, ""excluded_weight"": 1.5}, {""key"": ""absorption"", ""note"": ""excluded: taker unavailable"", ""weight"": 0.0, ""excluded_weight"": 1.0}, {""key"": ""cohort"", ""note"": ""excluded: cohort unavailable"", ""weight"": 0.0, ""excluded_weight"": 1.0}]"
M1,BTC,neutral,2026-05-14 16:30:05,4h_fvg_top,81521.5,short,81519.1,2026-05-14 16:35:00,81656.19649082534,81390.68245621357,2026-05-14 16:50:00,81519.1,stop_be,0.08932641568908499,0.9201,full,1,81604.72631567964,0,81519.10877189321,1,1,"[{""key"": ""location"", ""weight"": 2.0, ""strength"": 1.0, ""contribution"": 0.2857}, {""key"": ""reclaim"", ""weight"": 2.0, ""strength"": 1.0, ""contribution"": 0.2857}, {""key"": ""discount"", ""weight"": 1.2, ""strength"": 0.6461, ""contribution"": 0.1108}, {""key"": ""session"", ""weight"": 0.8, ""strength"": 0.6, ""contribution"": 0.0686}, {""key"": ""htf_bias"", ""weight"": 1.0, ""strength"": 0.6, ""contribution"": 0.0857}, {""key"": ""fuel"", ""note"": ""excluded: oi unavailable"", ""weight"": 0.0, ""excluded_weight"": 1.5}, {""key"": ""cleared"", ""note"": ""excluded: oi unavailable"", ""weight"": 0.0, ""excluded_weight"": 1.2}, {""key"": ""delta_flip"", ""note"": ""excluded: taker unavailable"", ""weight"": 0.0, ""excluded_weight"": 1.5}, {""key"": ""absorption"", ""note"": ""excluded: taker unavailable"", ""weight"": 0.0, ""excluded_weight"": 1.0}, {""key"": ""cohort"", ""note"": ""excluded: cohort unavailable"", ""weight"": 0.0, ""excluded_weight"": 1.0}]"
M1,BTC,neutral,2026-05-18 07:00:05,pwl,76666.0,long,76707.3,,76593.06787485727,76878.57975009517,2026-05-18 07:45:05,,cancelled:entry_expired_no_fvg,,0.5694,half,0,76593.06787485727,0,76707.27262495243,1,1,"[{""key"": ""location"", ""weight"": 2.0, ""strength"": 1.0, ""contribution"": 0.2857}, {""key"": ""reclaim"", ""weight"": 2.0, ""strength"": 0.3449, ""contribution"": 0.0985}, {""key"": ""discount"", ""weight"": 1.2, ""strength"": 0.0229, ""contribution"": 0.0039}, {""key"": ""session"", ""weight"": 0.8, ""strength"": 1.0, ""contribution"": 0.1143}, {""key"": ""htf_bias"", ""weight"": 1.0, ""strength"": 0.6, ""contribution"": 0.0857}, {""key"": ""fuel"", ""note"": ""excluded: oi unavailable"", ""weight"": 0.0, ""excluded_weight"": 1.5}, {""key"": ""cleared"", ""note"": ""excluded: oi unavailable"", ""weight"": 0.0, ""excluded_weight"": 1.2}, {""key"": ""delta_flip"", ""note"": ""excluded: taker unavailable"", ""weight"": 0.0, ""excluded_weight"": 1.5}, {""key"": ""absorption"", ""note"": ""excluded: taker unavailable"", ""weight"": 0.0, ""excluded_weight"": 1.0}, {""key"": ""cohort"", ""note"": ""excluded: cohort unavailable"", ""weight"": 0.0, ""excluded_weight"": 1.0}]"
M1,BTC,neutral,2026-05-21 08:30:05,equal_highs_1h,78146.6,short,78108.0,,78204.28849884133,77963.5576674391,2026-05-21 09:15:05,,cancelled:entry_expired_no_fvg,,1.0,full,0,78204.28849884133,0,78107.99616628044,1,1,"[{""key"": ""location"", ""weight"": 2.0, ""strength"": 1.0, ""contribution"": 0.2857}, {""key"": ""reclaim"", ""weight"": 2.0, ""strength"": 0.9003, ""contribution"": 0.2572}, {""key"": ""discount"", ""weight"": 1.2, ""strength"": 0.5545, ""contribution"": 0.0951}, {""key"": ""session"", ""weight"": 0.8, ""strength"": 1.0, ""contribution"": 0.1143}, {""key"": ""htf_bias"", ""weight"": 1.0, ""strength"": 0.6, ""contribution"": 0.0857}, {""key"": ""fuel"", ""note"": ""excluded: oi unavailable"", ""weight"": 0.0, ""excluded_weight"": 1.5}, {""key"": ""cleared"", ""note"": ""excluded: oi unavailable"", ""weight"": 0.0, ""excluded_weight"": 1.2}, {""key"": ""delta_flip"", ""note"": ""excluded: taker unavailable"", ""weight"": 0.0, ""excluded_weight"": 1.5}, {""key"": ""absorption"", ""note"": ""excluded: taker unavailable"", ""weight"": 0.0, ""excluded_weight"": 1.0}, {""key"": ""cohort"", ""note"": ""excluded: cohort unavailable"", ""weight"": 0.0, ""excluded_weight"": 1.0}]"
M1,BTC,neutral,2026-05-25 02:30:05,equal_highs_4h,77420.53333333334,short,77376.3,,77494.12638027036,77211.78156722356,2026-05-25 03:15:05,,cancelled:entry_expired_no_fvg,,0.7658,full,1,77485.95264916465,0,77376.28421638822,1,1,"[{""key"": ""location"", ""weight"": 2.0, ""strength"": 1.0, ""contribution"": 0.2857}, {""key"": ""reclaim"", ""weight"": 2.0, ""strength"": 1.0, ""contribution"": 0.2857}, {""key"": ""discount"", ""weight"": 1.2, ""strength"": 0.7098, ""contribution"": 0.1217}, {""key"": ""session"", ""weight"": 0.8, ""strength"": 0.3, ""contribution"": 0.0343}, {""key"": ""htf_bias"", ""weight"": 1.0, ""strength"": 1.0, ""contribution"": 0.1429}, {""key"": ""fuel"", ""note"": ""excluded: oi unavailable"", ""weight"": 0.0, ""excluded_weight"": 1.5}, {""key"": ""cleared"", ""note"": ""excluded: oi unavailable"", ""weight"": 0.0, ""excluded_weight"": 1.2}, {""key"": ""delta_flip"", ""note"": ""excluded: taker unavailable"", ""weight"": 0.0, ""excluded_weight"": 1.5}, {""key"": ""absorption"", ""note"": ""excluded: taker unavailable"", ""weight"": 0.0, ""excluded_weight"": 1.0}, {""key"": ""cohort"", ""note"": ""excluded: cohort unavailable"", ""weight"": 0.0, ""excluded_weight"": 1.0}]"
M1,BTC,neutral,2026-05-27 15:00:05,4h_fvg_bottom,74839.1,long,74934.5,,74748.4004141517,75213.69139056552,2026-05-27 15:45:05,,cancelled:entry_expired_no_fvg,,0.6166,half,0,74748.4004141517,0,74934.51680471723,1,1,"[{""key"": ""location"", ""weight"": 2.0, ""strength"": 1.0, ""contribution"": 0.2857}, {""key"": ""reclaim"", ""weight"": 2.0, ""strength"": 0.4763, ""contribution"": 0.1361}, {""key"": ""discount"", ""weight"": 1.2, ""strength"": 0.5884, ""contribution"": 0.1009}, {""key"": ""session"", ""weight"": 0.8, ""strength"": 1.0, ""contribution"": 0.1143}, {""key"": ""htf_bias"", ""weight"": 1.0, ""strength"": 0.0, ""contribution"": 0.0}, {""key"": ""fuel"", ""note"": ""excluded: oi unavailable"", ""weight"": 0.0, ""excluded_weight"": 1.5}, {""key"": ""cleared"", ""note"": ""excluded: oi unavailable"", ""weight"": 0.0, ""excluded_weight"": 1.2}, {""key"": ""delta_flip"", ""note"": ""excluded: taker unavailable"", ""weight"": 0.0, ""excluded_weight"": 1.5}, {""key"": ""absorption"", ""note"": ""excluded: taker unavailable"", ""weight"": 0.0, ""excluded_weight"": 1.0}, {""key"": ""cohort"", ""note"": ""excluded: cohort unavailable"", ""weight"": 0.0, ""excluded_weight"": 1.0}]"
M1,BTC,neutral,2026-05-29 16:30:05,equal_highs_1h,73920.4,short,73748.9,2026-05-29 16:35:00,74033.65454117395,73591.4,2026-05-29 16:35:00,74033.7,stop,-1.1558752290502292,0.7348,full,0,74033.65454117395,0,73748.86818039132,2,0,"[{""key"": ""location"", ""weight"": 2.0, ""strength"": 1.0, ""contribution"": 0.2857}, {""key"": ""reclaim"", ""weight"": 2.0, ""strength"": 0.8575, ""contribution"": 0.245}, {""key"": ""discount"", ""weight"": 1.2, ""strength"": 0.5418, ""contribution"": 0.0929}, {""key"": ""session"", ""weight"": 0.8, ""strength"": 0.6, ""contribution"": 0.0686}, {""key"": ""htf_bias"", ""weight"": 1.0, ""strength"": 1.0, ""contribution"": 0.1429}, {""key"": ""fuel"", ""note"": ""excluded: oi unavailable"", ""weight"": 0.0, ""excluded_weight"": 1.5}, {""key"": ""cleared"", ""note"": ""excluded: oi unavailable"", ""weight"": 0.0, ""excluded_weight"": 1.2}, {""key"": ""delta_flip"", ""note"": ""excluded: taker unavailable"", ""weight"": 0.0, ""excluded_weight"": 1.5}, {""key"": ""absorption"", ""note"": ""excluded: taker unavailable"", ""weight"": 0.0, ""excluded_weight"": 1.0}, {""key"": ""cohort"", ""note"": ""excluded: cohort unavailable"", ""weight"": 0.0, ""excluded_weight"": 1.0}]"
M1,BTC,neutral,2026-06-02 07:45:05,asia_low,69889.1,long,70028.1,2026-06-02 08:05:00,69751.13878078674,70249.6,2026-06-02 08:50:00,69751.1,stop,-1.1512735991720096,0.7139,full,0,69751.13878078674,0,70028.12959359557,2,0,"[{""key"": ""location"", ""weight"": 2.0, ""strength"": 0.6, ""contribution"": 0.1714}, {""key"": ""reclaim"", ""weight"": 2.0, ""strength"": 1.0, ""contribution"": 0.2857}, {""key"": ""discount"", ""weight"": 1.2, ""strength"": 0.7185, ""contribution"": 0.1232}, {""key"": ""session"", ""weight"": 0.8, ""strength"": 1.0, ""contribution"": 0.1143}, {""key"": ""htf_bias"", ""weight"": 1.0, ""strength"": 0.3, ""contribution"": 0.0429}, {""key"": ""fuel"", ""note"": ""excluded: oi unavailable"", ""weight"": 0.0, ""excluded_weight"": 1.5}, {""key"": ""cleared"", ""note"": ""excluded: oi unavailable"", ""weight"": 0.0, ""excluded_weight"": 1.2}, {""key"": ""delta_flip"", ""note"": ""excluded: taker unavailable"", ""weight"": 0.0, ""excluded_weight"": 1.5}, {""key"": ""absorption"", ""note"": ""excluded: taker unavailable"", ""weight"": 0.0, ""excluded_weight"": 1.0}, {""key"": ""cohort"", ""note"": ""excluded: cohort unavailable"", ""weight"": 0.0, ""excluded_weight"": 1.0}]"
M1,BTC,neutral,2026-06-11 04:15:05,equal_highs_4h,62891.3,short,62670.2,2026-06-11 04:20:00,62960.025546150064,62235.39963589996,2026-06-11 06:20:00,62960.0,stop,-1.1300055841467025,0.6215,half,0,62960.025546150064,0,62670.17518205002,1,1,"[{""key"": ""location"", ""weight"": 2.0, ""strength"": 1.0, ""contribution"": 0.2857}, {""key"": ""reclaim"", ""weight"": 2.0, ""strength"": 0.3662, ""contribution"": 0.1046}, {""key"": ""discount"", ""weight"": 1.2, ""strength"": 0.8097, ""contribution"": 0.1388}, {""key"": ""session"", ""weight"": 0.8, ""strength"": 0.3, ""contribution"": 0.0343}, {""key"": ""htf_bias"", ""weight"": 1.0, ""strength"": 1.0, ""contribution"": 0.1429}, {""key"": ""fuel"", ""note"": ""excluded: oi unavailable"", ""weight"": 0.0, ""excluded_weight"": 1.5}, {""key"": ""cleared"", ""note"": ""excluded: oi unavailable"", ""weight"": 0.0, ""excluded_weight"": 1.2}, {""key"": ""delta_flip"", ""note"": ""excluded: taker unavailable"", ""weight"": 0.0, ""excluded_weight"": 1.5}, {""key"": ""absorption"", ""note"": ""excluded: taker unavailable"", ""weight"": 0.0, ""excluded_weight"": 1.0}, {""key"": ""cohort"", ""note"": ""excluded: cohort unavailable"", ""weight"": 0.0, ""excluded_weight"": 1.0}]"
M1,BTC,neutral,2026-06-12 10:00:05,equal_highs_1h,63837.85,short,63825.8,,63958.001618037386,63627.54058797506,2026-06-12 10:45:05,,cancelled:entry_expired_no_fvg,,0.7271,full,0,63958.001618037386,0,63825.817206012456,2,0,"[{""key"": ""location"", ""weight"": 2.0, ""strength"": 1.0, ""contribution"": 0.2857}, {""key"": ""reclaim"", ""weight"": 2.0, ""strength"": 0.6128, ""contribution"": 0.1751}, {""key"": ""discount"", ""weight"": 1.2, ""strength"": 0.7678, ""contribution"": 0.1316}, {""key"": ""session"", ""weight"": 0.8, ""strength"": 0.6, ""contribution"": 0.0686}, {""key"": ""htf_bias"", ""weight"": 1.0, ""strength"": 0.0, ""contribution"": 0.0}, {""key"": ""fuel"", ""note"": ""excluded: oi unavailable"", ""weight"": 0.0, ""excluded_weight"": 1.5}, {""key"": ""cleared"", ""note"": ""excluded: oi unavailable"", ""weight"": 0.0, ""excluded_weight"": 1.2}, {""key"": ""delta_flip"", ""note"": ""excluded: taker unavailable"", ""weight"": 0.0, ""excluded_weight"": 1.5}, {""key"": ""absorption"", ""note"": ""excluded: taker unavailable"", ""weight"": 0.0, ""excluded_weight"": 1.0}, {""key"": ""cohort"", ""note"": ""excluded: cohort unavailable"", ""weight"": 0.0, ""excluded_weight"": 1.0}]"
M1,BTC,neutral,2026-06-18 16:15:05,equal_lows_4h,62348.1,long,62485.1,2026-06-18 16:20:00,62183.063472688154,62938.04101820788,2026-06-18 20:20:00,63068.1,time_stop,1.6583240647154327,0.8699,full,0,62183.063472688154,0,62485.054490896044,2,0,"[{""key"": ""location"", ""weight"": 2.0, ""strength"": 1.0, ""contribution"": 0.2857}, {""key"": ""reclaim"", ""weight"": 2.0, ""strength"": 0.7116, ""contribution"": 0.2033}, {""key"": ""discount"", ""weight"": 1.2, ""strength"": 0.8602, ""contribution"": 0.1475}, {""key"": ""session"", ""weight"": 0.8, ""strength"": 0.6, ""contribution"": 0.0686}, {""key"": ""htf_bias"", ""weight"": 1.0, ""strength"": 0.6, ""contribution"": 0.0857}, {""key"": ""fuel"", ""note"": ""excluded: oi unavailable"", ""weight"": 0.0, ""excluded_weight"": 1.5}, {""key"": ""cleared"", ""note"": ""excluded: oi unavailable"", ""weight"": 0.0, ""excluded_weight"": 1.2}, {""key"": ""delta_flip"", ""note"": ""excluded: taker unavailable"", ""weight"": 0.0, ""excluded_weight"": 1.5}, {""key"": ""absorption"", ""note"": ""excluded: taker unavailable"", ""weight"": 0.0, ""excluded_weight"": 1.0}, {""key"": ""cohort"", ""note"": ""excluded: cohort unavailable"", ""weight"": 0.0, ""excluded_weight"": 1.0}]"
M1,BTC,neutral,2026-06-23 00:45:05,equal_lows_1h,63855.759999999995,long,64093.1,2026-06-23 01:35:00,63775.65371683017,63990.1,2026-06-23 01:35:00,64093.1,stop_be,-0.41387768524950597,0.6001,half,0,63775.65371683017,0,63949.51790561005,2,0,"[{""key"": ""location"", ""weight"": 2.0, ""strength"": 0.8, ""contribution"": 0.2286}, {""key"": ""reclaim"", ""weight"": 2.0, ""strength"": 1.0, ""contribution"": 0.2857}, {""key"": ""discount"", ""weight"": 1.2, ""strength"": 0.278, ""contribution"": 0.0477}, {""key"": ""session"", ""weight"": 0.8, ""strength"": 0.3, ""contribution"": 0.0343}, {""key"": ""htf_bias"", ""weight"": 1.0, ""strength"": 0.6, ""contribution"": 0.0857}, {""key"": ""fuel"", ""note"": ""excluded: oi unavailable"", ""weight"": 0.0, ""excluded_weight"": 1.5}, {""key"": ""cleared"", ""note"": ""excluded: oi unavailable"", ""weight"": 0.0, ""excluded_weight"": 1.2}, {""key"": ""delta_flip"", ""note"": ""excluded: taker unavailable"", ""weight"": 0.0, ""excluded_weight"": 1.5}, {""key"": ""absorption"", ""note"": ""excluded: taker unavailable"", ""weight"": 0.0, ""excluded_weight"": 1.0}, {""key"": ""cohort"", ""note"": ""excluded: cohort unavailable"", ""weight"": 0.0, ""excluded_weight"": 1.0}]"
M1,BTC,neutral,2026-06-23 11:00:05,pwl,62232.1,long,62224.1,,62123.262637089145,62295.020429620155,2026-06-23 11:45:05,,cancelled:entry_expired_no_fvg,,0.7038,full,1,62176.84435556977,0,62224.11478518992,1,1,"[{""key"": ""location"", ""weight"": 2.0, ""strength"": 1.0, ""contribution"": 0.2857}, {""key"": ""reclaim"", ""weight"": 2.0, ""strength"": 0.678, ""contribution"": 0.1937}, {""key"": ""discount"", ""weight"": 1.2, ""strength"": 0.9683, ""contribution"": 0.166}, {""key"": ""session"", ""weight"": 0.8, ""strength"": 0.6, ""contribution"": 0.0686}, {""key"": ""htf_bias"", ""weight"": 1.0, ""strength"": 0.6, ""contribution"": 0.0857}, {""key"": ""fuel"", ""note"": ""excluded: oi unavailable"", ""weight"": 0.0, ""excluded_weight"": 1.5}, {""key"": ""cleared"", ""note"": ""excluded: oi unavailable"", ""weight"": 0.0, ""excluded_weight"": 1.2}, {""key"": ""delta_flip"", ""note"": ""excluded: taker unavailable"", ""weight"": 0.0, ""excluded_weight"": 1.5}, {""key"": ""absorption"", ""note"": ""excluded: taker unavailable"", ""weight"": 0.0, ""excluded_weight"": 1.0}, {""key"": ""cohort"", ""note"": ""excluded: cohort unavailable"", ""weight"": 0.0, ""excluded_weight"": 1.0}]"
M1,BTC,neutral,2026-06-26 08:30:05,asia_high,60440.0,short,60379.6,,60585.7945807092,60156.0,2026-06-26 09:15:05,,cancelled:entry_expired_no_fvg,,0.592,half,0,60585.7945807092,0,60379.59819356973,1,1,"[{""key"": ""location"", ""weight"": 2.0, ""strength"": 0.6, ""contribution"": 0.1714}, {""key"": ""reclaim"", ""weight"": 2.0, ""strength"": 0.7482, ""contribution"": 0.2138}, {""key"": ""discount"", ""weight"": 1.2, ""strength"": 0.154, ""contribution"": 0.0264}, {""key"": ""session"", ""weight"": 0.8, ""strength"": 1.0, ""contribution"": 0.1143}, {""key"": ""htf_bias"", ""weight"": 1.0, ""strength"": 0.6, ""contribution"": 0.0857}, {""key"": ""fuel"", ""note"": ""excluded: oi unavailable"", ""weight"": 0.0, ""excluded_weight"": 1.5}, {""key"": ""cleared"", ""note"": ""excluded: oi unavailable"", ""weight"": 0.0, ""excluded_weight"": 1.2}, {""key"": ""delta_flip"", ""note"": ""excluded: taker unavailable"", ""weight"": 0.0, ""excluded_weight"": 1.5}, {""key"": ""absorption"", ""note"": ""excluded: taker unavailable"", ""weight"": 0.0, ""excluded_weight"": 1.0}, {""key"": ""cohort"", ""note"": ""excluded: cohort unavailable"", ""weight"": 0.0, ""excluded_weight"": 1.0}]"
M1,BTC,neutral,2026-06-27 08:15:05,asia_high,60492.2,short,60478.5,2026-06-27 08:20:00,60578.51522576242,60328.364849491714,2026-06-27 12:20:00,60320.5,time_stop,1.258003787451097,0.7887,full,0,60578.51522576242,0,60478.45507525414,2,0,"[{""key"": ""location"", ""weight"": 2.0, ""strength"": 0.6, ""contribution"": 0.1714}, {""key"": ""reclaim"", ""weight"": 2.0, ""strength"": 0.445, ""contribution"": 0.1272}, {""key"": ""discount"", ""weight"": 1.2, ""strength"": 0.8937, ""contribution"": 0.1532}, {""key"": ""session"", ""weight"": 0.8, ""strength"": 1.0, ""contribution"": 0.1143}, {""key"": ""htf_bias"", ""weight"": 1.0, ""strength"": 0.6, ""contribution"": 0.0857}, {""key"": ""fuel"", ""note"": ""excluded: oi unavailable"", ""weight"": 0.0, ""excluded_weight"": 1.5}, {""key"": ""cleared"", ""note"": ""excluded: oi unavailable"", ""weight"": 0.0, ""excluded_weight"": 1.2}, {""key"": ""delta_flip"", ""note"": ""excluded: taker unavailable"", ""weight"": 0.0, ""excluded_weight"": 1.5}, {""key"": ""absorption"", ""note"": ""excluded: taker unavailable"", ""weight"": 0.0, ""excluded_weight"": 1.0}, {""key"": ""cohort"", ""note"": ""excluded: cohort unavailable"", ""weight"": 0.0, ""excluded_weight"": 1.0}]"
M1,BTC,neutral,2026-07-04 00:30:05,4h_ob_top,62887.7,short,62812.3,,62949.89842636131,62605.81771575911,2026-07-04 01:15:05,,cancelled:entry_expired_no_fvg,,0.5531,half,0,62949.89842636131,0,62812.26614212043,1,1,"[{""key"": ""location"", ""weight"": 2.0, ""strength"": 1.0, ""contribution"": 0.2857}, {""key"": ""reclaim"", ""weight"": 2.0, ""strength"": 0.634, ""contribution"": 0.1812}, {""key"": ""discount"", ""weight"": 1.2, ""strength"": 0.743, ""contribution"": 0.1274}, {""key"": ""session"", ""weight"": 0.8, ""strength"": 0.3, ""contribution"": 0.0343}, {""key"": ""htf_bias"", ""weight"": 1.0, ""strength"": 0.0, ""contribution"": 0.0}, {""key"": ""fuel"", ""note"": ""excluded: oi unavailable"", ""weight"": 0.0, ""excluded_weight"": 1.5}, {""key"": ""cleared"", ""note"": ""excluded: oi unavailable"", ""weight"": 0.0, ""excluded_weight"": 1.2}, {""key"": ""delta_flip"", ""note"": ""excluded: taker unavailable"", ""weight"": 0.0, ""excluded_weight"": 1.5}, {""key"": ""absorption"", ""note"": ""excluded: taker unavailable"", ""weight"": 0.0, ""excluded_weight"": 1.0}, {""key"": ""cohort"", ""note"": ""excluded: cohort unavailable"", ""weight"": 0.0, ""excluded_weight"": 1.0}]"
M1,BTC,neutral,2026-07-17 14:00:05,4h_ob_bottom,62529.7,long,63015.6,2026-07-17 15:05:00,62431.4996796047,62611.0,2026-07-17 15:05:00,63015.6,stop_be,-1.9471788878620815,0.734,full,1,62475.509003528554,0,62530.136334509516,1,1,"[{""key"": ""location"", ""weight"": 2.0, ""strength"": 1.0, ""contribution"": 0.2857}, {""key"": ""reclaim"", ""weight"": 2.0, ""strength"": 0.7735, ""contribution"": 0.221}, {""key"": ""discount"", ""weight"": 1.2, ""strength"": 0.3009, ""contribution"": 0.0516}, {""key"": ""session"", ""weight"": 0.8, ""strength"": 1.0, ""contribution"": 0.1143}, {""key"": ""htf_bias"", ""weight"": 1.0, ""strength"": 0.6, ""contribution"": 0.0857}, {""key"": ""fuel"", ""note"": ""excluded: oi unavailable"", ""weight"": 0.0, ""excluded_weight"": 1.5}, {""key"": ""cleared"", ""note"": ""excluded: oi unavailable"", ""weight"": 0.0, ""excluded_weight"": 1.2}, {""key"": ""delta_flip"", ""note"": ""excluded: taker unavailable"", ""weight"": 0.0, ""excluded_weight"": 1.5}, {""key"": ""absorption"", ""note"": ""excluded: taker unavailable"", ""weight"": 0.0, ""excluded_weight"": 1.0}, {""key"": ""cohort"", ""note"": ""excluded: cohort unavailable"", ""weight"": 0.0, ""excluded_weight"": 1.0}]"
M1,BTC,neutral,2026-07-17 14:15:05,4h_ob_bottom,62529.7,long,,,,,,,"no_trade (trade #684 open at evaluation, its exit_ts 2026-07-17 15:05:00)",,0.7758,full,,,,,1,1,"[{""key"": ""location"", ""weight"": 2.0, ""strength"": 1.0, ""contribution"": 0.2857}, {""key"": ""reclaim"", ""weight"": 2.0, ""strength"": 1.0, ""contribution"": 0.2857}, {""key"": ""discount"", ""weight"": 1.2, ""strength"": 0.1748, ""contribution"": 0.03}, {""key"": ""session"", ""weight"": 0.8, ""strength"": 1.0, ""contribution"": 0.1143}, {""key"": ""htf_bias"", ""weight"": 1.0, ""strength"": 0.6, ""contribution"": 0.0857}, {""key"": ""fuel"", ""note"": ""excluded: oi unavailable"", ""weight"": 0.0, ""excluded_weight"": 1.5}, {""key"": ""cleared"", ""note"": ""excluded: oi unavailable"", ""weight"": 0.0, ""excluded_weight"": 1.2}, {""key"": ""delta_flip"", ""note"": ""excluded: taker unavailable"", ""weight"": 0.0, ""excluded_weight"": 1.5}, {""key"": ""absorption"", ""note"": ""excluded: taker unavailable"", ""weight"": 0.0, ""excluded_weight"": 1.0}, {""key"": ""cohort"", ""note"": ""excluded: cohort unavailable"", ""weight"": 0.0, ""excluded_weight"": 1.0}]"
M1,BTC,neutral,2026-07-20 16:15:05,pwh,65589.7,short,65584.1,,65730.02652006643,65365.23231995573,2026-07-20 17:00:05,,cancelled:entry_expired_no_fvg,,0.892,full,0,65730.02652006643,0,65584.10884002215,1,1,"[{""key"": ""location"", ""weight"": 2.0, ""strength"": 1.0, ""contribution"": 0.2857}, {""key"": ""reclaim"", ""weight"": 2.0, ""strength"": 0.8841, ""contribution"": 0.2526}, {""key"": ""discount"", ""weight"": 1.2, ""strength"": 0.9399, ""contribution"": 0.1611}, {""key"": ""session"", ""weight"": 0.8, ""strength"": 0.6, ""contribution"": 0.0686}, {""key"": ""htf_bias"", ""weight"": 1.0, ""strength"": 0.3, ""contribution"": 0.0429}, {""key"": ""fuel"", ""note"": ""excluded: oi unavailable"", ""weight"": 0.0, ""excluded_weight"": 1.5}, {""key"": ""cleared"", ""note"": ""excluded: oi unavailable"", ""weight"": 0.0, ""excluded_weight"": 1.2}, {""key"": ""delta_flip"", ""note"": ""excluded: taker unavailable"", ""weight"": 0.0, ""excluded_weight"": 1.5}, {""key"": ""absorption"", ""note"": ""excluded: taker unavailable"", ""weight"": 0.0, ""excluded_weight"": 1.0}, {""key"": ""cohort"", ""note"": ""excluded: cohort unavailable"", ""weight"": 0.0, ""excluded_weight"": 1.0}]"
M1,BTC,neutral,2026-07-21 13:45:05,london_high,66618.0,short,66518.6,2026-07-21 13:50:00,66659.74919982883,66306.7922001141,2026-07-21 13:50:00,66659.8,stop,-1.2832632597343716,0.8736,full,0,66659.74919982883,0,66518.56639994294,1,1,"[{""key"": ""location"", ""weight"": 2.0, ""strength"": 0.6, ""contribution"": 0.1714}, {""key"": ""reclaim"", ""weight"": 2.0, ""strength"": 0.8142, ""contribution"": 0.2326}, {""key"": ""discount"", ""weight"": 1.2, ""strength"": 0.9378, ""contribution"": 0.1608}, {""key"": ""session"", ""weight"": 0.8, ""strength"": 1.0, ""contribution"": 0.1143}, {""key"": ""htf_bias"", ""weight"": 1.0, ""strength"": 0.3, ""contribution"": 0.0429}, {""key"": ""fuel"", ""note"": ""excluded: oi unavailable"", ""weight"": 0.0, ""excluded_weight"": 1.5}, {""key"": ""cleared"", ""note"": ""excluded: oi unavailable"", ""weight"": 0.0, ""excluded_weight"": 1.2}, {""key"": ""delta_flip"", ""note"": ""excluded: taker unavailable"", ""weight"": 0.0, ""excluded_weight"": 1.5}, {""key"": ""absorption"", ""note"": ""excluded: taker unavailable"", ""weight"": 0.0, ""excluded_weight"": 1.0}, {""key"": ""cohort"", ""note"": ""excluded: cohort unavailable"", ""weight"": 0.0, ""excluded_weight"": 1.0}]"
M1,BTC,neutral,2026-08-17 16:15:05,liq_cluster_short,64179.1,short,64177.2,,64249.86745167438,64110.360463331934,2026-08-17 17:00:05,,cancelled:entry_expired_no_fvg,,0.5735,half,1,64221.70930500211,0,64177.16976833404,1,1,"[{""key"": ""location"", ""weight"": 2.0, ""strength"": 0.9, ""contribution"": 0.1856}, {""key"": ""reclaim"", ""weight"": 2.0, ""strength"": 0.9654, ""contribution"": 0.199}, {""key"": ""fuel"", ""weight"": 1.5, ""strength"": 0.1311, ""contribution"": 0.0203}, {""key"": ""cleared"", ""weight"": 1.2, ""strength"": 0.0, ""contribution"": 0.0}, {""key"": ""discount"", ""weight"": 1.2, ""strength"": 0.5414, ""contribution"": 0.067}, {""key"": ""session"", ""weight"": 0.8, ""strength"": 0.6, ""contribution"": 0.0495}, {""key"": ""htf_bias"", ""weight"": 1.0, ""strength"": 0.0, ""contribution"": 0.0}, {""key"": ""delta_flip"", ""note"": ""excluded: taker unavailable"", ""weight"": 0.0, ""excluded_weight"": 1.5}, {""key"": ""absorption"", ""note"": ""excluded: taker unavailable"", ""weight"": 0.0, ""excluded_weight"": 1.0}, {""key"": ""cohort"", ""note"": ""excluded: cohort unavailable"", ""weight"": 0.0, ""excluded_weight"": 1.0}]"
M1,BTC,neutral,2026-08-24 07:30:05,asia_high,77728.4,short,77475.6,2026-08-24 09:35:00,77829.7064657867,77442.3,2026-08-24 09:35:00,77475.6,stop_be,-0.13166084482919843,0.6531,half,0,77829.7064657867,0,77648.43548859557,2,0,"[{""key"": ""location"", ""weight"": 2.0, ""strength"": 0.6, ""contribution"": 0.1237}, {""key"": ""reclaim"", ""weight"": 2.0, ""strength"": 0.8702, ""contribution"": 0.1794}, {""key"": ""fuel"", ""weight"": 1.5, ""strength"": 0.0026, ""contribution"": 0.0004}, {""key"": ""cleared"", ""weight"": 1.2, ""strength"": 0.0, ""contribution"": 0.0}, {""key"": ""discount"", ""weight"": 1.2, ""strength"": 0.9929, ""contribution"": 0.1228}, {""key"": ""session"", ""weight"": 0.8, ""strength"": 1.0, ""contribution"": 0.0825}, {""key"": ""htf_bias"", ""weight"": 1.0, ""strength"": 0.3, ""contribution"": 0.0309}, {""key"": ""delta_flip"", ""note"": ""excluded: taker unavailable"", ""weight"": 0.0, ""excluded_weight"": 1.5}, {""key"": ""absorption"", ""note"": ""excluded: taker unavailable"", ""weight"": 0.0, ""excluded_weight"": 1.0}, {""key"": ""cohort"", ""note"": ""excluded: cohort unavailable"", ""weight"": 0.0, ""excluded_weight"": 1.0}]"
M1,BTC,neutral,2026-08-26 15:45:05,4h_fvg_bottom,77789.7,long,77898.7,,77644.00006604064,78252.8,2026-08-26 16:30:05,,cancelled:entry_expired_no_fvg,,0.5526,half,0,77644.00006604064,0,77898.66668868023,1,1,"[{""key"": ""location"", ""weight"": 2.0, ""strength"": 1.0, ""contribution"": 0.2062}, {""key"": ""reclaim"", ""weight"": 2.0, ""strength"": 0.7745, ""contribution"": 0.1597}, {""key"": ""fuel"", ""weight"": 1.5, ""strength"": 0.0, ""contribution"": 0.0}, {""key"": ""cleared"", ""weight"": 1.2, ""strength"": 0.0, ""contribution"": 0.0}, {""key"": ""discount"", ""weight"": 1.2, ""strength"": 0.8848, ""contribution"": 0.1095}, {""key"": ""session"", ""weight"": 0.8, ""strength"": 0.6, ""contribution"": 0.0495}, {""key"": ""htf_bias"", ""weight"": 1.0, ""strength"": 1.0, ""contribution"": 0.1031}, {""key"": ""delta_flip"", ""note"": ""excluded: taker unavailable"", ""weight"": 0.0, ""excluded_weight"": 1.5}, {""key"": ""absorption"", ""note"": ""excluded: taker unavailable"", ""weight"": 0.0, ""excluded_weight"": 1.0}, {""key"": ""cohort"", ""note"": ""excluded: cohort unavailable"", ""weight"": 0.0, ""excluded_weight"": 1.0}]"
M1,BTC,neutral,2026-09-03 13:15:05,liq_cluster_short,78699.8,short,78628.2,2026-09-03 13:35:00,78785.459259653,78479.5,2026-09-03 13:40:00,78628.2,stop_be,0.13827807796939548,0.682,half,0,78785.459259653,0,78628.18641988434,1,1,"[{""key"": ""location"", ""weight"": 2.0, ""strength"": 0.7, ""contribution"": 0.1443}, {""key"": ""reclaim"", ""weight"": 2.0, ""strength"": 0.5512, ""contribution"": 0.1136}, {""key"": ""fuel"", ""weight"": 1.5, ""strength"": 1.0, ""contribution"": 0.1546}, {""key"": ""cleared"", ""weight"": 1.2, ""strength"": 0.0, ""contribution"": 0.0}, {""key"": ""discount"", ""weight"": 1.2, ""strength"": 0.5538, ""contribution"": 0.0685}, {""key"": ""session"", ""weight"": 0.8, ""strength"": 1.0, ""contribution"": 0.0825}, {""key"": ""htf_bias"", ""weight"": 1.0, ""strength"": 0.0, ""contribution"": 0.0}, {""key"": ""delta_flip"", ""note"": ""excluded: taker unavailable"", ""weight"": 0.0, ""excluded_weight"": 1.5}, {""key"": ""absorption"", ""note"": ""excluded: taker unavailable"", ""weight"": 0.0, ""excluded_weight"": 1.0}, {""key"": ""cohort"", ""note"": ""excluded: cohort unavailable"", ""weight"": 0.0, ""excluded_weight"": 1.0}]"
M1,ETH,neutral,2026-03-11 08:00:05,equal_lows_4h,2007.885,long,2009.83,2026-03-11 08:05:00,2004.7530878387847,2017.439608107477,2026-03-11 12:05:00,2011.51,time_stop,0.6081680794142827,1.0,full,0,2004.7530878387847,0,2009.8276959462617,1,1,"[{""key"": ""location"", ""weight"": 2.0, ""strength"": 1.0, ""contribution"": 0.2857}, {""key"": ""reclaim"", ""weight"": 2.0, ""strength"": 0.5553, ""contribution"": 0.1586}, {""key"": ""discount"", ""weight"": 1.2, ""strength"": 0.9043, ""contribution"": 0.155}, {""key"": ""session"", ""weight"": 0.8, ""strength"": 1.0, ""contribution"": 0.1143}, {""key"": ""htf_bias"", ""weight"": 1.0, ""strength"": 1.0, ""contribution"": 0.1429}, {""key"": ""fuel"", ""note"": ""excluded: oi unavailable"", ""weight"": 0.0, ""excluded_weight"": 1.5}, {""key"": ""cleared"", ""note"": ""excluded: oi unavailable"", ""weight"": 0.0, ""excluded_weight"": 1.2}, {""key"": ""delta_flip"", ""note"": ""excluded: taker unavailable"", ""weight"": 0.0, ""excluded_weight"": 1.5}, {""key"": ""absorption"", ""note"": ""excluded: taker unavailable"", ""weight"": 0.0, ""excluded_weight"": 1.0}, {""key"": ""cohort"", ""note"": ""excluded: cohort unavailable"", ""weight"": 0.0, ""excluded_weight"": 1.0}]"
M1,ETH,neutral,2026-03-11 17:45:05,4h_ob_top,2082.88,short,2081.99,,2089.634763611045,2074.076861161628,2026-03-11 18:30:05,,cancelled:entry_expired_no_fvg,,0.7883,full,1,2087.272208257558,0,2081.994069419186,1,1,"[{""key"": ""location"", ""weight"": 2.0, ""strength"": 1.0, ""contribution"": 0.2857}, {""key"": ""reclaim"", ""weight"": 2.0, ""strength"": 0.7955, ""contribution"": 0.2273}, {""key"": ""discount"", ""weight"": 1.2, ""strength"": 0.5376, ""contribution"": 0.0922}, {""key"": ""session"", ""weight"": 0.8, ""strength"": 0.6, ""contribution"": 0.0686}, {""key"": ""htf_bias"", ""weight"": 1.0, ""strength"": 0.3, ""contribution"": 0.0429}, {""key"": ""fuel"", ""note"": ""excluded: oi unavailable"", ""weight"": 0.0, ""excluded_weight"": 1.5}, {""key"": ""cleared"", ""note"": ""excluded: oi unavailable"", ""weight"": 0.0, ""excluded_weight"": 1.2}, {""key"": ""delta_flip"", ""note"": ""excluded: taker unavailable"", ""weight"": 0.0, ""excluded_weight"": 1.5}, {""key"": ""absorption"", ""note"": ""excluded: taker unavailable"", ""weight"": 0.0, ""excluded_weight"": 1.0}, {""key"": ""cohort"", ""note"": ""excluded: cohort unavailable"", ""weight"": 0.0, ""excluded_weight"": 1.0}]"
M1,ETH,neutral,2026-03-13 13:45:05,pwh,2199.47,short,2187.99,2026-03-13 13:50:00,2207.7647756207093,2154.74,2026-03-13 14:20:00,2207.76,stop,-1.066503512570011,0.7786,full,0,2207.7647756207093,1,2182.908258540236,1,1,"[{""key"": ""location"", ""weight"": 2.0, ""strength"": 1.0, ""contribution"": 0.2857}, {""key"": ""reclaim"", ""weight"": 2.0, ""strength"": 0.3288, ""contribution"": 0.0939}, {""key"": ""discount"", ""weight"": 1.2, ""strength"": 0.8723, ""contribution"": 0.1495}, {""key"": ""session"", ""weight"": 0.8, ""strength"": 1.0, ""contribution"": 0.1143}, {""key"": ""htf_bias"", ""weight"": 1.0, ""strength"": 0.0, ""contribution"": 0.0}, {""key"": ""fuel"", ""note"": ""excluded: oi unavailable"", ""weight"": 0.0, ""excluded_weight"": 1.5}, {""key"": ""cleared"", ""note"": ""excluded: oi unavailable"", ""weight"": 0.0, ""excluded_weight"": 1.2}, {""key"": ""delta_flip"", ""note"": ""excluded: taker unavailable"", ""weight"": 0.0, ""excluded_weight"": 1.5}, {""key"": ""absorption"", ""note"": ""excluded: taker unavailable"", ""weight"": 0.0, ""excluded_weight"": 1.0}, {""key"": ""cohort"", ""note"": ""excluded: cohort unavailable"", ""weight"": 0.0, ""excluded_weight"": 1.0}]"
M1,ETH,neutral,2026-03-14 07:00:05,pdl,2069.1,long,2073.93,,2066.0602037663166,2085.7431974891215,2026-03-14 07:45:05,,cancelled:entry_expired_no_fvg,,0.7984,full,0,2066.0602037663166,0,2073.9334012554386,1,1,"[{""key"": ""location"", ""weight"": 2.0, ""strength"": 0.8, ""contribution"": 0.2286}, {""key"": ""reclaim"", ""weight"": 2.0, ""strength"": 0.3879, ""contribution"": 0.1108}, {""key"": ""discount"", ""weight"": 1.2, ""strength"": 0.369, ""contribution"": 0.0633}, {""key"": ""session"", ""weight"": 0.8, ""strength"": 1.0, ""contribution"": 0.1143}, {""key"": ""htf_bias"", ""weight"": 1.0, ""strength"": 1.0, ""contribution"": 0.1429}, {""key"": ""fuel"", ""note"": ""excluded: oi unavailable"", ""weight"": 0.0, ""excluded_weight"": 1.5}, {""key"": ""cleared"", ""note"": ""excluded: oi unavailable"", ""weight"": 0.0, ""excluded_weight"": 1.2}, {""key"": ""delta_flip"", ""note"": ""excluded: taker unavailable"", ""weight"": 0.0, ""excluded_weight"": 1.5}, {""key"": ""absorption"", ""note"": ""excluded: taker unavailable"", ""weight"": 0.0, ""excluded_weight"": 1.0}, {""key"": ""cohort"", ""note"": ""excluded: cohort unavailable"", ""weight"": 0.0, ""excluded_weight"": 1.0}]"
M1,ETH,neutral,2026-03-24 08:15:05,equal_highs_4h,2165.2650000000003,short,2164.81,,2171.3410890471473,2155.36,2026-03-24 09:00:05,,cancelled:entry_expired_no_fvg,,0.6132,half,0,2171.3410890471473,0,2164.8103630157157,1,1,"[{""key"": ""location"", ""weight"": 2.0, ""strength"": 1.0, ""contribution"": 0.2857}, {""key"": ""reclaim"", ""weight"": 2.0, ""strength"": 0.3132, ""contribution"": 0.0895}, {""key"": ""discount"", ""weight"": 1.2, ""strength"": 0.5902, ""contribution"": 0.1012}, {""key"": ""session"", ""weight"": 0.8, ""strength"": 1.0, ""contribution"": 0.1143}, {""key"": ""htf_bias"", ""weight"": 1.0, ""strength"": 0.3, ""contribution"": 0.0429}, {""key"": ""fuel"", ""note"": ""excluded: oi unavailable"", ""weight"": 0.0, ""excluded_weight"": 1.5}, {""key"": ""cleared"", ""note"": ""excluded: oi unavailable"", ""weight"": 0.0, ""excluded_weight"": 1.2}, {""key"": ""delta_flip"", ""note"": ""excluded: taker unavailable"", ""weight"": 0.0, ""excluded_weight"": 1.5}, {""key"": ""absorption"", ""note"": ""excluded: taker unavailable"", ""weight"": 0.0, ""excluded_weight"": 1.0}, {""key"": ""cohort"", ""note"": ""excluded: cohort unavailable"", ""weight"": 0.0, ""excluded_weight"": 1.0}]"
M1,ETH,neutral,2026-03-28 08:15:05,asia_high,2006.09,short,2006.14,2026-03-28 08:20:00,2008.233043653207,2003.002970897862,2026-03-28 12:20:00,2003.48,time_stop,0.9028415812529273,0.5598,half,0,2008.233043653207,0,2006.141014551069,1,1,"[{""key"": ""location"", ""weight"": 2.0, ""strength"": 0.6, ""contribution"": 0.1714}, {""key"": ""reclaim"", ""weight"": 2.0, ""strength"": 0.3281, ""contribution"": 0.0937}, {""key"": ""discount"", ""weight"": 1.2, ""strength"": 0.66, ""contribution"": 0.1131}, {""key"": ""session"", ""weight"": 0.8, ""strength"": 1.0, ""contribution"": 0.1143}, {""key"": ""htf_bias"", ""weight"": 1.0, ""strength"": 0.6, ""contribution"": 0.0857}, {""key"": ""fuel"", ""note"": ""excluded: oi unavailable"", ""weight"": 0.0, ""excluded_weight"": 1.5}, {""key"": ""cleared"", ""note"": ""excluded: oi unavailable"", ""weight"": 0.0, ""excluded_weight"": 1.2}, {""key"": ""delta_flip"", ""note"": ""excluded: taker unavailable"", ""weight"": 0.0, ""excluded_weight"": 1.5}, {""key"": ""absorption"", ""note"": ""excluded: taker unavailable"", ""weight"": 0.0, ""excluded_weight"": 1.0}, {""key"": ""cohort"", ""note"": ""excluded: cohort unavailable"", ""weight"": 0.0, ""excluded_weight"": 1.0}]"
M1,ETH,neutral,2026-03-30 08:15:05,4h_ob_top,2064.95,short,2062.37,2026-03-30 08:20:00,2069.2337452505612,2044.1108364996248,2026-03-30 08:35:00,2069.23,stop,-1.1794865020445993,0.7711,full,0,2069.2337452505612,1,2059.1845817501867,1,1,"[{""key"": ""location"", ""weight"": 2.0, ""strength"": 1.0, ""contribution"": 0.2857}, {""key"": ""reclaim"", ""weight"": 2.0, ""strength"": 0.5718, ""contribution"": 0.1634}, {""key"": ""discount"", ""weight"": 1.2, ""strength"": 0.8603, ""contribution"": 0.1475}, {""key"": ""session"", ""weight"": 0.8, ""strength"": 1.0, ""contribution"": 0.1143}, {""key"": ""htf_bias"", ""weight"": 1.0, ""strength"": 0.6, ""contribution"": 0.0857}, {""key"": ""fuel"", ""note"": ""excluded: oi unavailable"", ""weight"": 0.0, ""excluded_weight"": 1.5}, {""key"": ""cleared"", ""note"": ""excluded: oi unavailable"", ""weight"": 0.0, ""excluded_weight"": 1.2}, {""key"": ""delta_flip"", ""note"": ""excluded: taker unavailable"", ""weight"": 0.0, ""excluded_weight"": 1.5}, {""key"": ""absorption"", ""note"": ""excluded: taker unavailable"", ""weight"": 0.0, ""excluded_weight"": 1.0}, {""key"": ""cohort"", ""note"": ""excluded: cohort unavailable"", ""weight"": 0.0, ""excluded_weight"": 1.0}]"
M1,ETH,neutral,2026-03-31 10:15:05,equal_lows_1h,2013.58,long,2016.78,,2009.748450174529,2025.69,2026-03-31 11:00:05,,cancelled:entry_expired_no_fvg,,0.8252,full,0,2009.748450174529,0,2016.7794833915095,1,1,"[{""key"": ""location"", ""weight"": 2.0, ""strength"": 1.0, ""contribution"": 0.2857}, {""key"": ""reclaim"", ""weight"": 2.0, ""strength"": 0.673, ""contribution"": 0.1923}, {""key"": ""discount"", ""weight"": 1.2, ""strength"": 0.6876, ""contribution"": 0.1179}, {""key"": ""session"", ""weight"": 0.8, ""strength"": 0.6, ""contribution"": 0.0686}, {""key"": ""htf_bias"", ""weight"": 1.0, ""strength"": 0.6, ""contribution"": 0.0857}, {""key"": ""fuel"", ""note"": ""excluded: oi unavailable"", ""weight"": 0.0, ""excluded_weight"": 1.5}, {""key"": ""cleared"", ""note"": ""excluded: oi unavailable"", ""weight"": 0.0, ""excluded_weight"": 1.2}, {""key"": ""delta_flip"", ""note"": ""excluded: taker unavailable"", ""weight"": 0.0, ""excluded_weight"": 1.5}, {""key"": ""absorption"", ""note"": ""excluded: taker unavailable"", ""weight"": 0.0, ""excluded_weight"": 1.0}, {""key"": ""cohort"", ""note"": ""excluded: cohort unavailable"", ""weight"": 0.0, ""excluded_weight"": 1.0}]"
M1,ETH,neutral,2026-03-31 14:45:05,equal_highs_4h,2088.394,short,2072.86,2026-03-31 16:35:00,2093.395217028118,2075.5198553145888,2026-03-31 16:40:00,2072.86,stop_be,-0.2879766225368003,0.6241,half,0,2093.395217028118,0,2086.2450723427064,1,1,"[{""key"": ""location"", ""weight"": 2.0, ""strength"": 1.0, ""contribution"": 0.2857}, {""key"": ""reclaim"", ""weight"": 2.0, ""strength"": 0.3333, ""contribution"": 0.0952}, {""key"": ""discount"", ""weight"": 1.2, ""strength"": 0.3722, ""contribution"": 0.0638}, {""key"": ""session"", ""weight"": 0.8, ""strength"": 1.0, ""contribution"": 0.1143}, {""key"": ""htf_bias"", ""weight"": 1.0, ""strength"": 0.6, ""contribution"": 0.0857}, {""key"": ""fuel"", ""note"": ""excluded: oi unavailable"", ""weight"": 0.0, ""excluded_weight"": 1.5}, {""key"": ""cleared"", ""note"": ""excluded: oi unavailable"", ""weight"": 0.0, ""excluded_weight"": 1.2}, {""key"": ""delta_flip"", ""note"": ""excluded: taker unavailable"", ""weight"": 0.0, ""excluded_weight"": 1.5}, {""key"": ""absorption"", ""note"": ""excluded: taker unavailable"", ""weight"": 0.0, ""excluded_weight"": 1.0}, {""key"": ""cohort"", ""note"": ""excluded: cohort unavailable"", ""weight"": 0.0, ""excluded_weight"": 1.0}]"
M1,ETH,neutral,2026-04-11 19:00:05,4h_fvg_top,2310.07,short,2304.61,2026-04-11 19:05:00,2314.469056397704,2271.325,2026-04-11 19:05:00,2314.47,stop,-1.1407466385944751,0.5822,half,0,2314.469056397704,1,2295.4630187992348,1,1,"[{""key"": ""location"", ""weight"": 2.0, ""strength"": 1.0, ""contribution"": 0.2857}, {""key"": ""reclaim"", ""weight"": 2.0, ""strength"": 0.6206, ""contribution"": 0.1773}, {""key"": ""discount"", ""weight"": 1.2, ""strength"": 0.2581, ""contribution"": 0.0443}, {""key"": ""session"", ""weight"": 0.8, ""strength"": 0.6, ""contribution"": 0.0686}, {""key"": ""htf_bias"", ""weight"": 1.0, ""strength"": 0.6, ""contribution"": 0.0857}, {""key"": ""fuel"", ""note"": ""excluded: oi unavailable"", ""weight"": 0.0, ""excluded_weight"": 1.5}, {""key"": ""cleared"", ""note"": ""excluded: oi unavailable"", ""weight"": 0.0, ""excluded_weight"": 1.2}, {""key"": ""delta_flip"", ""note"": ""excluded: taker unavailable"", ""weight"": 0.0, ""excluded_weight"": 1.5}, {""key"": ""absorption"", ""note"": ""excluded: taker unavailable"", ""weight"": 0.0, ""excluded_weight"": 1.0}, {""key"": ""cohort"", ""note"": ""excluded: cohort unavailable"", ""weight"": 0.0, ""excluded_weight"": 1.0}]"
M1,ETH,neutral,2026-04-13 09:00:05,asia_low,2181.02,long,2181.85,,2177.711287907601,2188.059141394932,2026-04-13 09:45:05,,cancelled:entry_expired_no_fvg,,0.6155,half,0,2177.711287907601,0,2181.8504293025335,2,0,"[{""key"": ""location"", ""weight"": 2.0, ""strength"": 0.6, ""contribution"": 0.1714}, {""key"": ""reclaim"", ""weight"": 2.0, ""strength"": 0.6299, ""contribution"": 0.18}, {""key"": ""discount"", ""weight"": 1.2, ""strength"": 0.4926, ""contribution"": 0.0844}, {""key"": ""session"", ""weight"": 0.8, ""strength"": 1.0, ""contribution"": 0.1143}, {""key"": ""htf_bias"", ""weight"": 1.0, ""strength"": 0.6, ""contribution"": 0.0857}, {""key"": ""fuel"", ""note"": ""excluded: oi unavailable"", ""weight"": 0.0, ""excluded_weight"": 1.5}, {""key"": ""cleared"", ""note"": ""excluded: oi unavailable"", ""weight"": 0.0, ""excluded_weight"": 1.2}, {""key"": ""delta_flip"", ""note"": ""excluded: taker unavailable"", ""weight"": 0.0, ""excluded_weight"": 1.5}, {""key"": ""absorption"", ""note"": ""excluded: taker unavailable"", ""weight"": 0.0, ""excluded_weight"": 1.0}, {""key"": ""cohort"", ""note"": ""excluded: cohort unavailable"", ""weight"": 0.0, ""excluded_weight"": 1.0}]"
M1,ETH,neutral,2026-04-21 07:00:05,equal_highs_1h,2325.71,short,2319.02,2026-04-21 07:20:00,2328.1368478519653,2312.59,2026-04-21 07:29:59,2319.02,stop_be,0.16010156956839183,0.7674,full,0,2328.1368478519653,0,2319.0222826173217,1,1,"[{""key"": ""location"", ""weight"": 2.0, ""strength"": 0.8, ""contribution"": 0.2286}, {""key"": ""reclaim"", ""weight"": 2.0, ""strength"": 0.3533, ""contribution"": 0.1009}, {""key"": ""discount"", ""weight"": 1.2, ""strength"": 0.6107, ""contribution"": 0.1047}, {""key"": ""session"", ""weight"": 0.8, ""strength"": 1.0, ""contribution"": 0.1143}, {""key"": ""htf_bias"", ""weight"": 1.0, ""strength"": 0.6, ""contribution"": 0.0857}, {""key"": ""fuel"", ""note"": ""excluded: oi unavailable"", ""weight"": 0.0, ""excluded_weight"": 1.5}, {""key"": ""cleared"", ""note"": ""excluded: oi unavailable"", ""weight"": 0.0, ""excluded_weight"": 1.2}, {""key"": ""delta_flip"", ""note"": ""excluded: taker unavailable"", ""weight"": 0.0, ""excluded_weight"": 1.5}, {""key"": ""absorption"", ""note"": ""excluded: taker unavailable"", ""weight"": 0.0, ""excluded_weight"": 1.0}, {""key"": ""cohort"", ""note"": ""excluded: cohort unavailable"", ""weight"": 0.0, ""excluded_weight"": 1.0}]"
M1,ETH,neutral,2026-04-23 09:30:05,pdl,2311.41,long,2319.96,2026-04-23 09:35:00,2308.6713425737407,2330.0,2026-04-23 10:05:00,2308.67,stop,-1.1231786136497959,0.7432,full,0,2308.6713425737407,1,2320.327114191247,1,1,"[{""key"": ""location"", ""weight"": 2.0, ""strength"": 0.8, ""contribution"": 0.2286}, {""key"": ""reclaim"", ""weight"": 2.0, ""strength"": 0.5569, ""contribution"": 0.1591}, {""key"": ""discount"", ""weight"": 1.2, ""strength"": 0.4462, ""contribution"": 0.0765}, {""key"": ""session"", ""weight"": 0.8, ""strength"": 0.6, ""contribution"": 0.0686}, {""key"": ""htf_bias"", ""weight"": 1.0, ""strength"": 1.0, ""contribution"": 0.1429}, {""key"": ""fuel"", ""note"": ""excluded: oi unavailable"", ""weight"": 0.0, ""excluded_weight"": 1.5}, {""key"": ""cleared"", ""note"": ""excluded: oi unavailable"", ""weight"": 0.0, ""excluded_weight"": 1.2}, {""key"": ""delta_flip"", ""note"": ""excluded: taker unavailable"", ""weight"": 0.0, ""excluded_weight"": 1.5}, {""key"": ""absorption"", ""note"": ""excluded: taker unavailable"", ""weight"": 0.0, ""excluded_weight"": 1.0}, {""key"": ""cohort"", ""note"": ""excluded: cohort unavailable"", ""weight"": 0.0, ""excluded_weight"": 1.0}]"
M1,ETH,neutral,2026-04-28 13:30:05,pwl,2258.3,long,2266.16,2026-04-28 13:35:00,2254.943704045606,2268.86,2026-04-28 13:35:00,2266.16,stop_be,-0.0007061405989194068,0.8218,full,0,2254.943704045606,0,2266.1579013485352,1,1,"[{""key"": ""location"", ""weight"": 2.0, ""strength"": 1.0, ""contribution"": 0.2857}, {""key"": ""reclaim"", ""weight"": 2.0, ""strength"": 0.2589, ""contribution"": 0.074}, {""key"": ""discount"", ""weight"": 1.2, ""strength"": 0.6973, ""contribution"": 0.1195}, {""key"": ""session"", ""weight"": 0.8, ""strength"": 1.0, ""contribution"": 0.1143}, {""key"": ""htf_bias"", ""weight"": 1.0, ""strength"": 0.6, ""contribution"": 0.0857}, {""key"": ""fuel"", ""note"": ""excluded: oi unavailable"", ""weight"": 0.0, ""excluded_weight"": 1.5}, {""key"": ""cleared"", ""note"": ""excluded: oi unavailable"", ""weight"": 0.0, ""excluded_weight"": 1.2}, {""key"": ""delta_flip"", ""note"": ""excluded: taker unavailable"", ""weight"": 0.0, ""excluded_weight"": 1.5}, {""key"": ""absorption"", ""note"": ""excluded: taker unavailable"", ""weight"": 0.0, ""excluded_weight"": 1.0}, {""key"": ""cohort"", ""note"": ""excluded: cohort unavailable"", ""weight"": 0.0, ""excluded_weight"": 1.0}]"
M1,ETH,neutral,2026-05-01 13:30:05,london_high,2311.5,short,2311.13,2026-05-01 13:35:00,2315.7194132366812,2304.2370578422133,2026-05-01 13:35:00,2315.72,stop,-1.3017241007189793,0.651,half,0,2315.7194132366812,0,2311.126471078894,1,1,"[{""key"": ""location"", ""weight"": 2.0, ""strength"": 0.6, ""contribution"": 0.1714}, {""key"": ""reclaim"", ""weight"": 2.0, ""strength"": 0.8319, ""contribution"": 0.2377}, {""key"": ""discount"", ""weight"": 1.2, ""strength"": 0.3702, ""contribution"": 0.0635}, {""key"": ""session"", ""weight"": 0.8, ""strength"": 1.0, ""contribution"": 0.1143}, {""key"": ""htf_bias"", ""weight"": 1.0, ""strength"": 0.6, ""contribution"": 0.0857}, {""key"": ""fuel"", ""note"": ""excluded: oi unavailable"", ""weight"": 0.0, ""excluded_weight"": 1.5}, {""key"": ""cleared"", ""note"": ""excluded: oi unavailable"", ""weight"": 0.0, ""excluded_weight"": 1.2}, {""key"": ""delta_flip"", ""note"": ""excluded: taker unavailable"", ""weight"": 0.0, ""excluded_weight"": 1.5}, {""key"": ""absorption"", ""note"": ""excluded: taker unavailable"", ""weight"": 0.0, ""excluded_weight"": 1.0}, {""key"": ""cohort"", ""note"": ""excluded: cohort unavailable"", ""weight"": 0.0, ""excluded_weight"": 1.0}]"
M1,ETH,neutral,2026-05-03 12:30:05,4h_ob_top,2330.57,short,2328.84,,2332.996671917578,2322.593885388281,2026-05-03 13:15:05,,cancelled:entry_expired_no_fvg,,0.7412,full,0,2332.996671917578,0,2328.8355573058593,1,1,"[{""key"": ""location"", ""weight"": 2.0, ""strength"": 1.0, ""contribution"": 0.2857}, {""key"": ""reclaim"", ""weight"": 2.0, ""strength"": 0.8209, ""contribution"": 0.2345}, {""key"": ""discount"", ""weight"": 1.2, ""strength"": 0.4959, ""contribution"": 0.085}, {""key"": ""session"", ""weight"": 0.8, ""strength"": 0.6, ""contribution"": 0.0686}, {""key"": ""htf_bias"", ""weight"": 1.0, ""strength"": 0.0, ""contribution"": 0.0}, {""key"": ""fuel"", ""note"": ""excluded: oi unavailable"", ""weight"": 0.0, ""excluded_weight"": 1.5}, {""key"": ""cleared"", ""note"": ""excluded: oi unavailable"", ""weight"": 0.0, ""excluded_weight"": 1.2}, {""key"": ""delta_flip"", ""note"": ""excluded: taker unavailable"", ""weight"": 0.0, ""excluded_weight"": 1.5}, {""key"": ""absorption"", ""note"": ""excluded: taker unavailable"", ""weight"": 0.0, ""excluded_weight"": 1.0}, {""key"": ""cohort"", ""note"": ""excluded: cohort unavailable"", ""weight"": 0.0, ""excluded_weight"": 1.0}]"
M1,ETH,neutral,2026-05-06 17:00:05,equal_lows_1h,2352.64,long,2353.54,2026-05-06 17:20:00,2347.620684126339,2359.47,2026-05-06 17:45:05,2352.0,thesis_failed,-0.4983103440890594,0.7201,full,0,2347.620684126339,0,2353.543561375446,2,1,"[{""key"": ""location"", ""weight"": 2.0, ""strength"": 1.0, ""contribution"": 0.2857}, {""key"": ""reclaim"", ""weight"": 2.0, ""strength"": 0.9845, ""contribution"": 0.2813}, {""key"": ""discount"", ""weight"": 1.2, ""strength"": 0.8158, ""contribution"": 0.1398}, {""key"": ""session"", ""weight"": 0.8, ""strength"": 0.6, ""contribution"": 0.0686}, {""key"": ""htf_bias"", ""weight"": 1.0, ""strength"": 0.3, ""contribution"": 0.0429}, {""key"": ""fuel"", ""note"": ""excluded: oi unavailable"", ""weight"": 0.0, ""excluded_weight"": 1.5}, {""key"": ""cleared"", ""note"": ""excluded: oi unavailable"", ""weight"": 0.0, ""excluded_weight"": 1.2}, {""key"": ""delta_flip"", ""note"": ""excluded: taker unavailable"", ""weight"": 0.0, ""excluded_weight"": 1.5}, {""key"": ""absorption"", ""note"": ""excluded: taker unavailable"", ""weight"": 0.0, ""excluded_weight"": 1.0}, {""key"": ""cohort"", ""note"": ""excluded: cohort unavailable"", ""weight"": 0.0, ""excluded_weight"": 1.0}]"
M1,ETH,neutral,2026-05-09 04:30:05,equal_highs_4h,2322.5066666666667,short,2314.61,2026-05-09 05:20:00,2325.253768287221,2313.264154475186,2026-05-09 05:20:00,2314.61,stop_be,-0.11939372033152362,0.6472,half,0,2325.253768287221,0,2320.457922762407,1,1,"[{""key"": ""location"", ""weight"": 2.0, ""strength"": 1.0, ""contribution"": 0.2857}, {""key"": ""reclaim"", ""weight"": 2.0, ""strength"": 0.4533, ""contribution"": 0.1295}, {""key"": ""discount"", ""weight"": 1.2, ""strength"": 0.8347, ""contribution"": 0.1431}, {""key"": ""session"", ""weight"": 0.8, ""strength"": 0.3, ""contribution"": 0.0343}, {""key"": ""htf_bias"", ""weight"": 1.0, ""strength"": 1.0, ""contribution"": 0.1429}, {""key"": ""fuel"", ""note"": ""excluded: oi unavailable"", ""weight"": 0.0, ""excluded_weight"": 1.5}, {""key"": ""cleared"", ""note"": ""excluded: oi unavailable"", ""weight"": 0.0, ""excluded_weight"": 1.2}, {""key"": ""delta_flip"", ""note"": ""excluded: taker unavailable"", ""weight"": 0.0, ""excluded_weight"": 1.5}, {""key"": ""absorption"", ""note"": ""excluded: taker unavailable"", ""weight"": 0.0, ""excluded_weight"": 1.0}, {""key"": ""cohort"", ""note"": ""excluded: cohort unavailable"", ""weight"": 0.0, ""excluded_weight"": 1.0}]"
M1,ETH,neutral,2026-05-13 13:00:05,asia_low,2271.6,long,2280.02,2026-05-13 13:20:00,2267.6164092531653,2298.622393831223,2026-05-13 13:35:00,2267.62,stop,-1.1096593276495719,0.5857,half,0,2267.6164092531653,0,2280.0188030843883,1,1,"[{""key"": ""location"", ""weight"": 2.0, ""strength"": 0.6, ""contribution"": 0.1714}, {""key"": ""reclaim"", ""weight"": 2.0, ""strength"": 0.4677, ""contribution"": 0.1336}, {""key"": ""discount"", ""weight"": 1.2, ""strength"": 0.3775, ""contribution"": 0.0647}, {""key"": ""session"", ""weight"": 0.8, ""strength"": 1.0, ""contribution"": 0.1143}, {""key"": ""htf_bias"", ""weight"": 1.0, ""strength"": 0.0, ""contribution"": 0.0}, {""key"": ""fuel"", ""note"": ""excluded: oi unavailable"", ""weight"": 0.0, ""excluded_weight"": 1.5}, {""key"": ""cleared"", ""note"": ""excluded: oi unavailable"", ""weight"": 0.0, ""excluded_weight"": 1.2}, {""key"": ""delta_flip"", ""note"": ""excluded: taker unavailable"", ""weight"": 0.0, ""excluded_weight"": 1.5}, {""key"": ""absorption"", ""note"": ""excluded: taker unavailable"", ""weight"": 0.0, ""excluded_weight"": 1.0}, {""key"": ""cohort"", ""note"": ""excluded: cohort unavailable"", ""weight"": 0.0, ""excluded_weight"": 1.0}]"
M1,ETH,neutral,2026-05-14 00:45:05,pwl,2263.43,long,2264.92,2026-05-14 00:50:00,2260.370744145354,2267.75,2026-05-14 01:05:00,2264.92,stop_be,0.009811156797467928,0.645,half,0,2260.370744145354,0,2264.9235813817845,2,0,"[{""key"": ""location"", ""weight"": 2.0, ""strength"": 1.0, ""contribution"": 0.2857}, {""key"": ""reclaim"", ""weight"": 2.0, ""strength"": 1.0, ""contribution"": 0.2857}, {""key"": ""discount"", ""weight"": 1.2, ""strength"": 0.2422, ""contribution"": 0.0415}, {""key"": ""session"", ""weight"": 0.8, ""strength"": 0.3, ""contribution"": 0.0343}, {""key"": ""htf_bias"", ""weight"": 1.0, ""strength"": 0.6, ""contribution"": 0.0857}, {""key"": ""fuel"", ""note"": ""excluded: oi unavailable"", ""weight"": 0.0, ""excluded_weight"": 1.5}, {""key"": ""cleared"", ""note"": ""excluded: oi unavailable"", ""weight"": 0.0, ""excluded_weight"": 1.2}, {""key"": ""delta_flip"", ""note"": ""excluded: taker unavailable"", ""weight"": 0.0, ""excluded_weight"": 1.5}, {""key"": ""absorption"", ""note"": ""excluded: taker unavailable"", ""weight"": 0.0, ""excluded_weight"": 1.0}, {""key"": ""cohort"", ""note"": ""excluded: cohort unavailable"", ""weight"": 0.0, ""excluded_weight"": 1.0}]"
M1,ETH,neutral,2026-05-15 07:00:05,4h_ob_bottom,2252.81,long,2252.86,2026-05-15 07:05:00,2249.076497423711,2256.862000468416,2026-05-15 08:20:00,2252.86,stop_be,0.1371696026620896,0.7652,full,1,2250.194499297376,0,2252.861499765792,1,1,"[{""key"": ""location"", ""weight"": 2.0, ""strength"": 1.0, ""contribution"": 0.2857}, {""key"": ""reclaim"", ""weight"": 2.0, ""strength"": 0.7605, ""contribution"": 0.2173}, {""key"": ""discount"", ""weight"": 1.2, ""strength"": 0.5103, ""contribution"": 0.0875}, {""key"": ""session"", ""weight"": 0.8, ""strength"": 1.0, ""contribution"": 0.1143}, {""key"": ""htf_bias"", ""weight"": 1.0, ""strength"": 0.6, ""contribution"": 0.0857}, {""key"": ""fuel"", ""note"": ""excluded: oi unavailable"", ""weight"": 0.0, ""excluded_weight"": 1.5}, {""key"": ""cleared"", ""note"": ""excluded: oi unavailable"", ""weight"": 0.0, ""excluded_weight"": 1.2}, {""key"": ""delta_flip"", ""note"": ""excluded: taker unavailable"", ""weight"": 0.0, ""excluded_weight"": 1.5}, {""key"": ""absorption"", ""note"": ""excluded: taker unavailable"", ""weight"": 0.0, ""excluded_weight"": 1.0}, {""key"": ""cohort"", ""note"": ""excluded: cohort unavailable"", ""weight"": 0.0, ""excluded_weight"": 1.0}]"
M1,ETH,neutral,2026-05-20 05:30:05,equal_highs_1h,2124.65,short,2123.79,2026-05-20 05:35:00,2127.4596262933205,2118.2935824711203,2026-05-20 05:35:00,2127.46,stop,-1.3489804314542146,0.5655,half,0,2127.4596262933205,0,2123.7932087644404,1,1,"[{""key"": ""location"", ""weight"": 2.0, ""strength"": 0.8, ""contribution"": 0.2286}, {""key"": ""reclaim"", ""weight"": 2.0, ""strength"": 0.9577, ""contribution"": 0.2736}, {""key"": ""discount"", ""weight"": 1.2, ""strength"": 0.1187, ""contribution"": 0.0203}, {""key"": ""session"", ""weight"": 0.8, ""strength"": 0.3, ""contribution"": 0.0343}, {""key"": ""htf_bias"", ""weight"": 1.0, ""strength"": 0.6, ""contribution"": 0.0857}, {""key"": ""fuel"", ""note"": ""excluded: oi unavailable"", ""weight"": 0.0, ""excluded_weight"": 1.5}, {""key"": ""cleared"", ""note"": ""excluded: oi unavailable"", ""weight"": 0.0, ""excluded_weight"": 1.2}, {""key"": ""delta_flip"", ""note"": ""excluded: taker unavailable"", ""weight"": 0.0, ""excluded_weight"": 1.5}, {""key"": ""absorption"", ""note"": ""excluded: taker unavailable"", ""weight"": 0.0, ""excluded_weight"": 1.0}, {""key"": ""cohort"", ""note"": ""excluded: cohort unavailable"", ""weight"": 0.0, ""excluded_weight"": 1.0}]"
M1,ETH,neutral,2026-05-23 21:30:05,equal_highs_4h,2147.795,short,2124.84,,2151.740991273854,2129.88,2026-05-23 23:45:05,,cancelled:entry_expired,,0.622,half,0,2151.740991273854,0,2138.4019970912846,1,1,"[{""key"": ""location"", ""weight"": 2.0, ""strength"": 1.0, ""contribution"": 0.2857}, {""key"": ""reclaim"", ""weight"": 2.0, ""strength"": 1.0, ""contribution"": 0.2857}, {""key"": ""discount"", ""weight"": 1.2, ""strength"": 0.4788, ""contribution"": 0.0821}, {""key"": ""session"", ""weight"": 0.8, ""strength"": 0.1, ""contribution"": 0.0114}, {""key"": ""htf_bias"", ""weight"": 1.0, ""strength"": 1.0, ""contribution"": 0.1429}, {""key"": ""fuel"", ""note"": ""excluded: oi unavailable"", ""weight"": 0.0, ""excluded_weight"": 1.5}, {""key"": ""cleared"", ""note"": ""excluded: oi unavailable"", ""weight"": 0.0, ""excluded_weight"": 1.2}, {""key"": ""delta_flip"", ""note"": ""excluded: taker unavailable"", ""weight"": 0.0, ""excluded_weight"": 1.5}, {""key"": ""absorption"", ""note"": ""excluded: taker unavailable"", ""weight"": 0.0, ""excluded_weight"": 1.0}, {""key"": ""cohort"", ""note"": ""excluded: cohort unavailable"", ""weight"": 0.0, ""excluded_weight"": 1.0}]"
M1,ETH,neutral,2026-05-25 08:15:05,asia_high,2112.67,short,2113.5,2026-05-25 08:35:00,2116.6127838829316,2108.9076756576487,2026-05-25 08:50:00,2116.61,stop,-1.4074652723542658,0.764,full,1,2116.563486513526,0,2113.5011621711756,2,0,"[{""key"": ""location"", ""weight"": 2.0, ""strength"": 0.6, ""contribution"": 0.1714}, {""key"": ""reclaim"", ""weight"": 2.0, ""strength"": 1.0, ""contribution"": 0.2857}, {""key"": ""discount"", ""weight"": 1.2, ""strength"": 0.4373, ""contribution"": 0.075}, {""key"": ""session"", ""weight"": 0.8, ""strength"": 1.0, ""contribution"": 0.1143}, {""key"": ""htf_bias"", ""weight"": 1.0, ""strength"": 1.0, ""contribution"": 0.1429}, {""key"": ""fuel"", ""note"": ""excluded: oi unavailable"", ""weight"": 0.0, ""excluded_weight"": 1.5}, {""key"": ""cleared"", ""note"": ""excluded: oi unavailable"", ""weight"": 0.0, ""excluded_weight"": 1.2}, {""key"": ""delta_flip"", ""note"": ""excluded: taker unavailable"", ""weight"": 0.0, ""excluded_weight"": 1.5}, {""key"": ""absorption"", ""note"": ""excluded: taker unavailable"", ""weight"": 0.0, ""excluded_weight"": 1.0}, {""key"": ""cohort"", ""note"": ""excluded: cohort unavailable"", ""weight"": 0.0, ""excluded_weight"": 1.0}]"
M1,ETH,neutral,2026-05-25 15:45:05,4h_ob_top,2129.65,short,2127.64,,2131.729230537658,2123.72,2026-05-25 16:30:05,,cancelled:entry_expired_no_fvg,,0.7805,full,0,2131.729230537658,0,2127.6380768458857,1,1,"[{""key"": ""location"", ""weight"": 2.0, ""strength"": 1.0, ""contribution"": 0.2857}, {""key"": ""reclaim"", ""weight"": 2.0, ""strength"": 0.8759, ""contribution"": 0.2503}, {""key"": ""discount"", ""weight"": 1.2, ""strength"": 0.8141, ""contribution"": 0.1396}, {""key"": ""session"", ""weight"": 0.8, ""strength"": 0.6, ""contribution"": 0.0686}, {""key"": ""htf_bias"", ""weight"": 1.0, ""strength"": 1.0, ""contribution"": 0.1429}, {""key"": ""fuel"", ""note"": ""excluded: oi unavailable"", ""weight"": 0.0, ""excluded_weight"": 1.5}, {""key"": ""cleared"", ""note"": ""excluded: oi unavailable"", ""weight"": 0.0, ""excluded_weight"": 1.2}, {""key"": ""delta_flip"", ""note"": ""excluded: taker unavailable"", ""weight"": 0.0, ""excluded_weight"": 1.5}, {""key"": ""absorption"", ""note"": ""excluded: taker unavailable"", ""weight"": 0.0, ""excluded_weight"": 1.0}, {""key"": ""cohort"", ""note"": ""excluded: cohort unavailable"", ""weight"": 0.0, ""excluded_weight"": 1.0}]"
M1,ETH,neutral,2026-05-27 14:00:05,pdl,2053.0,long,2058.11,2026-05-27 14:20:00,2049.787923752557,2070.5830508316285,2026-05-27 17:05:00,2058.11,stop_be,0.4809515150339808,0.9166,full,0,2049.787923752557,0,2058.105974584186,2,0,"[{""key"": ""location"", ""weight"": 2.0, ""strength"": 0.8, ""contribution"": 0.2286}, {""key"": ""reclaim"", ""weight"": 2.0, ""strength"": 1.0, ""contribution"": 0.2857}, {""key"": ""discount"", ""weight"": 1.2, ""strength"": 0.7521, ""contribution"": 0.1289}, {""key"": ""session"", ""weight"": 0.8, ""strength"": 1.0, ""contribution"": 0.1143}, {""key"": ""htf_bias"", ""weight"": 1.0, ""strength"": 0.0, ""contribution"": 0.0}, {""key"": ""fuel"", ""note"": ""excluded: oi unavailable"", ""weight"": 0.0, ""excluded_weight"": 1.5}, {""key"": ""cleared"", ""note"": ""excluded: oi unavailable"", ""weight"": 0.0, ""excluded_weight"": 1.2}, {""key"": ""delta_flip"", ""note"": ""excluded: taker unavailable"", ""weight"": 0.0, ""excluded_weight"": 1.5}, {""key"": ""absorption"", ""note"": ""excluded: taker unavailable"", ""weight"": 0.0, ""excluded_weight"": 1.0}, {""key"": ""cohort"", ""note"": ""excluded: cohort unavailable"", ""weight"": 0.0, ""excluded_weight"": 1.0}]"
M1,ETH,neutral,2026-06-01 02:30:05,pdl,1992.84,long,1997.44,,1988.989782143017,2006.3,2026-06-01 03:15:05,,cancelled:entry_expired_no_fvg,,0.5688,half,0,1988.989782143017,0,1997.4382607143389,1,1,"[{""key"": ""location"", ""weight"": 2.0, ""strength"": 0.8, ""contribution"": 0.2286}, {""key"": ""reclaim"", ""weight"": 2.0, ""strength"": 0.6948, ""contribution"": 0.1985}, {""key"": ""discount"", ""weight"": 1.2, ""strength"": 0.829, ""contribution"": 0.1421}, {""key"": ""session"", ""weight"": 0.8, ""strength"": 0.3, ""contribution"": 0.0343}, {""key"": ""htf_bias"", ""weight"": 1.0, ""strength"": 0.3, ""contribution"": 0.0429}, {""key"": ""fuel"", ""note"": ""excluded: oi unavailable"", ""weight"": 0.0, ""excluded_weight"": 1.5}, {""key"": ""cleared"", ""note"": ""excluded: oi unavailable"", ""weight"": 0.0, ""excluded_weight"": 1.2}, {""key"": ""delta_flip"", ""note"": ""excluded: taker unavailable"", ""weight"": 0.0, ""excluded_weight"": 1.5}, {""key"": ""absorption"", ""note"": ""excluded: taker unavailable"", ""weight"": 0.0, ""excluded_weight"": 1.0}, {""key"": ""cohort"", ""note"": ""excluded: cohort unavailable"", ""weight"": 0.0, ""excluded_weight"": 1.0}]"
M1,ETH,neutral,2026-06-09 15:15:05,4h_fvg_bottom,1636.99,long,1638.5,2026-06-09 15:20:00,1631.363623589491,1643.65,2026-06-09 15:20:00,1638.5,stop_be,0.17846456630799015,0.716,full,0,1631.363623589491,0,1638.4978745298304,2,1,"[{""key"": ""location"", ""weight"": 2.0, ""strength"": 1.0, ""contribution"": 0.2857}, {""key"": ""reclaim"", ""weight"": 2.0, ""strength"": 0.8049, ""contribution"": 0.23}, {""key"": ""discount"", ""weight"": 1.2, ""strength"": 0.1387, ""contribution"": 0.0238}, {""key"": ""session"", ""weight"": 0.8, ""strength"": 0.6, ""contribution"": 0.0686}, {""key"": ""htf_bias"", ""weight"": 1.0, ""strength"": 0.3, ""contribution"": 0.0429}, {""key"": ""fuel"", ""note"": ""excluded: oi unavailable"", ""weight"": 0.0, ""excluded_weight"": 1.5}, {""key"": ""cleared"", ""note"": ""excluded: oi unavailable"", ""weight"": 0.0, ""excluded_weight"": 1.2}, {""key"": ""delta_flip"", ""note"": ""excluded: taker unavailable"", ""weight"": 0.0, ""excluded_weight"": 1.5}, {""key"": ""absorption"", ""note"": ""excluded: taker unavailable"", ""weight"": 0.0, ""excluded_weight"": 1.0}, {""key"": ""cohort"", ""note"": ""excluded: cohort unavailable"", ""weight"": 0.0, ""excluded_weight"": 1.0}]"
M1,ETH,neutral,2026-06-22 14:30:05,london_high,1774.19,short,1761.73,,1778.5288790244051,1760.926580650396,2026-06-22 16:45:05,,cancelled:entry_expired,,0.6541,half,0,1778.5288790244051,0,1771.4879596748015,2,1,"[{""key"": ""location"", ""weight"": 2.0, ""strength"": 0.6, ""contribution"": 0.1714}, {""key"": ""reclaim"", ""weight"": 2.0, ""strength"": 0.9824, ""contribution"": 0.2807}, {""key"": ""discount"", ""weight"": 1.2, ""strength"": 0.1377, ""contribution"": 0.0236}, {""key"": ""session"", ""weight"": 0.8, ""strength"": 1.0, ""contribution"": 0.1143}, {""key"": ""htf_bias"", ""weight"": 1.0, ""strength"": 0.6, ""contribution"": 0.0857}, {""key"": ""fuel"", ""note"": ""excluded: oi unavailable"", ""weight"": 0.0, ""excluded_weight"": 1.5}, {""key"": ""cleared"", ""note"": ""excluded: oi unavailable"", ""weight"": 0.0, ""excluded_weight"": 1.2}, {""key"": ""delta_flip"", ""note"": ""excluded: taker unavailable"", ""weight"": 0.0, ""excluded_weight"": 1.5}, {""key"": ""absorption"", ""note"": ""excluded: taker unavailable"", ""weight"": 0.0, ""excluded_weight"": 1.0}, {""key"": ""cohort"", ""note"": ""excluded: cohort unavailable"", ""weight"": 0.0, ""excluded_weight"": 1.0}]"
M1,ETH,neutral,2026-07-01 14:45:05,pdh,1613.56,short,1610.6,2026-07-01 15:05:00,1617.8943493035858,1604.4,2026-07-01 15:05:00,1610.6,stop_be,0.23394183376225064,0.5802,half,0,1617.8943493035858,0,1610.596449767862,1,1,"[{""key"": ""location"", ""weight"": 2.0, ""strength"": 0.8, ""contribution"": 0.2286}, {""key"": ""reclaim"", ""weight"": 2.0, ""strength"": 0.4297, ""contribution"": 0.1228}, {""key"": ""discount"", ""weight"": 1.2, ""strength"": 0.0811, ""contribution"": 0.0139}, {""key"": ""session"", ""weight"": 0.8, ""strength"": 1.0, ""contribution"": 0.1143}, {""key"": ""htf_bias"", ""weight"": 1.0, ""strength"": 0.0, ""contribution"": 0.0}, {""key"": ""fuel"", ""note"": ""excluded: oi unavailable"", ""weight"": 0.0, ""excluded_weight"": 1.5}, {""key"": ""cleared"", ""note"": ""excluded: oi unavailable"", ""weight"": 0.0, ""excluded_weight"": 1.2}, {""key"": ""delta_flip"", ""note"": ""excluded: taker unavailable"", ""weight"": 0.0, ""excluded_weight"": 1.5}, {""key"": ""absorption"", ""note"": ""excluded: taker unavailable"", ""weight"": 0.0, ""excluded_weight"": 1.0}, {""key"": ""cohort"", ""note"": ""excluded: cohort unavailable"", ""weight"": 0.0, ""excluded_weight"": 1.0}]"
M1,ETH,neutral,2026-07-05 02:45:05,4h_ob_bottom,1757.27,long,1757.21,2026-07-05 02:50:00,1755.1678211523115,1766.3631192317926,2026-07-05 06:50:00,1762.55,time_stop,2.9419186650786044,0.5959,half,0,1755.1678211523115,1,1759.645940384104,1,1,"[{""key"": ""location"", ""weight"": 2.0, ""strength"": 1.0, ""contribution"": 0.2857}, {""key"": ""reclaim"", ""weight"": 2.0, ""strength"": 0.4935, ""contribution"": 0.141}, {""key"": ""discount"", ""weight"": 1.2, ""strength"": 0.7607, ""contribution"": 0.1304}, {""key"": ""session"", ""weight"": 0.8, ""strength"": 0.3, ""contribution"": 0.0343}, {""key"": ""htf_bias"", ""weight"": 1.0, ""strength"": 0.6, ""contribution"": 0.0857}, {""key"": ""fuel"", ""note"": ""excluded: oi unavailable"", ""weight"": 0.0, ""excluded_weight"": 1.5}, {""key"": ""cleared"", ""note"": ""excluded: oi unavailable"", ""weight"": 0.0, ""excluded_weight"": 1.2}, {""key"": ""delta_flip"", ""note"": ""excluded: taker unavailable"", ""weight"": 0.0, ""excluded_weight"": 1.5}, {""key"": ""absorption"", ""note"": ""excluded: taker unavailable"", ""weight"": 0.0, ""excluded_weight"": 1.0}, {""key"": ""cohort"", ""note"": ""excluded: cohort unavailable"", ""weight"": 0.0, ""excluded_weight"": 1.0}]"
M1,ETH,neutral,2026-07-06 09:00:05,asia_low,1763.66,long,1764.79,2026-07-06 09:05:00,1761.224780062456,1771.350146625029,2026-07-06 09:20:00,1761.22,stop,-1.2966282669287086,0.7264,full,0,1761.224780062456,1,1765.2749266874853,1,1,"[{""key"": ""location"", ""weight"": 2.0, ""strength"": 0.6, ""contribution"": 0.1714}, {""key"": ""reclaim"", ""weight"": 2.0, ""strength"": 0.5522, ""contribution"": 0.1578}, {""key"": ""discount"", ""weight"": 1.2, ""strength"": 0.4149, ""contribution"": 0.0711}, {""key"": ""session"", ""weight"": 0.8, ""strength"": 1.0, ""contribution"": 0.1143}, {""key"": ""htf_bias"", ""weight"": 1.0, ""strength"": 0.6, ""contribution"": 0.0857}, {""key"": ""fuel"", ""note"": ""excluded: oi unavailable"", ""weight"": 0.0, ""excluded_weight"": 1.5}, {""key"": ""cleared"", ""note"": ""excluded: oi unavailable"", ""weight"": 0.0, ""excluded_weight"": 1.2}, {""key"": ""delta_flip"", ""note"": ""excluded: taker unavailable"", ""weight"": 0.0, ""excluded_weight"": 1.5}, {""key"": ""absorption"", ""note"": ""excluded: taker unavailable"", ""weight"": 0.0, ""excluded_weight"": 1.0}, {""key"": ""cohort"", ""note"": ""excluded: cohort unavailable"", ""weight"": 0.0, ""excluded_weight"": 1.0}]"
M1,ETH,neutral,2026-07-06 13:30:05,london_low,1734.5,long,1734.09,2026-07-06 13:35:00,1729.8736388358902,1740.42590744274,2026-07-06 13:35:00,1729.87,stop,-1.2458351838643016,0.5792,half,0,1729.8736388358902,0,1734.09454627863,1,1,"[{""key"": ""location"", ""weight"": 2.0, ""strength"": 0.6, ""contribution"": 0.1714}, {""key"": ""reclaim"", ""weight"": 2.0, ""strength"": 0.3752, ""contribution"": 0.1072}, {""key"": ""discount"", ""weight"": 1.2, ""strength"": 0.6983, ""contribution"": 0.1197}, {""key"": ""session"", ""weight"": 0.8, ""strength"": 1.0, ""contribution"": 0.1143}, {""key"": ""htf_bias"", ""weight"": 1.0, ""strength"": 0.6, ""contribution"": 0.0857}, {""key"": ""fuel"", ""note"": ""excluded: oi unavailable"", ""weight"": 0.0, ""excluded_weight"": 1.5}, {""key"": ""cleared"", ""note"": ""excluded: oi unavailable"", ""weight"": 0.0, ""excluded_weight"": 1.2}, {""key"": ""delta_flip"", ""note"": ""excluded: taker unavailable"", ""weight"": 0.0, ""excluded_weight"": 1.5}, {""key"": ""absorption"", ""note"": ""excluded: taker unavailable"", ""weight"": 0.0, ""excluded_weight"": 1.0}, {""key"": ""cohort"", ""note"": ""excluded: cohort unavailable"", ""weight"": 0.0, ""excluded_weight"": 1.0}]"
M1,ETH,neutral,2026-07-06 16:45:05,asia_high,1798.4,short,1795.26,2026-07-06 16:50:00,1806.361571058799,1785.07,2026-07-06 19:15:05,1794.54,dead_trade,-0.032129522595274115,0.6455,half,0,1806.361571058799,0,1795.2555236862663,2,1,"[{""key"": ""location"", ""weight"": 2.0, ""strength"": 0.6, ""contribution"": 0.1714}, {""key"": ""reclaim"", ""weight"": 2.0, ""strength"": 0.5813, ""contribution"": 0.1661}, {""key"": ""discount"", ""weight"": 1.2, ""strength"": 0.554, ""contribution"": 0.095}, {""key"": ""session"", ""weight"": 0.8, ""strength"": 0.6, ""contribution"": 0.0686}, {""key"": ""htf_bias"", ""weight"": 1.0, ""strength"": 0.6, ""contribution"": 0.0857}, {""key"": ""fuel"", ""note"": ""excluded: oi unavailable"", ""weight"": 0.0, ""excluded_weight"": 1.5}, {""key"": ""cleared"", ""note"": ""excluded: oi unavailable"", ""weight"": 0.0, ""excluded_weight"": 1.2}, {""key"": ""delta_flip"", ""note"": ""excluded: taker unavailable"", ""weight"": 0.0, ""excluded_weight"": 1.5}, {""key"": ""absorption"", ""note"": ""excluded: taker unavailable"", ""weight"": 0.0, ""excluded_weight"": 1.0}, {""key"": ""cohort"", ""note"": ""excluded: cohort unavailable"", ""weight"": 0.0, ""excluded_weight"": 1.0}]"
M1,ETH,neutral,2026-07-13 13:00:05,equal_lows_1h,1767.875,long,1769.56,2026-07-13 13:05:00,1765.2547095903374,1772.0,2026-07-13 13:14:59,1769.56,stop_be,0.029363571599862224,0.6314,half,0,1765.2547095903374,0,1769.5615698634458,1,1,"[{""key"": ""location"", ""weight"": 2.0, ""strength"": 0.8, ""contribution"": 0.2286}, {""key"": ""reclaim"", ""weight"": 2.0, ""strength"": 0.3961, ""contribution"": 0.1132}, {""key"": ""discount"", ""weight"": 1.2, ""strength"": 0.3114, ""contribution"": 0.0534}, {""key"": ""session"", ""weight"": 0.8, ""strength"": 1.0, ""contribution"": 0.1143}, {""key"": ""htf_bias"", ""weight"": 1.0, ""strength"": 1.0, ""contribution"": 0.1429}, {""key"": ""fuel"", ""note"": ""excluded: oi unavailable"", ""weight"": 0.0, ""excluded_weight"": 1.5}, {""key"": ""cleared"", ""note"": ""excluded: oi unavailable"", ""weight"": 0.0, ""excluded_weight"": 1.2}, {""key"": ""delta_flip"", ""note"": ""excluded: taker unavailable"", ""weight"": 0.0, ""excluded_weight"": 1.5}, {""key"": ""absorption"", ""note"": ""excluded: taker unavailable"", ""weight"": 0.0, ""excluded_weight"": 1.0}, {""key"": ""cohort"", ""note"": ""excluded: cohort unavailable"", ""weight"": 0.0, ""excluded_weight"": 1.0}]"
M1,ETH,neutral,2026-07-16 13:00:05,4h_ob_bottom,1869.13,long,1868.81,,1865.2818563079231,1873.8101170349232,2026-07-16 13:45:05,,cancelled:entry_expired_no_fvg,,1.0,full,1,1865.4723244476152,0,1868.8074414825385,1,1,"[{""key"": ""location"", ""weight"": 2.0, ""strength"": 1.0, ""contribution"": 0.2857}, {""key"": ""reclaim"", ""weight"": 2.0, ""strength"": 0.9271, ""contribution"": 0.2649}, {""key"": ""discount"", ""weight"": 1.2, ""strength"": 0.7494, ""contribution"": 0.1285}, {""key"": ""session"", ""weight"": 0.8, ""strength"": 1.0, ""contribution"": 0.1143}, {""key"": ""htf_bias"", ""weight"": 1.0, ""strength"": 1.0, ""contribution"": 0.1429}, {""key"": ""fuel"", ""note"": ""excluded: oi unavailable"", ""weight"": 0.0, ""excluded_weight"": 1.5}, {""key"": ""cleared"", ""note"": ""excluded: oi unavailable"", ""weight"": 0.0, ""excluded_weight"": 1.2}, {""key"": ""delta_flip"", ""note"": ""excluded: taker unavailable"", ""weight"": 0.0, ""excluded_weight"": 1.5}, {""key"": ""absorption"", ""note"": ""excluded: taker unavailable"", ""weight"": 0.0, ""excluded_weight"": 1.0}, {""key"": ""cohort"", ""note"": ""excluded: cohort unavailable"", ""weight"": 0.0, ""excluded_weight"": 1.0}]"
M1,ETH,neutral,2026-07-17 14:00:05,4h_fvg_bottom,1804.53,long,1805.69,,1801.2619932850776,1812.3336711432812,2026-07-17 14:45:05,,cancelled:entry_expired_no_fvg,,0.9417,full,0,1801.2619932850776,0,1805.690664428359,1,1,"[{""key"": ""location"", ""weight"": 2.0, ""strength"": 1.0, ""contribution"": 0.2857}, {""key"": ""reclaim"", ""weight"": 2.0, ""strength"": 0.4781, ""contribution"": 0.1366}, {""key"": ""discount"", ""weight"": 1.2, ""strength"": 0.5763, ""contribution"": 0.0988}, {""key"": ""session"", ""weight"": 0.8, ""strength"": 1.0, ""contribution"": 0.1143}, {""key"": ""htf_bias"", ""weight"": 1.0, ""strength"": 1.0, ""contribution"": 0.1429}, {""key"": ""fuel"", ""note"": ""excluded: oi unavailable"", ""weight"": 0.0, ""excluded_weight"": 1.5}, {""key"": ""cleared"", ""note"": ""excluded: oi unavailable"", ""weight"": 0.0, ""excluded_weight"": 1.2}, {""key"": ""delta_flip"", ""note"": ""excluded: taker unavailable"", ""weight"": 0.0, ""excluded_weight"": 1.5}, {""key"": ""absorption"", ""note"": ""excluded: taker unavailable"", ""weight"": 0.0, ""excluded_weight"": 1.0}, {""key"": ""cohort"", ""note"": ""excluded: cohort unavailable"", ""weight"": 0.0, ""excluded_weight"": 1.0}]"
M1,ETH,neutral,2026-07-23 07:30:05,4h_ob_bottom,1913.26,long,1914.8,2026-07-23 07:35:00,1911.662551060132,1923.6082992932456,2026-07-23 07:50:00,1911.66,stop,-1.3672620582215047,1.0,full,0,1911.662551060132,1,1916.4408503533773,1,1,"[{""key"": ""location"", ""weight"": 2.0, ""strength"": 1.0, ""contribution"": 0.2857}, {""key"": ""reclaim"", ""weight"": 2.0, ""strength"": 0.6076, ""contribution"": 0.1736}, {""key"": ""discount"", ""weight"": 1.2, ""strength"": 0.7706, ""contribution"": 0.1321}, {""key"": ""session"", ""weight"": 0.8, ""strength"": 1.0, ""contribution"": 0.1143}, {""key"": ""htf_bias"", ""weight"": 1.0, ""strength"": 1.0, ""contribution"": 0.1429}, {""key"": ""fuel"", ""note"": ""excluded: oi unavailable"", ""weight"": 0.0, ""excluded_weight"": 1.5}, {""key"": ""cleared"", ""note"": ""excluded: oi unavailable"", ""weight"": 0.0, ""excluded_weight"": 1.2}, {""key"": ""delta_flip"", ""note"": ""excluded: taker unavailable"", ""weight"": 0.0, ""excluded_weight"": 1.5}, {""key"": ""absorption"", ""note"": ""excluded: taker unavailable"", ""weight"": 0.0, ""excluded_weight"": 1.0}, {""key"": ""cohort"", ""note"": ""excluded: cohort unavailable"", ""weight"": 0.0, ""excluded_weight"": 1.0}]"
M1,ETH,neutral,2026-07-23 08:15:05,4h_ob_bottom,1913.26,long,1920.38,,1910.540733232532,1916.3771394122668,2026-07-23 10:30:05,,cancelled:entry_expired,,0.6194,half,1,1910.7092908815996,0,1912.9764302938665,2,1,"[{""key"": ""location"", ""weight"": 2.0, ""strength"": 1.0, ""contribution"": 0.2857}, {""key"": ""reclaim"", ""weight"": 2.0, ""strength"": 0.5239, ""contribution"": 0.1497}, {""key"": ""discount"", ""weight"": 1.2, ""strength"": 0.6261, ""contribution"": 0.1073}, {""key"": ""session"", ""weight"": 0.8, ""strength"": 1.0, ""contribution"": 0.1143}, {""key"": ""htf_bias"", ""weight"": 1.0, ""strength"": 1.0, ""contribution"": 0.1429}, {""key"": ""fuel"", ""note"": ""excluded: oi unavailable"", ""weight"": 0.0, ""excluded_weight"": 1.5}, {""key"": ""cleared"", ""note"": ""excluded: oi unavailable"", ""weight"": 0.0, ""excluded_weight"": 1.2}, {""key"": ""delta_flip"", ""note"": ""excluded: taker unavailable"", ""weight"": 0.0, ""excluded_weight"": 1.5}, {""key"": ""absorption"", ""note"": ""excluded: taker unavailable"", ""weight"": 0.0, ""excluded_weight"": 1.0}, {""key"": ""cohort"", ""note"": ""excluded: cohort unavailable"", ""weight"": 0.0, ""excluded_weight"": 1.0}]"
M1,ETH,neutral,2026-08-02 19:00:05,asia_high,1885.0,short,1880.97,,1887.7438266783463,1878.26,2026-08-02 19:45:05,,cancelled:entry_expired_no_fvg,,0.5508,half,0,1887.7438266783463,0,1880.9679422261154,1,1,"[{""key"": ""location"", ""weight"": 2.0, ""strength"": 0.6, ""contribution"": 0.1714}, {""key"": ""reclaim"", ""weight"": 2.0, ""strength"": 0.6342, ""contribution"": 0.1812}, {""key"": ""discount"", ""weight"": 1.2, ""strength"": 0.6944, ""contribution"": 0.119}, {""key"": ""session"", ""weight"": 0.8, ""strength"": 0.6, ""contribution"": 0.0686}, {""key"": ""htf_bias"", ""weight"": 1.0, ""strength"": 0.6, ""contribution"": 0.0857}, {""key"": ""fuel"", ""note"": ""excluded: oi unavailable"", ""weight"": 0.0, ""excluded_weight"": 1.5}, {""key"": ""cleared"", ""note"": ""excluded: oi unavailable"", ""weight"": 0.0, ""excluded_weight"": 1.2}, {""key"": ""delta_flip"", ""note"": ""excluded: taker unavailable"", ""weight"": 0.0, ""excluded_weight"": 1.5}, {""key"": ""absorption"", ""note"": ""excluded: taker unavailable"", ""weight"": 0.0, ""excluded_weight"": 1.0}, {""key"": ""cohort"", ""note"": ""excluded: cohort unavailable"", ""weight"": 0.0, ""excluded_weight"": 1.0}]"
M1,ETH,neutral,2026-08-07 12:30:05,equal_highs_4h,1935.7849999999999,short,1933.47,2026-08-07 12:35:00,1938.5201634105715,1928.4975,2026-08-07 12:40:00,1933.47,stop_be,0.21014056578350934,0.5503,half,0,1938.5201634105715,0,1933.4700544701907,1,1,"[{""key"": ""location"", ""weight"": 2.0, ""strength"": 1.0, ""contribution"": 0.2062}, {""key"": ""reclaim"", ""weight"": 2.0, ""strength"": 0.9897, ""contribution"": 0.2041}, {""key"": ""fuel"", ""weight"": 1.5, ""strength"": 0.0275, ""contribution"": 0.0043}, {""key"": ""cleared"", ""weight"": 1.2, ""strength"": 0.0, ""contribution"": 0.0}, {""key"": ""discount"", ""weight"": 1.2, ""strength"": 0.8045, ""contribution"": 0.0995}, {""key"": ""session"", ""weight"": 0.8, ""strength"": 0.6, ""contribution"": 0.0495}, {""key"": ""htf_bias"", ""weight"": 1.0, ""strength"": 0.6, ""contribution"": 0.0619}, {""key"": ""delta_flip"", ""note"": ""excluded: taker unavailable"", ""weight"": 0.0, ""excluded_weight"": 1.5}, {""key"": ""absorption"", ""note"": ""excluded: taker unavailable"", ""weight"": 0.0, ""excluded_weight"": 1.0}, {""key"": ""cohort"", ""note"": ""excluded: cohort unavailable"", ""weight"": 0.0, ""excluded_weight"": 1.0}]"
M1,ETH,neutral,2026-08-11 16:00:05,equal_lows_4h,1855.165,long,1858.18,,1851.1484024384908,1862.25,2026-08-11 16:45:05,,cancelled:entry_expired_no_fvg,,0.8494,full,0,1851.1484024384908,0,1858.1828008128302,1,1,"[{""key"": ""location"", ""weight"": 2.0, ""strength"": 1.0, ""contribution"": 0.2062}, {""key"": ""reclaim"", ""weight"": 2.0, ""strength"": 0.8241, ""contribution"": 0.1699}, {""key"": ""fuel"", ""weight"": 1.5, ""strength"": 0.5852, ""contribution"": 0.0905}, {""key"": ""cleared"", ""weight"": 1.2, ""strength"": 1.0, ""contribution"": 0.1237}, {""key"": ""discount"", ""weight"": 1.2, ""strength"": 0.8199, ""contribution"": 0.1014}, {""key"": ""session"", ""weight"": 0.8, ""strength"": 0.6, ""contribution"": 0.0495}, {""key"": ""htf_bias"", ""weight"": 1.0, ""strength"": 0.3, ""contribution"": 0.0309}, {""key"": ""delta_flip"", ""note"": ""excluded: taker unavailable"", ""weight"": 0.0, ""excluded_weight"": 1.5}, {""key"": ""absorption"", ""note"": ""excluded: taker unavailable"", ""weight"": 0.0, ""excluded_weight"": 1.0}, {""key"": ""cohort"", ""note"": ""excluded: cohort unavailable"", ""weight"": 0.0, ""excluded_weight"": 1.0}]"
M1,ETH,neutral,2026-08-12 13:00:05,equal_highs_1h,1923.08,short,1912.9,,1925.6053226857043,1909.56,2026-08-12 15:15:05,,cancelled:entry_expired,,0.5998,half,0,1925.6053226857043,0,1915.8601075619015,1,1,"[{""key"": ""location"", ""weight"": 2.0, ""strength"": 0.8, ""contribution"": 0.1649}, {""key"": ""reclaim"", ""weight"": 2.0, ""strength"": 0.8091, ""contribution"": 0.1668}, {""key"": ""fuel"", ""weight"": 1.5, ""strength"": 0.0003, ""contribution"": 0.0}, {""key"": ""cleared"", ""weight"": 1.2, ""strength"": 0.4602, ""contribution"": 0.0569}, {""key"": ""discount"", ""weight"": 1.2, ""strength"": 0.3662, ""contribution"": 0.0453}, {""key"": ""session"", ""weight"": 0.8, ""strength"": 1.0, ""contribution"": 0.0825}, {""key"": ""htf_bias"", ""weight"": 1.0, ""strength"": 1.0, ""contribution"": 0.1031}, {""key"": ""delta_flip"", ""note"": ""excluded: taker unavailable"", ""weight"": 0.0, ""excluded_weight"": 1.5}, {""key"": ""absorption"", ""note"": ""excluded: taker unavailable"", ""weight"": 0.0, ""excluded_weight"": 1.0}, {""key"": ""cohort"", ""note"": ""excluded: cohort unavailable"", ""weight"": 0.0, ""excluded_weight"": 1.0}]"
M1,ETH,neutral,2026-08-24 10:30:05,4h_fvg_top,2488.88,short,2482.89,,2494.715323907018,2466.36,2026-08-24 11:15:05,,cancelled:entry_expired_no_fvg,,0.5916,half,0,2494.715323907018,0,2482.885107969006,1,1,"[{""key"": ""location"", ""weight"": 2.0, ""strength"": 1.0, ""contribution"": 0.2062}, {""key"": ""reclaim"", ""weight"": 2.0, ""strength"": 0.5893, ""contribution"": 0.1215}, {""key"": ""fuel"", ""weight"": 1.5, ""strength"": 0.0112, ""contribution"": 0.0017}, {""key"": ""cleared"", ""weight"": 1.2, ""strength"": 0.0, ""contribution"": 0.0}, {""key"": ""discount"", ""weight"": 1.2, ""strength"": 0.7844, ""contribution"": 0.097}, {""key"": ""session"", ""weight"": 0.8, ""strength"": 0.6, ""contribution"": 0.0495}, {""key"": ""htf_bias"", ""weight"": 1.0, ""strength"": 0.6, ""contribution"": 0.0619}, {""key"": ""delta_flip"", ""note"": ""excluded: taker unavailable"", ""weight"": 0.0, ""excluded_weight"": 1.5}, {""key"": ""absorption"", ""note"": ""excluded: taker unavailable"", ""weight"": 0.0, ""excluded_weight"": 1.0}, {""key"": ""cohort"", ""note"": ""excluded: cohort unavailable"", ""weight"": 0.0, ""excluded_weight"": 1.0}]"
M1,ETH,neutral,2026-08-30 17:00:05,equal_highs_4h,2533.1,short,2528.71,,2535.6788313581023,2518.2474457612648,2026-08-30 17:45:05,,cancelled:entry_expired_no_fvg,,0.6104,half,0,2535.6788313581023,0,2528.7062771193673,1,1,"[{""key"": ""location"", ""weight"": 2.0, ""strength"": 1.0, ""contribution"": 0.2062}, {""key"": ""reclaim"", ""weight"": 2.0, ""strength"": 0.716, ""contribution"": 0.1476}, {""key"": ""fuel"", ""weight"": 1.5, ""strength"": 0.0715, ""contribution"": 0.0111}, {""key"": ""cleared"", ""weight"": 1.2, ""strength"": 0.0, ""contribution"": 0.0}, {""key"": ""discount"", ""weight"": 1.2, ""strength"": 0.8864, ""contribution"": 0.1097}, {""key"": ""session"", ""weight"": 0.8, ""strength"": 0.6, ""contribution"": 0.0495}, {""key"": ""htf_bias"", ""weight"": 1.0, ""strength"": 0.3, ""contribution"": 0.0309}, {""key"": ""delta_flip"", ""note"": ""excluded: taker unavailable"", ""weight"": 0.0, ""excluded_weight"": 1.5}, {""key"": ""absorption"", ""note"": ""excluded: taker unavailable"", ""weight"": 0.0, ""excluded_weight"": 1.0}, {""key"": ""cohort"", ""note"": ""excluded: cohort unavailable"", ""weight"": 0.0, ""excluded_weight"": 1.0}]"
M1,ETH,neutral,2026-09-01 19:15:05,pwl,2384.2,long,2396.51,,2379.67191943572,2400.19,2026-09-01 20:00:05,,cancelled:entry_expired_no_fvg,,0.5543,half,0,2379.67191943572,0,2396.5139731452396,1,1,"[{""key"": ""location"", ""weight"": 2.0, ""strength"": 1.0, ""contribution"": 0.2062}, {""key"": ""reclaim"", ""weight"": 2.0, ""strength"": 0.8843, ""contribution"": 0.1823}, {""key"": ""fuel"", ""weight"": 1.5, ""strength"": 0.0795, ""contribution"": 0.0123}, {""key"": ""cleared"", ""weight"": 1.2, ""strength"": 0.0, ""contribution"": 0.0}, {""key"": ""discount"", ""weight"": 1.2, ""strength"": 0.4334, ""contribution"": 0.0536}, {""key"": ""session"", ""weight"": 0.8, ""strength"": 0.6, ""contribution"": 0.0495}, {""key"": ""htf_bias"", ""weight"": 1.0, ""strength"": 0.0, ""contribution"": 0.0}, {""key"": ""delta_flip"", ""note"": ""excluded: taker unavailable"", ""weight"": 0.0, ""excluded_weight"": 1.5}, {""key"": ""absorption"", ""note"": ""excluded: taker unavailable"", ""weight"": 0.0, ""excluded_weight"": 1.0}, {""key"": ""cohort"", ""note"": ""excluded: cohort unavailable"", ""weight"": 0.0, ""excluded_weight"": 1.0}]"
M3,BTC,neutral,2026-03-11 10:00:05,4h_fvg,69391.0,long,69347.1,,69231.99830533197,69586.08887934894,2026-03-11 10:45:05,,cancelled:entry_expired,,0.5894,half,1,69289.5618644995,0,69347.12542366702,,,"[{""key"": ""location"", ""weight"": 1.8, ""strength"": 1.0, ""contribution"": 0.2169}, {""key"": ""failure_quality"", ""weight"": 1.2, ""strength"": 0.5385, ""contribution"": 0.0779}, {""key"": ""thin_bids"", ""weight"": 1.0, ""strength"": 0.0, ""contribution"": 0.0}, {""key"": ""funding_up"", ""weight"": 0.8, ""strength"": 0.0, ""contribution"": 0.0}, {""key"": ""premium"", ""weight"": 1.0, ""strength"": 0.8077, ""contribution"": 0.0973}, {""key"": ""second_failure"", ""weight"": 1.5, ""strength"": 0.0, ""contribution"": 0.0}, {""key"": ""day_type_fit"", ""weight"": 1.0, ""strength"": 1.0, ""contribution"": 0.1205}, {""key"": ""trap"", ""note"": ""excluded: oi unavailable"", ""weight"": 0.0, ""excluded_weight"": 2.0}, {""key"": ""cvd_divergence"", ""note"": ""excluded: taker unavailable"", ""weight"": 0.0, ""excluded_weight"": 2.0}, {""key"": ""cluster_fuel"", ""note"": ""excluded: oi unavailable"", ""weight"": 0.0, ""excluded_weight"": 1.2}]"
M3,BTC,neutral,2026-03-11 10:15:05,4h_fvg,69391.0,long,,,,,,,"no_trade (trade #577 open at evaluation, its exit_ts 2026-03-11 10:45:05)",,0.5886,half,,,,,,,"[{""key"": ""location"", ""weight"": 1.8, ""strength"": 1.0, ""contribution"": 0.2169}, {""key"": ""failure_quality"", ""weight"": 1.2, ""strength"": 0.5531, ""contribution"": 0.08}, {""key"": ""thin_bids"", ""weight"": 1.0, ""strength"": 0.0, ""contribution"": 0.0}, {""key"": ""funding_up"", ""weight"": 0.8, ""strength"": 0.0, ""contribution"": 0.0}, {""key"": ""premium"", ""weight"": 1.0, ""strength"": 0.7845, ""contribution"": 0.0945}, {""key"": ""second_failure"", ""weight"": 1.5, ""strength"": 0.0, ""contribution"": 0.0}, {""key"": ""day_type_fit"", ""weight"": 1.0, ""strength"": 1.0, ""contribution"": 0.1205}, {""key"": ""trap"", ""note"": ""excluded: oi unavailable"", ""weight"": 0.0, ""excluded_weight"": 2.0}, {""key"": ""cvd_divergence"", ""note"": ""excluded: taker unavailable"", ""weight"": 0.0, ""excluded_weight"": 2.0}, {""key"": ""cluster_fuel"", ""note"": ""excluded: oi unavailable"", ""weight"": 0.0, ""excluded_weight"": 1.2}]"
M3,BTC,neutral,2026-03-11 12:45:05,4h_swing_low,69184.8,long,69146.2,2026-03-11 12:50:00,69015.9901862272,69437.42786776315,2026-03-11 18:50:00,70355.0,time_stop,5.516596149826518,0.6214,half,1,69081.12131983519,0,69146.2524534432,,,"[{""key"": ""location"", ""weight"": 1.8, ""strength"": 1.0, ""contribution"": 0.2169}, {""key"": ""failure_quality"", ""weight"": 1.2, ""strength"": 0.5957, ""contribution"": 0.0861}, {""key"": ""thin_bids"", ""weight"": 1.0, ""strength"": 0.0, ""contribution"": 0.0}, {""key"": ""funding_up"", ""weight"": 0.8, ""strength"": 0.0, ""contribution"": 0.0}, {""key"": ""premium"", ""weight"": 1.0, ""strength"": 0.9698, ""contribution"": 0.1168}, {""key"": ""second_failure"", ""weight"": 1.5, ""strength"": 0.0, ""contribution"": 0.0}, {""key"": ""day_type_fit"", ""weight"": 1.0, ""strength"": 1.0, ""contribution"": 0.1205}, {""key"": ""trap"", ""note"": ""excluded: oi unavailable"", ""weight"": 0.0, ""excluded_weight"": 2.0}, {""key"": ""cvd_divergence"", ""note"": ""excluded: taker unavailable"", ""weight"": 0.0, ""excluded_weight"": 2.0}, {""key"": ""cluster_fuel"", ""note"": ""excluded: oi unavailable"", ""weight"": 0.0, ""excluded_weight"": 1.2}]"
M3,BTC,neutral,2026-03-20 13:00:05,4h_swing_low,70256.0,long,70234.2,2026-03-20 13:05:00,70113.85568895687,71803.1,2026-03-20 13:35:00,70113.9,stop,-1.349784798623417,0.5836,half,1,70174.00838335883,0,70234.16107776079,,,"[{""key"": ""location"", ""weight"": 1.8, ""strength"": 1.0, ""contribution"": 0.2169}, {""key"": ""failure_quality"", ""weight"": 1.2, ""strength"": 0.4489, ""contribution"": 0.0649}, {""key"": ""thin_bids"", ""weight"": 1.0, ""strength"": 0.0, ""contribution"": 0.0}, {""key"": ""funding_up"", ""weight"": 0.8, ""strength"": 0.0, ""contribution"": 0.0}, {""key"": ""premium"", ""weight"": 1.0, ""strength"": 0.4908, ""contribution"": 0.0591}, {""key"": ""second_failure"", ""weight"": 1.5, ""strength"": 0.0, ""contribution"": 0.0}, {""key"": ""day_type_fit"", ""weight"": 1.0, ""strength"": 1.0, ""contribution"": 0.1205}, {""key"": ""trap"", ""note"": ""excluded: oi unavailable"", ""weight"": 0.0, ""excluded_weight"": 2.0}, {""key"": ""cvd_divergence"", ""note"": ""excluded: taker unavailable"", ""weight"": 0.0, ""excluded_weight"": 2.0}, {""key"": ""cluster_fuel"", ""note"": ""excluded: oi unavailable"", ""weight"": 0.0, ""excluded_weight"": 1.2}]"
M3,BTC,neutral,2026-03-23 15:15:05,london_high,71468.0,short,71650.0,,71888.59571616477,71264.6791349246,2026-03-23 16:00:05,,cancelled:entry_expired,,0.5882,half,1,71769.28589356178,0,71649.9760709588,,,"[{""key"": ""location"", ""weight"": 1.8, ""strength"": 0.6, ""contribution"": 0.1301}, {""key"": ""failure_quality"", ""weight"": 1.2, ""strength"": 0.6525, ""contribution"": 0.0943}, {""key"": ""thin_bids"", ""weight"": 1.0, ""strength"": 0.0, ""contribution"": 0.0}, {""key"": ""funding_up"", ""weight"": 0.8, ""strength"": 0.0, ""contribution"": 0.0}, {""key"": ""premium"", ""weight"": 1.0, ""strength"": 0.9965, ""contribution"": 0.1201}, {""key"": ""second_failure"", ""weight"": 1.5, ""strength"": 0.0, ""contribution"": 0.0}, {""key"": ""day_type_fit"", ""weight"": 1.0, ""strength"": 1.0, ""contribution"": 0.1205}, {""key"": ""trap"", ""note"": ""excluded: oi unavailable"", ""weight"": 0.0, ""excluded_weight"": 2.0}, {""key"": ""cvd_divergence"", ""note"": ""excluded: taker unavailable"", ""weight"": 0.0, ""excluded_weight"": 2.0}, {""key"": ""cluster_fuel"", ""note"": ""excluded: oi unavailable"", ""weight"": 0.0, ""excluded_weight"": 1.2}]"
M3,BTC,neutral,2026-04-01 15:15:05,4h_swing_high,68600.0,short,68628.1,2026-04-01 15:20:00,68773.1537102367,68303.72413067809,2026-04-01 15:20:00,68773.2,stop,-1.2845235511726192,0.677,half,1,68700.62014133876,0,68628.08657244084,,,"[{""key"": ""location"", ""weight"": 1.8, ""strength"": 1.0, ""contribution"": 0.2169}, {""key"": ""failure_quality"", ""weight"": 1.2, ""strength"": 0.6266, ""contribution"": 0.0906}, {""key"": ""thin_bids"", ""weight"": 1.0, ""strength"": 0.0, ""contribution"": 0.0}, {""key"": ""funding_up"", ""weight"": 0.8, ""strength"": 0.0, ""contribution"": 0.0}, {""key"": ""premium"", ""weight"": 1.0, ""strength"": 0.8903, ""contribution"": 0.1073}, {""key"": ""second_failure"", ""weight"": 1.5, ""strength"": 0.0, ""contribution"": 0.0}, {""key"": ""day_type_fit"", ""weight"": 1.0, ""strength"": 1.0, ""contribution"": 0.1205}, {""key"": ""trap"", ""note"": ""excluded: oi unavailable"", ""weight"": 0.0, ""excluded_weight"": 2.0}, {""key"": ""cvd_divergence"", ""note"": ""excluded: taker unavailable"", ""weight"": 0.0, ""excluded_weight"": 2.0}, {""key"": ""cluster_fuel"", ""note"": ""excluded: oi unavailable"", ""weight"": 0.0, ""excluded_weight"": 1.2}]"
M3,BTC,neutral,2026-04-02 11:15:05,4h_swing_low,66200.1,long,66210.4,2026-04-02 11:20:00,66116.96570062781,66505.41686717817,2026-04-02 11:20:00,66117.0,stop,-1.42461184348272,0.6434,half,1,66163.67463773543,0,66210.38357484304,,,"[{""key"": ""location"", ""weight"": 1.8, ""strength"": 1.0, ""contribution"": 0.2169}, {""key"": ""failure_quality"", ""weight"": 1.2, ""strength"": 0.8671, ""contribution"": 0.1254}, {""key"": ""thin_bids"", ""weight"": 1.0, ""strength"": 0.0, ""contribution"": 0.0}, {""key"": ""funding_up"", ""weight"": 0.8, ""strength"": 0.0, ""contribution"": 0.0}, {""key"": ""premium"", ""weight"": 1.0, ""strength"": 0.8032, ""contribution"": 0.0968}, {""key"": ""second_failure"", ""weight"": 1.5, ""strength"": 0.0, ""contribution"": 0.0}, {""key"": ""day_type_fit"", ""weight"": 1.0, ""strength"": 1.0, ""contribution"": 0.1205}, {""key"": ""trap"", ""note"": ""excluded: oi unavailable"", ""weight"": 0.0, ""excluded_weight"": 2.0}, {""key"": ""cvd_divergence"", ""note"": ""excluded: taker unavailable"", ""weight"": 0.0, ""excluded_weight"": 2.0}, {""key"": ""cluster_fuel"", ""note"": ""excluded: oi unavailable"", ""weight"": 0.0, ""excluded_weight"": 1.2}]"
M3,BTC,neutral,2026-05-12 16:30:05,4h_swing_low,80225.1,long,80156.7,2026-05-12 16:50:00,80034.80086763506,80495.37485376574,2026-05-12 16:50:00,80034.8,stop,-1.3943850442804555,0.6064,half,1,80095.73782536315,0,80156.67478309124,,,"[{""key"": ""location"", ""weight"": 1.8, ""strength"": 1.0, ""contribution"": 0.2169}, {""key"": ""failure_quality"", ""weight"": 1.2, ""strength"": 1.0, ""contribution"": 0.1446}, {""key"": ""thin_bids"", ""weight"": 1.0, ""strength"": 0.0, ""contribution"": 0.0}, {""key"": ""funding_up"", ""weight"": 0.8, ""strength"": 0.0, ""contribution"": 0.0}, {""key"": ""premium"", ""weight"": 1.0, ""strength"": 0.9734, ""contribution"": 0.1173}, {""key"": ""second_failure"", ""weight"": 1.5, ""strength"": 0.0, ""contribution"": 0.0}, {""key"": ""day_type_fit"", ""weight"": 1.0, ""strength"": 1.0, ""contribution"": 0.1205}, {""key"": ""trap"", ""note"": ""excluded: oi unavailable"", ""weight"": 0.0, ""excluded_weight"": 2.0}, {""key"": ""cvd_divergence"", ""note"": ""excluded: taker unavailable"", ""weight"": 0.0, ""excluded_weight"": 2.0}, {""key"": ""cluster_fuel"", ""note"": ""excluded: oi unavailable"", ""weight"": 0.0, ""excluded_weight"": 1.2}]"
M3,BTC,neutral,2026-06-08 14:00:05,asia_high,63849.5,short,63884.0,2026-06-08 14:35:00,64063.95201061649,63644.19100824367,2026-06-08 14:50:00,64064.0,stop,-1.2138011775709285,0.6693,half,1,63973.98200398118,0,63884.01199734588,,,"[{""key"": ""location"", ""weight"": 1.8, ""strength"": 0.6, ""contribution"": 0.1301}, {""key"": ""failure_quality"", ""weight"": 1.2, ""strength"": 0.6263, ""contribution"": 0.0906}, {""key"": ""thin_bids"", ""weight"": 1.0, ""strength"": 0.0, ""contribution"": 0.0}, {""key"": ""funding_up"", ""weight"": 0.8, ""strength"": 0.0, ""contribution"": 0.0}, {""key"": ""premium"", ""weight"": 1.0, ""strength"": 0.6584, ""contribution"": 0.0793}, {""key"": ""second_failure"", ""weight"": 1.5, ""strength"": 1.0, ""contribution"": 0.1807}, {""key"": ""day_type_fit"", ""weight"": 1.0, ""strength"": 1.0, ""contribution"": 0.1205}, {""key"": ""trap"", ""note"": ""excluded: oi unavailable"", ""weight"": 0.0, ""excluded_weight"": 2.0}, {""key"": ""cvd_divergence"", ""note"": ""excluded: taker unavailable"", ""weight"": 0.0, ""excluded_weight"": 2.0}, {""key"": ""cluster_fuel"", ""note"": ""excluded: oi unavailable"", ""weight"": 0.0, ""excluded_weight"": 1.2}]"
M3,BTC,neutral,2026-07-06 18:30:05,asia_high,63900.0,short,63893.2,,64047.35273754074,63200.399999999994,2026-07-06 19:15:05,,cancelled:entry_expired,,0.7802,full,1,63970.25727657778,0,63893.16181561481,,,"[{""key"": ""location"", ""weight"": 1.8, ""strength"": 0.8, ""contribution"": 0.1735}, {""key"": ""failure_quality"", ""weight"": 1.2, ""strength"": 1.0, ""contribution"": 0.1446}, {""key"": ""thin_bids"", ""weight"": 1.0, ""strength"": 0.0, ""contribution"": 0.0}, {""key"": ""funding_up"", ""weight"": 0.8, ""strength"": 0.0, ""contribution"": 0.0}, {""key"": ""premium"", ""weight"": 1.0, ""strength"": 0.6768, ""contribution"": 0.0815}, {""key"": ""second_failure"", ""weight"": 1.5, ""strength"": 1.0, ""contribution"": 0.1807}, {""key"": ""day_type_fit"", ""weight"": 1.0, ""strength"": 1.0, ""contribution"": 0.1205}, {""key"": ""trap"", ""note"": ""excluded: oi unavailable"", ""weight"": 0.0, ""excluded_weight"": 2.0}, {""key"": ""cvd_divergence"", ""note"": ""excluded: taker unavailable"", ""weight"": 0.0, ""excluded_weight"": 2.0}, {""key"": ""cluster_fuel"", ""note"": ""excluded: oi unavailable"", ""weight"": 0.0, ""excluded_weight"": 1.2}]"
M3,ETH,neutral,2026-04-06 15:00:05,4h_swing_high,2157.99,short,2157.26,2026-04-06 15:05:00,2162.7411479384486,2148.244518742972,2026-04-06 15:05:00,2162.74,stop,-1.2374513885782539,0.5899,half,1,2160.002930476918,0,2157.264713015388,,,"[{""key"": ""location"", ""weight"": 1.8, ""strength"": 1.0, ""contribution"": 0.2169}, {""key"": ""failure_quality"", ""weight"": 1.2, ""strength"": 1.0, ""contribution"": 0.1446}, {""key"": ""thin_bids"", ""weight"": 1.0, ""strength"": 0.0, ""contribution"": 0.0}, {""key"": ""funding_up"", ""weight"": 0.8, ""strength"": 0.0, ""contribution"": 0.0}, {""key"": ""premium"", ""weight"": 1.0, ""strength"": 0.8383, ""contribution"": 0.101}, {""key"": ""second_failure"", ""weight"": 1.5, ""strength"": 0.0, ""contribution"": 0.0}, {""key"": ""day_type_fit"", ""weight"": 1.0, ""strength"": 1.0, ""contribution"": 0.1205}, {""key"": ""trap"", ""note"": ""excluded: oi unavailable"", ""weight"": 0.0, ""excluded_weight"": 2.0}, {""key"": ""cvd_divergence"", ""note"": ""excluded: taker unavailable"", ""weight"": 0.0, ""excluded_weight"": 2.0}, {""key"": ""cluster_fuel"", ""note"": ""excluded: oi unavailable"", ""weight"": 0.0, ""excluded_weight"": 1.2}]"
M3,ETH,neutral,2026-04-06 16:15:05,4h_swing_high,2167.2,short,2168.08,,2173.2194071992144,2152.790378862067,2026-04-06 17:00:05,,cancelled:entry_expired,,0.7558,full,1,2170.6510276997055,0,2168.0826482001967,,,"[{""key"": ""location"", ""weight"": 1.8, ""strength"": 1.0, ""contribution"": 0.2169}, {""key"": ""failure_quality"", ""weight"": 1.2, ""strength"": 0.2998, ""contribution"": 0.0433}, {""key"": ""thin_bids"", ""weight"": 1.0, ""strength"": 0.0, ""contribution"": 0.0}, {""key"": ""funding_up"", ""weight"": 0.8, ""strength"": 0.0, ""contribution"": 0.0}, {""key"": ""premium"", ""weight"": 1.0, ""strength"": 0.9756, ""contribution"": 0.1175}, {""key"": ""second_failure"", ""weight"": 1.5, ""strength"": 1.0, ""contribution"": 0.1807}, {""key"": ""day_type_fit"", ""weight"": 1.0, ""strength"": 1.0, ""contribution"": 0.1205}, {""key"": ""trap"", ""note"": ""excluded: oi unavailable"", ""weight"": 0.0, ""excluded_weight"": 2.0}, {""key"": ""cvd_divergence"", ""note"": ""excluded: taker unavailable"", ""weight"": 0.0, ""excluded_weight"": 2.0}, {""key"": ""cluster_fuel"", ""note"": ""excluded: oi unavailable"", ""weight"": 0.0, ""excluded_weight"": 1.2}]"
M3,ETH,neutral,2026-05-06 17:30:05,4h_swing_low,2352.42,long,2350.24,2026-05-06 17:35:00,2345.174607038793,2366.691374443956,2026-05-06 18:00:05,2348.35,thesis_failed,-0.6508456332710977,0.604,half,1,2347.7092276395474,0,2350.2438482403018,,,"[{""key"": ""location"", ""weight"": 1.8, ""strength"": 1.0, ""contribution"": 0.2169}, {""key"": ""failure_quality"", ""weight"": 1.2, ""strength"": 0.9646, ""contribution"": 0.1395}, {""key"": ""thin_bids"", ""weight"": 1.0, ""strength"": 0.0, ""contribution"": 0.0}, {""key"": ""funding_up"", ""weight"": 0.8, ""strength"": 0.0, ""contribution"": 0.0}, {""key"": ""premium"", ""weight"": 1.0, ""strength"": 0.9961, ""contribution"": 0.12}, {""key"": ""second_failure"", ""weight"": 1.5, ""strength"": 0.0, ""contribution"": 0.0}, {""key"": ""day_type_fit"", ""weight"": 1.0, ""strength"": 1.0, ""contribution"": 0.1205}, {""key"": ""trap"", ""note"": ""excluded: oi unavailable"", ""weight"": 0.0, ""excluded_weight"": 2.0}, {""key"": ""cvd_divergence"", ""note"": ""excluded: taker unavailable"", ""weight"": 0.0, ""excluded_weight"": 2.0}, {""key"": ""cluster_fuel"", ""note"": ""excluded: oi unavailable"", ""weight"": 0.0, ""excluded_weight"": 1.2}]"
M3,ETH,neutral,2026-05-16 13:45:05,equal_lows_4h,2173.7633333333333,long,2172.01,,2168.9667268096414,2174.991831322906,2026-05-16 14:30:05,,cancelled:entry_expired,,0.6061,half,1,2170.4875225536157,0,2172.0083182975895,,,"[{""key"": ""location"", ""weight"": 1.8, ""strength"": 1.0, ""contribution"": 0.2169}, {""key"": ""failure_quality"", ""weight"": 1.2, ""strength"": 1.0, ""contribution"": 0.1446}, {""key"": ""thin_bids"", ""weight"": 1.0, ""strength"": 0.0, ""contribution"": 0.0}, {""key"": ""funding_up"", ""weight"": 0.8, ""strength"": 0.0, ""contribution"": 0.0}, {""key"": ""premium"", ""weight"": 1.0, ""strength"": 0.9709, ""contribution"": 0.117}, {""key"": ""second_failure"", ""weight"": 1.5, ""strength"": 0.0, ""contribution"": 0.0}, {""key"": ""day_type_fit"", ""weight"": 1.0, ""strength"": 1.0, ""contribution"": 0.1205}, {""key"": ""trap"", ""note"": ""excluded: oi unavailable"", ""weight"": 0.0, ""excluded_weight"": 2.0}, {""key"": ""cvd_divergence"", ""note"": ""excluded: taker unavailable"", ""weight"": 0.0, ""excluded_weight"": 2.0}, {""key"": ""cluster_fuel"", ""note"": ""excluded: oi unavailable"", ""weight"": 0.0, ""excluded_weight"": 1.2}]"
M3,ETH,neutral,2026-08-05 15:45:05,4h_swing_high,1881.72,short,1881.38,2026-08-05 16:05:00,1884.827556178676,1871.4629210054652,2026-08-05 16:20:00,1884.83,stop,-1.3288231182144012,0.5562,half,1,1883.1040835670035,0,1881.380610955331,,,"[{""key"": ""location"", ""weight"": 1.8, ""strength"": 1.0, ""contribution"": 0.2169}, {""key"": ""failure_quality"", ""weight"": 1.2, ""strength"": 1.0, ""contribution"": 0.1446}, {""key"": ""thin_bids"", ""weight"": 1.0, ""strength"": 0.0, ""contribution"": 0.0}, {""key"": ""funding_up"", ""weight"": 0.8, ""strength"": 0.0, ""contribution"": 0.0}, {""key"": ""premium"", ""weight"": 1.0, ""strength"": 0.5621, ""contribution"": 0.0677}, {""key"": ""second_failure"", ""weight"": 1.5, ""strength"": 0.0, ""contribution"": 0.0}, {""key"": ""day_type_fit"", ""weight"": 1.0, ""strength"": 1.0, ""contribution"": 0.1205}, {""key"": ""trap"", ""note"": ""excluded: oi unavailable"", ""weight"": 0.0, ""excluded_weight"": 2.0}, {""key"": ""cvd_divergence"", ""note"": ""excluded: taker unavailable"", ""weight"": 0.0, ""excluded_weight"": 2.0}, {""key"": ""cluster_fuel"", ""note"": ""excluded: oi unavailable"", ""weight"": 0.0, ""excluded_weight"": 1.2}]"
M5,BTC,neutral,2026-03-11 13:30:05,asia_low,69329.7,long,69608.1,,69247.36431292928,69789.4,2026-03-11 14:15:05,,cancelled:entry_expired,,0.9111,full,0,69247.36431292928,0,69608.1214376431,1,1,"[{""key"": ""bias_alignment"", ""weight"": 2.0, ""strength"": 1.0, ""contribution"": 0.2353}, {""key"": ""range_quality"", ""weight"": 1.5, ""strength"": 0.6, ""contribution"": 0.1059}, {""key"": ""reclaim"", ""weight"": 1.8, ""strength"": 0.8852, ""contribution"": 0.1875}, {""key"": ""early_in_window"", ""weight"": 1.0, ""strength"": 1.0, ""contribution"": 0.1176}, {""key"": ""open_location"", ""weight"": 1.0, ""strength"": 0.3, ""contribution"": 0.0353}, {""key"": ""no_pre_drift"", ""weight"": 1.2, ""strength"": 0.7597, ""contribution"": 0.1073}, {""key"": ""fuel"", ""note"": ""excluded: oi unavailable"", ""weight"": 0.0, ""excluded_weight"": 1.3}, {""key"": ""cleared"", ""note"": ""excluded: oi unavailable"", ""weight"": 0.0, ""excluded_weight"": 1.0}, {""key"": ""delta_flip"", ""note"": ""excluded: taker unavailable"", ""weight"": 0.0, ""excluded_weight"": 1.3}, {""key"": ""cohort"", ""note"": ""excluded: cohort unavailable"", ""weight"": 0.0, ""excluded_weight"": 0.8}]"
M5,BTC,neutral,2026-03-21 07:45:05,asia_high,70803.1,short,70784.9,,70866.99512387482,70603.15,2026-03-21 08:30:05,,cancelled:entry_expired,,0.6255,half,0,70866.99512387482,0,70784.93170795827,2,0,"[{""key"": ""bias_alignment"", ""weight"": 2.0, ""strength"": 0.2, ""contribution"": 0.0471}, {""key"": ""range_quality"", ""weight"": 1.5, ""strength"": 0.6, ""contribution"": 0.1059}, {""key"": ""reclaim"", ""weight"": 1.8, ""strength"": 1.0, ""contribution"": 0.2118}, {""key"": ""early_in_window"", ""weight"": 1.0, ""strength"": 1.0, ""contribution"": 0.1176}, {""key"": ""open_location"", ""weight"": 1.0, ""strength"": 0.7, ""contribution"": 0.0824}, {""key"": ""no_pre_drift"", ""weight"": 1.2, ""strength"": 0.4307, ""contribution"": 0.0608}, {""key"": ""fuel"", ""note"": ""excluded: oi unavailable"", ""weight"": 0.0, ""excluded_weight"": 1.3}, {""key"": ""cleared"", ""note"": ""excluded: oi unavailable"", ""weight"": 0.0, ""excluded_weight"": 1.0}, {""key"": ""delta_flip"", ""note"": ""excluded: taker unavailable"", ""weight"": 0.0, ""excluded_weight"": 1.3}, {""key"": ""cohort"", ""note"": ""excluded: cohort unavailable"", ""weight"": 0.0, ""excluded_weight"": 0.8}]"
M5,BTC,neutral,2026-04-15 14:15:05,asia_low,73822.0,long,73918.0,2026-04-15 14:35:00,73733.60246605128,74280.6,2026-04-15 14:35:00,73918.0,stop_be,0.5940807051739604,0.7768,full,0,73733.60246605128,0,73917.98415535042,1,1,"[{""key"": ""bias_alignment"", ""weight"": 2.0, ""strength"": 0.6, ""contribution"": 0.1412}, {""key"": ""range_quality"", ""weight"": 1.5, ""strength"": 0.6, ""contribution"": 0.1059}, {""key"": ""reclaim"", ""weight"": 1.8, ""strength"": 0.4537, ""contribution"": 0.0961}, {""key"": ""early_in_window"", ""weight"": 1.0, ""strength"": 0.6, ""contribution"": 0.0706}, {""key"": ""open_location"", ""weight"": 1.0, ""strength"": 1.0, ""contribution"": 0.1176}, {""key"": ""no_pre_drift"", ""weight"": 1.2, ""strength"": 1.0, ""contribution"": 0.1412}, {""key"": ""fuel"", ""note"": ""excluded: oi unavailable"", ""weight"": 0.0, ""excluded_weight"": 1.3}, {""key"": ""cleared"", ""note"": ""excluded: oi unavailable"", ""weight"": 0.0, ""excluded_weight"": 1.0}, {""key"": ""delta_flip"", ""note"": ""excluded: taker unavailable"", ""weight"": 0.0, ""excluded_weight"": 1.3}, {""key"": ""cohort"", ""note"": ""excluded: cohort unavailable"", ""weight"": 0.0, ""excluded_weight"": 0.8}]"
M5,BTC,neutral,2026-07-03 09:00:05,asia_high,61825.1,short,61692.9,2026-07-03 09:20:00,61897.87960980149,61527.05,2026-07-03 10:35:00,61897.9,stop,-1.1809968807767042,0.7765,full,0,61897.87960980149,0,61692.8765366005,2,0,"[{""key"": ""bias_alignment"", ""weight"": 2.0, ""strength"": 1.0, ""contribution"": 0.2353}, {""key"": ""range_quality"", ""weight"": 1.5, ""strength"": 0.6, ""contribution"": 0.1059}, {""key"": ""reclaim"", ""weight"": 1.8, ""strength"": 1.0, ""contribution"": 0.2118}, {""key"": ""early_in_window"", ""weight"": 1.0, ""strength"": 0.3, ""contribution"": 0.0353}, {""key"": ""open_location"", ""weight"": 1.0, ""strength"": 1.0, ""contribution"": 0.1176}, {""key"": ""no_pre_drift"", ""weight"": 1.2, ""strength"": 0.0, ""contribution"": 0.0}, {""key"": ""fuel"", ""note"": ""excluded: oi unavailable"", ""weight"": 0.0, ""excluded_weight"": 1.3}, {""key"": ""cleared"", ""note"": ""excluded: oi unavailable"", ""weight"": 0.0, ""excluded_weight"": 1.0}, {""key"": ""delta_flip"", ""note"": ""excluded: taker unavailable"", ""weight"": 0.0, ""excluded_weight"": 1.3}, {""key"": ""cohort"", ""note"": ""excluded: cohort unavailable"", ""weight"": 0.0, ""excluded_weight"": 0.8}]"
M5,BTC,neutral,2026-08-06 15:00:05,asia_low,64386.3,long,64565.0,,64308.83611752899,64679.0,2026-08-06 15:45:05,,cancelled:entry_expired,,0.6641,half,0,64308.83611752899,0,64564.995372509664,1,1,"[{""key"": ""bias_alignment"", ""weight"": 2.0, ""strength"": 0.6, ""contribution"": 0.1412}, {""key"": ""range_quality"", ""weight"": 1.5, ""strength"": 0.6, ""contribution"": 0.1059}, {""key"": ""reclaim"", ""weight"": 1.8, ""strength"": 0.9928, ""contribution"": 0.2102}, {""key"": ""early_in_window"", ""weight"": 1.0, ""strength"": 0.3, ""contribution"": 0.0353}, {""key"": ""open_location"", ""weight"": 1.0, ""strength"": 0.7, ""contribution"": 0.0824}, {""key"": ""no_pre_drift"", ""weight"": 1.2, ""strength"": 0.0, ""contribution"": 0.0}, {""key"": ""fuel"", ""note"": ""excluded: oi unavailable"", ""weight"": 0.0, ""excluded_weight"": 1.3}, {""key"": ""cleared"", ""note"": ""excluded: oi unavailable"", ""weight"": 0.0, ""excluded_weight"": 1.0}, {""key"": ""delta_flip"", ""note"": ""excluded: taker unavailable"", ""weight"": 0.0, ""excluded_weight"": 1.3}, {""key"": ""cohort"", ""note"": ""excluded: cohort unavailable"", ""weight"": 0.0, ""excluded_weight"": 0.8}]"
M5,ETH,neutral,2026-03-11 08:45:05,asia_low,2010.0,long,2016.89,2026-03-11 08:50:00,2007.3261286376855,2025.5,2026-03-11 10:05:00,2016.89,stop_be,0.25886068037080584,0.9405,full,0,2007.3261286376855,0,2016.8887095458952,2,0,"[{""key"": ""bias_alignment"", ""weight"": 2.0, ""strength"": 1.0, ""contribution"": 0.2353}, {""key"": ""range_quality"", ""weight"": 1.5, ""strength"": 0.6, ""contribution"": 0.1059}, {""key"": ""reclaim"", ""weight"": 1.8, ""strength"": 0.8708, ""contribution"": 0.1844}, {""key"": ""early_in_window"", ""weight"": 1.0, ""strength"": 0.6, ""contribution"": 0.0706}, {""key"": ""open_location"", ""weight"": 1.0, ""strength"": 1.0, ""contribution"": 0.1176}, {""key"": ""no_pre_drift"", ""weight"": 1.2, ""strength"": 1.0, ""contribution"": 0.1412}, {""key"": ""fuel"", ""note"": ""excluded: oi unavailable"", ""weight"": 0.0, ""excluded_weight"": 1.3}, {""key"": ""cleared"", ""note"": ""excluded: oi unavailable"", ""weight"": 0.0, ""excluded_weight"": 1.0}, {""key"": ""delta_flip"", ""note"": ""excluded: taker unavailable"", ""weight"": 0.0, ""excluded_weight"": 1.3}, {""key"": ""cohort"", ""note"": ""excluded: cohort unavailable"", ""weight"": 0.0, ""excluded_weight"": 0.8}]"
M5,ETH,neutral,2026-03-21 07:45:05,asia_high,2159.0,short,2157.58,,2161.3155655847177,2150.94,2026-03-21 08:30:05,,cancelled:entry_expired,,0.6658,half,0,2161.3155655847177,0,2157.581855194906,2,0,"[{""key"": ""bias_alignment"", ""weight"": 2.0, ""strength"": 0.2, ""contribution"": 0.0471}, {""key"": ""range_quality"", ""weight"": 1.5, ""strength"": 0.6, ""contribution"": 0.1059}, {""key"": ""reclaim"", ""weight"": 1.8, ""strength"": 0.8861, ""contribution"": 0.1876}, {""key"": ""early_in_window"", ""weight"": 1.0, ""strength"": 1.0, ""contribution"": 0.1176}, {""key"": ""open_location"", ""weight"": 1.0, ""strength"": 1.0, ""contribution"": 0.1176}, {""key"": ""no_pre_drift"", ""weight"": 1.2, ""strength"": 0.6367, ""contribution"": 0.0899}, {""key"": ""fuel"", ""note"": ""excluded: oi unavailable"", ""weight"": 0.0, ""excluded_weight"": 1.3}, {""key"": ""cleared"", ""note"": ""excluded: oi unavailable"", ""weight"": 0.0, ""excluded_weight"": 1.0}, {""key"": ""delta_flip"", ""note"": ""excluded: taker unavailable"", ""weight"": 0.0, ""excluded_weight"": 1.3}, {""key"": ""cohort"", ""note"": ""excluded: cohort unavailable"", ""weight"": 0.0, ""excluded_weight"": 0.8}]"
M5,ETH,neutral,2026-05-25 08:15:05,asia_high,2112.67,short,2113.5,2026-05-25 08:35:00,2116.6127838829316,2101.755,2026-05-25 08:50:00,2116.61,stop,-1.4074652723542658,0.8561,full,1,2116.563486513526,0,2113.5011621711756,2,0,"[{""key"": ""bias_alignment"", ""weight"": 2.0, ""strength"": 1.0, ""contribution"": 0.2353}, {""key"": ""range_quality"", ""weight"": 1.5, ""strength"": 0.6, ""contribution"": 0.1059}, {""key"": ""reclaim"", ""weight"": 1.8, ""strength"": 1.0, ""contribution"": 0.2118}, {""key"": ""early_in_window"", ""weight"": 1.0, ""strength"": 0.6, ""contribution"": 0.0706}, {""key"": ""open_location"", ""weight"": 1.0, ""strength"": 1.0, ""contribution"": 0.1176}, {""key"": ""no_pre_drift"", ""weight"": 1.2, ""strength"": 0.0, ""contribution"": 0.0}, {""key"": ""fuel"", ""note"": ""excluded: oi unavailable"", ""weight"": 0.0, ""excluded_weight"": 1.3}, {""key"": ""cleared"", ""note"": ""excluded: oi unavailable"", ""weight"": 0.0, ""excluded_weight"": 1.0}, {""key"": ""delta_flip"", ""note"": ""excluded: taker unavailable"", ""weight"": 0.0, ""excluded_weight"": 1.3}, {""key"": ""cohort"", ""note"": ""excluded: cohort unavailable"", ""weight"": 0.0, ""excluded_weight"": 0.8}]"
M5,ETH,neutral,2026-05-27 14:00:05,asia_low,2055.0,long,2058.11,2026-05-27 14:20:00,2049.787923752557,2069.27,2026-05-27 17:00:00,2069.33,time_stop,1.226778773844288,0.7943,full,0,2049.787923752557,0,2058.105974584186,2,0,"[{""key"": ""bias_alignment"", ""weight"": 2.0, ""strength"": 0.2, ""contribution"": 0.0471}, {""key"": ""range_quality"", ""weight"": 1.5, ""strength"": 0.6, ""contribution"": 0.1059}, {""key"": ""reclaim"", ""weight"": 1.8, ""strength"": 1.0, ""contribution"": 0.2118}, {""key"": ""early_in_window"", ""weight"": 1.0, ""strength"": 1.0, ""contribution"": 0.1176}, {""key"": ""open_location"", ""weight"": 1.0, ""strength"": 1.0, ""contribution"": 0.1176}, {""key"": ""no_pre_drift"", ""weight"": 1.2, ""strength"": 0.6213, ""contribution"": 0.0877}, {""key"": ""fuel"", ""note"": ""excluded: oi unavailable"", ""weight"": 0.0, ""excluded_weight"": 1.3}, {""key"": ""cleared"", ""note"": ""excluded: oi unavailable"", ""weight"": 0.0, ""excluded_weight"": 1.0}, {""key"": ""delta_flip"", ""note"": ""excluded: taker unavailable"", ""weight"": 0.0, ""excluded_weight"": 1.3}, {""key"": ""cohort"", ""note"": ""excluded: cohort unavailable"", ""weight"": 0.0, ""excluded_weight"": 0.8}]"
M5,ETH,neutral,2026-08-01 07:30:05,asia_high,1870.32,short,1869.62,,1871.5499710533136,1865.815,2026-08-01 08:15:05,,cancelled:entry_expired,,0.6868,half,0,1871.5499710533136,0,1869.6233236844378,2,0,"[{""key"": ""bias_alignment"", ""weight"": 2.0, ""strength"": 0.2, ""contribution"": 0.0471}, {""key"": ""range_quality"", ""weight"": 1.5, ""strength"": 0.6, ""contribution"": 0.1059}, {""key"": ""reclaim"", ""weight"": 1.8, ""strength"": 1.0, ""contribution"": 0.2118}, {""key"": ""early_in_window"", ""weight"": 1.0, ""strength"": 1.0, ""contribution"": 0.1176}, {""key"": ""open_location"", ""weight"": 1.0, ""strength"": 0.7, ""contribution"": 0.0824}, {""key"": ""no_pre_drift"", ""weight"": 1.2, ""strength"": 0.8647, ""contribution"": 0.1221}, {""key"": ""fuel"", ""note"": ""excluded: oi unavailable"", ""weight"": 0.0, ""excluded_weight"": 1.3}, {""key"": ""cleared"", ""note"": ""excluded: oi unavailable"", ""weight"": 0.0, ""excluded_weight"": 1.0}, {""key"": ""delta_flip"", ""note"": ""excluded: taker unavailable"", ""weight"": 0.0, ""excluded_weight"": 1.3}, {""key"": ""cohort"", ""note"": ""excluded: cohort unavailable"", ""weight"": 0.0, ""excluded_weight"": 0.8}]"
M5,ETH,neutral,2026-08-19 08:00:05,asia_high,1918.42,short,1917.52,2026-08-19 08:35:00,1921.3014470458395,1911.81,2026-08-19 08:35:00,1921.3,stop,-1.3039105652959013,0.5558,half,0,1921.3014470458395,0,1917.5188156819463,2,0,"[{""key"": ""bias_alignment"", ""weight"": 2.0, ""strength"": 0.6, ""contribution"": 0.1111}, {""key"": ""range_quality"", ""weight"": 1.5, ""strength"": 0.6, ""contribution"": 0.0833}, {""key"": ""reclaim"", ""weight"": 1.8, ""strength"": 0.9038, ""contribution"": 0.1506}, {""key"": ""fuel"", ""weight"": 1.3, ""strength"": 0.0, ""contribution"": 0.0}, {""key"": ""cleared"", ""weight"": 1.0, ""strength"": 0.0, ""contribution"": 0.0}, {""key"": ""early_in_window"", ""weight"": 1.0, ""strength"": 1.0, ""contribution"": 0.0926}, {""key"": ""open_location"", ""weight"": 1.0, ""strength"": 0.7, ""contribution"": 0.0648}, {""key"": ""no_pre_drift"", ""weight"": 1.2, ""strength"": 0.0248, ""contribution"": 0.0028}, {""key"": ""delta_flip"", ""note"": ""excluded: taker unavailable"", ""weight"": 0.0, ""excluded_weight"": 1.3}, {""key"": ""cohort"", ""note"": ""excluded: cohort unavailable"", ""weight"": 0.0, ""excluded_weight"": 0.8}]"
M5,ETH,neutral,2026-08-24 07:30:05,asia_high,2466.36,short,2464.88,,2475.7953886958367,2444.705,2026-08-24 08:15:05,,cancelled:entry_expired,,0.627,half,0,2475.7953886958367,0,2464.875129565279,2,0,"[{""key"": ""bias_alignment"", ""weight"": 2.0, ""strength"": 0.6, ""contribution"": 0.1111}, {""key"": ""range_quality"", ""weight"": 1.5, ""strength"": 0.6, ""contribution"": 0.0833}, {""key"": ""reclaim"", ""weight"": 1.8, ""strength"": 0.9792, ""contribution"": 0.1632}, {""key"": ""fuel"", ""weight"": 1.3, ""strength"": 0.0, ""contribution"": 0.0}, {""key"": ""cleared"", ""weight"": 1.0, ""strength"": 0.0, ""contribution"": 0.0}, {""key"": ""early_in_window"", ""weight"": 1.0, ""strength"": 1.0, ""contribution"": 0.0926}, {""key"": ""open_location"", ""weight"": 1.0, ""strength"": 1.0, ""contribution"": 0.0926}, {""key"": ""no_pre_drift"", ""weight"": 1.2, ""strength"": 0.0, ""contribution"": 0.0}, {""key"": ""delta_flip"", ""note"": ""excluded: taker unavailable"", ""weight"": 0.0, ""excluded_weight"": 1.3}, {""key"": ""cohort"", ""note"": ""excluded: cohort unavailable"", ""weight"": 0.0, ""excluded_weight"": 0.8}]"
M6,BTC,neutral,2026-04-07 11:00:05,weekly_open,68997.9,short,68174.8,2026-04-07 15:20:00,69307.25587680696,68480.83144562173,2026-04-07 15:20:00,68174.8,stop_be,-0.469355812463437,0.7183,full,0,69307.25587680696,0,68976.68610433287,,,"[{""key"": ""loss_depth"", ""weight"": 1.8, ""strength"": 0.6698, ""contribution"": 0.1418}, {""key"": ""funding_room"", ""weight"": 1.2, ""strength"": 0.0, ""contribution"": 0.0}, {""key"": ""reward"", ""weight"": 1.2, ""strength"": 1.0, ""contribution"": 0.1412}, {""key"": ""timing"", ""weight"": 1.0, ""strength"": 1.0, ""contribution"": 0.1176}, {""key"": ""htf_bias"", ""weight"": 1.5, ""strength"": 0.6, ""contribution"": 0.1059}, {""key"": ""reclaim_quality"", ""weight"": 1.0, ""strength"": 1.0, ""contribution"": 0.1176}, {""key"": ""pwh_untested"", ""weight"": 0.8, ""strength"": 1.0, ""contribution"": 0.0941}, {""key"": ""oi_commitment"", ""note"": ""excluded: oi unavailable"", ""weight"": 0.0, ""excluded_weight"": 2.0}, {""key"": ""delta_reclaim"", ""note"": ""excluded: taker unavailable"", ""weight"": 0.0, ""excluded_weight"": 1.5}, {""key"": ""cohort"", ""note"": ""excluded: cohort unavailable"", ""weight"": 0.0, ""excluded_weight"": 1.8}]"
M6,BTC,neutral,2026-05-20 10:00:05,weekly_open,77430.4,long,77443.4,2026-05-20 11:05:00,77086.91142883552,77978.17231086454,2026-05-20 12:15:05,77413.9,thesis_failed,-0.2130486329296988,0.5688,half,0,77086.91142883552,0,77443.41578164713,,,"[{""key"": ""loss_depth"", ""weight"": 1.8, ""strength"": 0.9281, ""contribution"": 0.1965}, {""key"": ""funding_room"", ""weight"": 1.2, ""strength"": 0.0, ""contribution"": 0.0}, {""key"": ""reward"", ""weight"": 1.2, ""strength"": 1.0, ""contribution"": 0.1412}, {""key"": ""timing"", ""weight"": 1.0, ""strength"": 1.0, ""contribution"": 0.1176}, {""key"": ""htf_bias"", ""weight"": 1.5, ""strength"": 0.6, ""contribution"": 0.1059}, {""key"": ""reclaim_quality"", ""weight"": 1.0, ""strength"": 0.1173, ""contribution"": 0.0138}, {""key"": ""pwh_untested"", ""weight"": 0.8, ""strength"": 1.0, ""contribution"": 0.0941}, {""key"": ""oi_commitment"", ""note"": ""excluded: oi unavailable"", ""weight"": 0.0, ""excluded_weight"": 2.0}, {""key"": ""delta_reclaim"", ""note"": ""excluded: taker unavailable"", ""weight"": 0.0, ""excluded_weight"": 1.5}, {""key"": ""cohort"", ""note"": ""excluded: cohort unavailable"", ""weight"": 0.0, ""excluded_weight"": 1.8}]"
M6,BTC,neutral,2026-05-26 01:00:05,weekly_open,77030.3,short,76733.4,2026-05-26 05:05:00,77496.40972992423,76289.4200832957,2026-05-26 10:35:00,77496.4,stop,-1.6764505649672254,0.6408,half,0,77496.40972992423,0,77013.61387127281,,,"[{""key"": ""loss_depth"", ""weight"": 1.8, ""strength"": 0.3349, ""contribution"": 0.0709}, {""key"": ""funding_room"", ""weight"": 1.2, ""strength"": 0.0, ""contribution"": 0.0}, {""key"": ""reward"", ""weight"": 1.2, ""strength"": 1.0, ""contribution"": 0.1412}, {""key"": ""timing"", ""weight"": 1.0, ""strength"": 1.0, ""contribution"": 0.1176}, {""key"": ""htf_bias"", ""weight"": 1.5, ""strength"": 1.0, ""contribution"": 0.1765}, {""key"": ""reclaim_quality"", ""weight"": 1.0, ""strength"": 1.0, ""contribution"": 0.1176}, {""key"": ""pwh_untested"", ""weight"": 0.8, ""strength"": 1.0, ""contribution"": 0.0941}, {""key"": ""oi_commitment"", ""note"": ""excluded: oi unavailable"", ""weight"": 0.0, ""excluded_weight"": 2.0}, {""key"": ""delta_reclaim"", ""note"": ""excluded: taker unavailable"", ""weight"": 0.0, ""excluded_weight"": 1.5}, {""key"": ""cohort"", ""note"": ""excluded: cohort unavailable"", ""weight"": 0.0, ""excluded_weight"": 1.8}]"
M6,BTC,neutral,2026-06-16 20:00:05,weekly_open,65702.1,short,65681.7,2026-06-16 20:05:00,66328.61613035132,64711.25401025412,2026-06-16 21:15:05,65885.3,thesis_failed,-0.37576717820217537,0.5807,half,0,66328.61613035132,0,65681.67128231244,,,"[{""key"": ""loss_depth"", ""weight"": 1.8, ""strength"": 0.9277, ""contribution"": 0.1964}, {""key"": ""funding_room"", ""weight"": 1.2, ""strength"": 0.0, ""contribution"": 0.0}, {""key"": ""reward"", ""weight"": 1.2, ""strength"": 1.0, ""contribution"": 0.1412}, {""key"": ""timing"", ""weight"": 1.0, ""strength"": 1.0, ""contribution"": 0.1176}, {""key"": ""htf_bias"", ""weight"": 1.5, ""strength"": 0.6, ""contribution"": 0.1059}, {""key"": ""reclaim_quality"", ""weight"": 1.0, ""strength"": 0.237, ""contribution"": 0.0279}, {""key"": ""pwh_untested"", ""weight"": 0.8, ""strength"": 1.0, ""contribution"": 0.0941}, {""key"": ""oi_commitment"", ""note"": ""excluded: oi unavailable"", ""weight"": 0.0, ""excluded_weight"": 2.0}, {""key"": ""delta_reclaim"", ""note"": ""excluded: taker unavailable"", ""weight"": 0.0, ""excluded_weight"": 1.5}, {""key"": ""cohort"", ""note"": ""excluded: cohort unavailable"", ""weight"": 0.0, ""excluded_weight"": 1.8}]"
M6,BTC,neutral,2026-06-23 07:00:05,weekly_open,63287.2,short,62883.7,,64255.77680688525,62748.73929942924,2026-06-23 15:00:05,,cancelled:entry_expired,,0.6794,half,0,64255.77680688525,0,63265.37859885848,,,"[{""key"": ""loss_depth"", ""weight"": 1.8, ""strength"": 1.0, ""contribution"": 0.2118}, {""key"": ""funding_room"", ""weight"": 1.2, ""strength"": 0.0, ""contribution"": 0.0}, {""key"": ""reward"", ""weight"": 1.2, ""strength"": 0.0, ""contribution"": 0.0}, {""key"": ""timing"", ""weight"": 1.0, ""strength"": 1.0, ""contribution"": 0.1176}, {""key"": ""htf_bias"", ""weight"": 1.5, ""strength"": 0.6, ""contribution"": 0.1059}, {""key"": ""reclaim_quality"", ""weight"": 1.0, ""strength"": 1.0, ""contribution"": 0.1176}, {""key"": ""pwh_untested"", ""weight"": 0.8, ""strength"": 1.0, ""contribution"": 0.0941}, {""key"": ""oi_commitment"", ""note"": ""excluded: oi unavailable"", ""weight"": 0.0, ""excluded_weight"": 2.0}, {""key"": ""delta_reclaim"", ""note"": ""excluded: taker unavailable"", ""weight"": 0.0, ""excluded_weight"": 1.5}, {""key"": ""cohort"", ""note"": ""excluded: cohort unavailable"", ""weight"": 0.0, ""excluded_weight"": 1.8}]"
M6,BTC,neutral,2026-06-30 05:00:05,weekly_open,59550.2,short,59533.4,2026-06-30 05:35:00,60111.945890112474,58781.6827729472,2026-06-30 06:15:05,59546.9,thesis_failed,-0.08508086299842647,0.6261,half,0,60111.945890112474,0,59533.365545894405,,,"[{""key"": ""loss_depth"", ""weight"": 1.8, ""strength"": 0.4549, ""contribution"": 0.0963}, {""key"": ""funding_room"", ""weight"": 1.2, ""strength"": 0.0, ""contribution"": 0.0}, {""key"": ""reward"", ""weight"": 1.2, ""strength"": 0.4393, ""contribution"": 0.062}, {""key"": ""timing"", ""weight"": 1.0, ""strength"": 1.0, ""contribution"": 0.1176}, {""key"": ""htf_bias"", ""weight"": 1.5, ""strength"": 1.0, ""contribution"": 0.1765}, {""key"": ""reclaim_quality"", ""weight"": 1.0, ""strength"": 0.4223, ""contribution"": 0.0497}, {""key"": ""pwh_untested"", ""weight"": 0.8, ""strength"": 1.0, ""contribution"": 0.0941}, {""key"": ""oi_commitment"", ""note"": ""excluded: oi unavailable"", ""weight"": 0.0, ""excluded_weight"": 2.0}, {""key"": ""delta_reclaim"", ""note"": ""excluded: taker unavailable"", ""weight"": 0.0, ""excluded_weight"": 1.5}, {""key"": ""cohort"", ""note"": ""excluded: cohort unavailable"", ""weight"": 0.0, ""excluded_weight"": 1.8}]"
M6,BTC,neutral,2026-07-07 03:00:05,weekly_open,63617.2,short,63316.3,2026-07-07 07:05:00,64423.89191470259,62351.16083314289,2026-07-07 16:15:05,63852.5,thesis_failed,-0.6928432191596036,0.5651,half,0,64423.89191470259,0,63594.799482078706,,,"[{""key"": ""loss_depth"", ""weight"": 1.8, ""strength"": 0.4325, ""contribution"": 0.0916}, {""key"": ""funding_room"", ""weight"": 1.2, ""strength"": 0.0, ""contribution"": 0.0}, {""key"": ""reward"", ""weight"": 1.2, ""strength"": 1.0, ""contribution"": 0.1412}, {""key"": ""timing"", ""weight"": 1.0, ""strength"": 1.0, ""contribution"": 0.1176}, {""key"": ""htf_bias"", ""weight"": 1.5, ""strength"": 1.0, ""contribution"": 0.1765}, {""key"": ""reclaim_quality"", ""weight"": 1.0, ""strength"": 1.0, ""contribution"": 0.1176}, {""key"": ""pwh_untested"", ""weight"": 0.8, ""strength"": 1.0, ""contribution"": 0.0941}, {""key"": ""oi_commitment"", ""note"": ""excluded: oi unavailable"", ""weight"": 0.0, ""excluded_weight"": 2.0}, {""key"": ""delta_reclaim"", ""note"": ""excluded: taker unavailable"", ""weight"": 0.0, ""excluded_weight"": 1.5}, {""key"": ""cohort"", ""note"": ""excluded: cohort unavailable"", ""weight"": 0.0, ""excluded_weight"": 1.8}]"
M6,BTC,neutral,2026-07-23 19:00:05,weekly_open,64694.8,long,64709.5,2026-07-23 19:50:00,64560.93524835027,64908.9739986526,2026-07-24 07:10:00,65589.7,target,3.9598679420469733,0.661,half,1,64576.563112544914,0,64709.52746698799,,,"[{""key"": ""loss_depth"", ""weight"": 1.8, ""strength"": 0.6426, ""contribution"": 0.1361}, {""key"": ""funding_room"", ""weight"": 1.2, ""strength"": 0.0, ""contribution"": 0.0}, {""key"": ""reward"", ""weight"": 1.2, ""strength"": 1.0, ""contribution"": 0.1412}, {""key"": ""timing"", ""weight"": 1.0, ""strength"": 0.5, ""contribution"": 0.0588}, {""key"": ""htf_bias"", ""weight"": 1.5, ""strength"": 1.0, ""contribution"": 0.1765}, {""key"": ""reclaim_quality"", ""weight"": 1.0, ""strength"": 0.994, ""contribution"": 0.1169}, {""key"": ""pwh_untested"", ""weight"": 0.8, ""strength"": 0.0, ""contribution"": 0.0}, {""key"": ""oi_commitment"", ""note"": ""excluded: oi unavailable"", ""weight"": 0.0, ""excluded_weight"": 2.0}, {""key"": ""delta_reclaim"", ""note"": ""excluded: taker unavailable"", ""weight"": 0.0, ""excluded_weight"": 1.5}, {""key"": ""cohort"", ""note"": ""excluded: cohort unavailable"", ""weight"": 0.0, ""excluded_weight"": 1.8}]"
M6,BTC,neutral,2026-09-03 03:00:05,weekly_open,77634.6,long,77655.5,2026-09-03 03:35:00,76836.23203024581,78884.41029287304,2026-09-03 08:15:05,77898.0,thesis_failed,0.23898990943889803,0.7017,full,0,76836.23203024581,0,77655.5033352967,,,"[{""key"": ""loss_depth"", ""weight"": 1.8, ""strength"": 0.768, ""contribution"": 0.1317}, {""key"": ""oi_commitment"", ""weight"": 2.0, ""strength"": 0.6658, ""contribution"": 0.1268}, {""key"": ""funding_room"", ""weight"": 1.2, ""strength"": 0.0, ""contribution"": 0.0}, {""key"": ""reward"", ""weight"": 1.2, ""strength"": 1.0, ""contribution"": 0.1143}, {""key"": ""timing"", ""weight"": 1.0, ""strength"": 0.5, ""contribution"": 0.0476}, {""key"": ""htf_bias"", ""weight"": 1.5, ""strength"": 1.0, ""contribution"": 0.1429}, {""key"": ""reclaim_quality"", ""weight"": 1.0, ""strength"": 0.6536, ""contribution"": 0.0622}, {""key"": ""pwh_untested"", ""weight"": 0.8, ""strength"": 1.0, ""contribution"": 0.0762}, {""key"": ""delta_reclaim"", ""note"": ""excluded: taker unavailable"", ""weight"": 0.0, ""excluded_weight"": 1.5}, {""key"": ""cohort"", ""note"": ""excluded: cohort unavailable"", ""weight"": 0.0, ""excluded_weight"": 1.8}]"
M6,ETH,neutral,2026-04-07 02:00:05,weekly_open,2109.36,short,2108.33,2026-04-07 02:35:00,2144.046093899993,2054.75720987926,2026-04-07 05:15:05,2109.79,thesis_failed,-0.07631563071633676,0.73,full,0,2144.046093899993,0,2108.3305402917,,,"[{""key"": ""loss_depth"", ""weight"": 1.8, ""strength"": 0.8736, ""contribution"": 0.185}, {""key"": ""funding_room"", ""weight"": 1.2, ""strength"": 0.0, ""contribution"": 0.0}, {""key"": ""reward"", ""weight"": 1.2, ""strength"": 0.8518, ""contribution"": 0.1203}, {""key"": ""timing"", ""weight"": 1.0, ""strength"": 1.0, ""contribution"": 0.1176}, {""key"": ""htf_bias"", ""weight"": 1.5, ""strength"": 1.0, ""contribution"": 0.1765}, {""key"": ""reclaim_quality"", ""weight"": 1.0, ""strength"": 1.0, ""contribution"": 0.1176}, {""key"": ""pwh_untested"", ""weight"": 0.8, ""strength"": 1.0, ""contribution"": 0.0941}, {""key"": ""oi_commitment"", ""note"": ""excluded: oi unavailable"", ""weight"": 0.0, ""excluded_weight"": 2.0}, {""key"": ""delta_reclaim"", ""note"": ""excluded: taker unavailable"", ""weight"": 0.0, ""excluded_weight"": 1.5}, {""key"": ""cohort"", ""note"": ""excluded: cohort unavailable"", ""weight"": 0.0, ""excluded_weight"": 1.8}]"
M6,ETH,neutral,2026-05-07 03:00:05,weekly_open,2321.67,short,2320.86,2026-05-07 03:05:00,2354.638185603643,2270.194564708116,2026-05-07 05:15:05,2330.02,thesis_failed,-0.3125350940676882,0.5744,half,0,2354.638185603643,0,2320.860737245432,,,"[{""key"": ""loss_depth"", ""weight"": 1.8, ""strength"": 1.0, ""contribution"": 0.2118}, {""key"": ""funding_room"", ""weight"": 1.2, ""strength"": 0.0, ""contribution"": 0.0}, {""key"": ""reward"", ""weight"": 1.2, ""strength"": 0.6083, ""contribution"": 0.0859}, {""key"": ""timing"", ""weight"": 1.0, ""strength"": 0.5, ""contribution"": 0.0588}, {""key"": ""htf_bias"", ""weight"": 1.5, ""strength"": 1.0, ""contribution"": 0.1765}, {""key"": ""reclaim_quality"", ""weight"": 1.0, ""strength"": 0.141, ""contribution"": 0.0166}, {""key"": ""pwh_untested"", ""weight"": 0.8, ""strength"": 1.0, ""contribution"": 0.0941}, {""key"": ""oi_commitment"", ""note"": ""excluded: oi unavailable"", ""weight"": 0.0, ""excluded_weight"": 2.0}, {""key"": ""delta_reclaim"", ""note"": ""excluded: taker unavailable"", ""weight"": 0.0, ""excluded_weight"": 1.5}, {""key"": ""cohort"", ""note"": ""excluded: cohort unavailable"", ""weight"": 0.0, ""excluded_weight"": 1.8}]"
M6,ETH,neutral,2026-05-26 01:00:05,weekly_open,2098.99,short,2098.33,2026-05-26 01:05:00,2117.3912629202932,2069.749975827535,2026-05-26 06:15:05,2099.19,thesis_failed,-0.11121577151524314,0.6232,half,0,2117.3912629202932,0,2098.33474808319,,,"[{""key"": ""loss_depth"", ""weight"": 1.8, ""strength"": 0.5948, ""contribution"": 0.126}, {""key"": ""funding_room"", ""weight"": 1.2, ""strength"": 0.0, ""contribution"": 0.0}, {""key"": ""reward"", ""weight"": 1.2, ""strength"": 1.0, ""contribution"": 0.1412}, {""key"": ""timing"", ""weight"": 1.0, ""strength"": 1.0, ""contribution"": 0.1176}, {""key"": ""htf_bias"", ""weight"": 1.5, ""strength"": 1.0, ""contribution"": 0.1765}, {""key"": ""reclaim_quality"", ""weight"": 1.0, ""strength"": 0.365, ""contribution"": 0.0429}, {""key"": ""pwh_untested"", ""weight"": 0.8, ""strength"": 1.0, ""contribution"": 0.0941}, {""key"": ""oi_commitment"", ""note"": ""excluded: oi unavailable"", ""weight"": 0.0, ""excluded_weight"": 2.0}, {""key"": ""delta_reclaim"", ""note"": ""excluded: taker unavailable"", ""weight"": 0.0, ""excluded_weight"": 1.5}, {""key"": ""cohort"", ""note"": ""excluded: cohort unavailable"", ""weight"": 0.0, ""excluded_weight"": 1.8}]"
M6,ETH,neutral,2026-06-18 16:00:05,weekly_open,1724.74,short,1704.96,2026-06-18 20:05:00,1756.277883031762,1674.5531038893018,2026-06-19 20:00:00,1700.44,time_stop,0.10703785426879293,0.6665,half,0,1756.277883031762,0,1723.587971374778,,,"[{""key"": ""loss_depth"", ""weight"": 1.8, ""strength"": 1.0, ""contribution"": 0.2118}, {""key"": ""funding_room"", ""weight"": 1.2, ""strength"": 0.0, ""contribution"": 0.0}, {""key"": ""reward"", ""weight"": 1.2, ""strength"": 0.8872, ""contribution"": 0.1252}, {""key"": ""timing"", ""weight"": 1.0, ""strength"": 0.5, ""contribution"": 0.0588}, {""key"": ""htf_bias"", ""weight"": 1.5, ""strength"": 1.0, ""contribution"": 0.1765}, {""key"": ""reclaim_quality"", ""weight"": 1.0, ""strength"": 1.0, ""contribution"": 0.1176}, {""key"": ""pwh_untested"", ""weight"": 0.8, ""strength"": 1.0, ""contribution"": 0.0941}, {""key"": ""oi_commitment"", ""note"": ""excluded: oi unavailable"", ""weight"": 0.0, ""excluded_weight"": 2.0}, {""key"": ""delta_reclaim"", ""note"": ""excluded: taker unavailable"", ""weight"": 0.0, ""excluded_weight"": 1.5}, {""key"": ""cohort"", ""note"": ""excluded: cohort unavailable"", ""weight"": 0.0, ""excluded_weight"": 1.8}]"
M6,ETH,neutral,2026-06-23 07:00:05,weekly_open,1706.3,short,1690.55,,1735.230377588104,1688.0622112056549,2026-06-23 15:00:05,,cancelled:entry_expired,,0.6794,half,0,1735.230377588104,0,1705.5644224113096,,,"[{""key"": ""loss_depth"", ""weight"": 1.8, ""strength"": 1.0, ""contribution"": 0.2118}, {""key"": ""funding_room"", ""weight"": 1.2, ""strength"": 0.0, ""contribution"": 0.0}, {""key"": ""reward"", ""weight"": 1.2, ""strength"": 0.0, ""contribution"": 0.0}, {""key"": ""timing"", ""weight"": 1.0, ""strength"": 1.0, ""contribution"": 0.1176}, {""key"": ""htf_bias"", ""weight"": 1.5, ""strength"": 0.6, ""contribution"": 0.1059}, {""key"": ""reclaim_quality"", ""weight"": 1.0, ""strength"": 1.0, ""contribution"": 0.1176}, {""key"": ""pwh_untested"", ""weight"": 0.8, ""strength"": 1.0, ""contribution"": 0.0941}, {""key"": ""oi_commitment"", ""note"": ""excluded: oi unavailable"", ""weight"": 0.0, ""excluded_weight"": 2.0}, {""key"": ""delta_reclaim"", ""note"": ""excluded: taker unavailable"", ""weight"": 0.0, ""excluded_weight"": 1.5}, {""key"": ""cohort"", ""note"": ""excluded: cohort unavailable"", ""weight"": 0.0, ""excluded_weight"": 1.8}]"
M6,ETH,neutral,2026-06-30 13:00:05,weekly_open,1571.11,short,1570.53,2026-06-30 14:05:00,1589.1009382203645,1542.665722374707,2026-06-30 17:15:05,1569.81,thesis_failed,-0.011951812646776635,0.855,full,0,1589.1009382203645,0,1570.5268518821015,,,"[{""key"": ""loss_depth"", ""weight"": 1.8, ""strength"": 1.0, ""contribution"": 0.2118}, {""key"": ""funding_room"", ""weight"": 1.2, ""strength"": 0.0, ""contribution"": 0.0}, {""key"": ""reward"", ""weight"": 1.2, ""strength"": 0.6847, ""contribution"": 0.0967}, {""key"": ""timing"", ""weight"": 1.0, ""strength"": 1.0, ""contribution"": 0.1176}, {""key"": ""htf_bias"", ""weight"": 1.5, ""strength"": 1.0, ""contribution"": 0.1765}, {""key"": ""reclaim_quality"", ""weight"": 1.0, ""strength"": 1.0, ""contribution"": 0.1176}, {""key"": ""pwh_untested"", ""weight"": 0.8, ""strength"": 1.0, ""contribution"": 0.0941}, {""key"": ""oi_commitment"", ""note"": ""excluded: oi unavailable"", ""weight"": 0.0, ""excluded_weight"": 2.0}, {""key"": ""delta_reclaim"", ""note"": ""excluded: taker unavailable"", ""weight"": 0.0, ""excluded_weight"": 1.5}, {""key"": ""cohort"", ""note"": ""excluded: cohort unavailable"", ""weight"": 0.0, ""excluded_weight"": 1.8}]"
M6,ETH,neutral,2026-07-14 13:00:05,weekly_open,1805.92,long,1861.71,2026-07-14 17:05:00,1778.5904654065853,1819.9667388533096,2026-07-14 17:05:00,1861.71,stop_be,-0.6205557996736498,0.5565,half,0,1778.5904654065853,0,1806.9334777066188,,,"[{""key"": ""loss_depth"", ""weight"": 1.8, ""strength"": 1.0, ""contribution"": 0.2118}, {""key"": ""funding_room"", ""weight"": 1.2, ""strength"": 0.0, ""contribution"": 0.0}, {""key"": ""reward"", ""weight"": 1.2, ""strength"": 0.0, ""contribution"": 0.0}, {""key"": ""timing"", ""weight"": 1.0, ""strength"": 1.0, ""contribution"": 0.1176}, {""key"": ""htf_bias"", ""weight"": 1.5, ""strength"": 1.0, ""contribution"": 0.1765}, {""key"": ""reclaim_quality"", ""weight"": 1.0, ""strength"": 1.0, ""contribution"": 0.1176}, {""key"": ""pwh_untested"", ""weight"": 0.8, ""strength"": 0.0, ""contribution"": 0.0}, {""key"": ""oi_commitment"", ""note"": ""excluded: oi unavailable"", ""weight"": 0.0, ""excluded_weight"": 2.0}, {""key"": ""delta_reclaim"", ""note"": ""excluded: taker unavailable"", ""weight"": 0.0, ""excluded_weight"": 1.5}, {""key"": ""cohort"", ""note"": ""excluded: cohort unavailable"", ""weight"": 0.0, ""excluded_weight"": 1.8}]"
M6,ETH,neutral,2026-07-20 16:00:05,weekly_open,1871.49,long,1897.5,2026-07-20 20:05:00,1849.1951540635291,1907.3790163764645,2026-07-21 08:25:00,1946.75,target,1.4147965604495012,0.5596,half,0,1849.1951540635291,0,1872.4686989887032,,,"[{""key"": ""loss_depth"", ""weight"": 1.8, ""strength"": 0.2873, ""contribution"": 0.0608}, {""key"": ""funding_room"", ""weight"": 1.2, ""strength"": 0.0, ""contribution"": 0.0}, {""key"": ""reward"", ""weight"": 1.2, ""strength"": 0.6767, ""contribution"": 0.0955}, {""key"": ""timing"", ""weight"": 1.0, ""strength"": 0.7, ""contribution"": 0.0824}, {""key"": ""htf_bias"", ""weight"": 1.5, ""strength"": 1.0, ""contribution"": 0.1765}, {""key"": ""reclaim_quality"", ""weight"": 1.0, ""strength"": 1.0, ""contribution"": 0.1176}, {""key"": ""pwh_untested"", ""weight"": 0.8, ""strength"": 1.0, ""contribution"": 0.0941}, {""key"": ""oi_commitment"", ""note"": ""excluded: oi unavailable"", ""weight"": 0.0, ""excluded_weight"": 2.0}, {""key"": ""delta_reclaim"", ""note"": ""excluded: taker unavailable"", ""weight"": 0.0, ""excluded_weight"": 1.5}, {""key"": ""cohort"", ""note"": ""excluded: cohort unavailable"", ""weight"": 0.0, ""excluded_weight"": 1.8}]"
M6,ETH,neutral,2026-09-02 06:00:05,weekly_open,2415.57,long,2416.35,2026-09-02 06:20:00,2389.8741190866763,2456.073998187966,2026-09-02 08:50:00,2389.87,stop,-1.0543030583667639,0.6269,half,0,2389.8741190866763,0,2416.3540707271923,,,"[{""key"": ""loss_depth"", ""weight"": 1.8, ""strength"": 0.0521, ""contribution"": 0.0089}, {""key"": ""oi_commitment"", ""weight"": 2.0, ""strength"": 0.6851, ""contribution"": 0.1305}, {""key"": ""funding_room"", ""weight"": 1.2, ""strength"": 0.0, ""contribution"": 0.0}, {""key"": ""reward"", ""weight"": 1.2, ""strength"": 1.0, ""contribution"": 0.1143}, {""key"": ""timing"", ""weight"": 1.0, ""strength"": 1.0, ""contribution"": 0.0952}, {""key"": ""htf_bias"", ""weight"": 1.5, ""strength"": 1.0, ""contribution"": 0.1429}, {""key"": ""reclaim_quality"", ""weight"": 1.0, ""strength"": 0.6179, ""contribution"": 0.0588}, {""key"": ""pwh_untested"", ""weight"": 0.8, ""strength"": 1.0, ""contribution"": 0.0762}, {""key"": ""delta_reclaim"", ""note"": ""excluded: taker unavailable"", ""weight"": 0.0, ""excluded_weight"": 1.5}, {""key"": ""cohort"", ""note"": ""excluded: cohort unavailable"", ""weight"": 0.0, ""excluded_weight"": 1.8}]"
