model,coin,fill_model,signal_ts,level_type,level_price,direction,entry_px,entry_fill_ts,stop_px,t1_px,exit_ts,exit_px,exit_reason,r_multiple,conviction,size_tier,reasons_json
M1,BTC,adverse,2026-03-19 13:00:05,equal_lows_4h,69182.33333333333,long,69351.0,2026-03-19 13:00:00,69028.99310392127,69834.0103441181,2026-03-19 14:20:00,69351.0,stop_be,0.49653184131652633,0.8275,full,"[{""key"": ""location"", ""weight"": 2.0, ""strength"": 1.0, ""contribution"": 0.2857}, {""key"": ""reclaim"", ""weight"": 2.0, ""strength"": 0.516, ""contribution"": 0.1474}, {""key"": ""discount"", ""weight"": 1.2, ""strength"": 0.9598, ""contribution"": 0.1645}, {""key"": ""session"", ""weight"": 0.8, ""strength"": 1.0, ""contribution"": 0.1143}, {""key"": ""htf_bias"", ""weight"": 1.0, ""strength"": 1.0, ""contribution"": 0.1429}, {""key"": ""fuel"", ""note"": ""excluded: oi unavailable"", ""weight"": 0.0, ""excluded_weight"": 1.5}, {""key"": ""cleared"", ""note"": ""excluded: oi unavailable"", ""weight"": 0.0, ""excluded_weight"": 1.2}, {""key"": ""delta_flip"", ""note"": ""excluded: taker unavailable"", ""weight"": 0.0, ""excluded_weight"": 1.5}, {""key"": ""absorption"", ""note"": ""excluded: taker unavailable"", ""weight"": 0.0, ""excluded_weight"": 1.0}, {""key"": ""cohort"", ""note"": ""excluded: cohort unavailable"", ""weight"": 0.0, ""excluded_weight"": 1.0}]"
M1,BTC,adverse,2026-03-19 13:30:05,equal_lows_4h,69182.33333333333,long,,,,,,,"no_trade (trade #396 open at evaluation, its exit_ts 2026-03-19 14:20:00)",,0.6337,half,"[{""key"": ""location"", ""weight"": 2.0, ""strength"": 1.0, ""contribution"": 0.2857}, {""key"": ""reclaim"", ""weight"": 2.0, ""strength"": 0.398, ""contribution"": 0.1137}, {""key"": ""discount"", ""weight"": 1.2, ""strength"": 0.9432, ""contribution"": 0.1617}, {""key"": ""session"", ""weight"": 0.8, ""strength"": 1.0, ""contribution"": 0.1143}, {""key"": ""htf_bias"", ""weight"": 1.0, ""strength"": 1.0, ""contribution"": 0.1429}, {""key"": ""fuel"", ""note"": ""excluded: oi unavailable"", ""weight"": 0.0, ""excluded_weight"": 1.5}, {""key"": ""cleared"", ""note"": ""excluded: oi unavailable"", ""weight"": 0.0, ""excluded_weight"": 1.2}, {""key"": ""delta_flip"", ""note"": ""excluded: taker unavailable"", ""weight"": 0.0, ""excluded_weight"": 1.5}, {""key"": ""absorption"", ""note"": ""excluded: taker unavailable"", ""weight"": 0.0, ""excluded_weight"": 1.0}, {""key"": ""cohort"", ""note"": ""excluded: cohort unavailable"", ""weight"": 0.0, ""excluded_weight"": 1.0}]"
M1,BTC,adverse,2026-03-20 14:00:05,asia_low,69801.3,long,70055.0,2026-03-20 14:00:00,69710.33710516742,70161.0,2026-03-20 14:05:00,69710.3,stop,-1.1216115537698816,0.799,full,"[{""key"": ""location"", ""weight"": 2.0, ""strength"": 0.6, ""contribution"": 0.1714}, {""key"": ""reclaim"", ""weight"": 2.0, ""strength"": 0.9237, ""contribution"": 0.2639}, {""key"": ""discount"", ""weight"": 1.2, ""strength"": 0.6459, ""contribution"": 0.1107}, {""key"": ""session"", ""weight"": 0.8, ""strength"": 1.0, ""contribution"": 0.1143}, {""key"": ""htf_bias"", ""weight"": 1.0, ""strength"": 0.0, ""contribution"": 0.0}, {""key"": ""fuel"", ""note"": ""excluded: oi unavailable"", ""weight"": 0.0, ""excluded_weight"": 1.5}, {""key"": ""cleared"", ""note"": ""excluded: oi unavailable"", ""weight"": 0.0, ""excluded_weight"": 1.2}, {""key"": ""delta_flip"", ""note"": ""excluded: taker unavailable"", ""weight"": 0.0, ""excluded_weight"": 1.5}, {""key"": ""absorption"", ""note"": ""excluded: taker unavailable"", ""weight"": 0.0, ""excluded_weight"": 1.0}, {""key"": ""cohort"", ""note"": ""excluded: cohort unavailable"", ""weight"": 0.0, ""excluded_weight"": 1.0}]"
M1,BTC,adverse,2026-03-22 20:15:05,asia_low,68189.0,long,68253.5,2026-03-22 20:20:00,68079.57227274607,68511.3,2026-03-22 20:50:00,68079.6,stop,-1.2352004387906548,0.699,half,"[{""key"": ""location"", ""weight"": 2.0, ""strength"": 0.6, ""contribution"": 0.1714}, {""key"": ""reclaim"", ""weight"": 2.0, ""strength"": 0.9463, ""contribution"": 0.2704}, {""key"": ""discount"", ""weight"": 1.2, ""strength"": 0.8231, ""contribution"": 0.1411}, {""key"": ""session"", ""weight"": 0.8, ""strength"": 0.6, ""contribution"": 0.0686}, {""key"": ""htf_bias"", ""weight"": 1.0, ""strength"": 1.0, ""contribution"": 0.1429}, {""key"": ""fuel"", ""note"": ""excluded: oi unavailable"", ""weight"": 0.0, ""excluded_weight"": 1.5}, {""key"": ""cleared"", ""note"": ""excluded: oi unavailable"", ""weight"": 0.0, ""excluded_weight"": 1.2}, {""key"": ""delta_flip"", ""note"": ""excluded: taker unavailable"", ""weight"": 0.0, ""excluded_weight"": 1.5}, {""key"": ""absorption"", ""note"": ""excluded: taker unavailable"", ""weight"": 0.0, ""excluded_weight"": 1.0}, {""key"": ""cohort"", ""note"": ""excluded: cohort unavailable"", ""weight"": 0.0, ""excluded_weight"": 1.0}]"
M1,BTC,adverse,2026-03-23 13:45:05,equal_highs_4h,71314.1,short,71004.0,2026-03-23 13:45:00,71465.53249262208,70842.1,2026-03-23 13:50:00,71465.5,stop,-1.092685960494118,0.6671,half,"[{""key"": ""location"", ""weight"": 2.0, ""strength"": 1.0, ""contribution"": 0.2857}, {""key"": ""reclaim"", ""weight"": 2.0, ""strength"": 0.3096, ""contribution"": 0.0884}, {""key"": ""discount"", ""weight"": 1.2, ""strength"": 0.9208, ""contribution"": 0.1579}, {""key"": ""session"", ""weight"": 0.8, ""strength"": 1.0, ""contribution"": 0.1143}, {""key"": ""htf_bias"", ""weight"": 1.0, ""strength"": 0.3, ""contribution"": 0.0429}, {""key"": ""fuel"", ""note"": ""excluded: oi unavailable"", ""weight"": 0.0, ""excluded_weight"": 1.5}, {""key"": ""cleared"", ""note"": ""excluded: oi unavailable"", ""weight"": 0.0, ""excluded_weight"": 1.2}, {""key"": ""delta_flip"", ""note"": ""excluded: taker unavailable"", ""weight"": 0.0, ""excluded_weight"": 1.5}, {""key"": ""absorption"", ""note"": ""excluded: taker unavailable"", ""weight"": 0.0, ""excluded_weight"": 1.0}, {""key"": ""cohort"", ""note"": ""excluded: cohort unavailable"", ""weight"": 0.0, ""excluded_weight"": 1.0}]"
M1,BTC,adverse,2026-03-24 08:00:05,equal_highs_4h,71314.1,short,71088.8,2026-03-24 08:00:00,71413.65661942524,70866.0,2026-03-24 09:35:00,71088.8,stop_be,0.16931247537312613,0.7328,full,"[{""key"": ""location"", ""weight"": 2.0, ""strength"": 1.0, ""contribution"": 0.2857}, {""key"": ""reclaim"", ""weight"": 2.0, ""strength"": 0.6424, ""contribution"": 0.1835}, {""key"": ""discount"", ""weight"": 1.2, ""strength"": 0.7619, ""contribution"": 0.1306}, {""key"": ""session"", ""weight"": 0.8, ""strength"": 1.0, ""contribution"": 0.1143}, {""key"": ""htf_bias"", ""weight"": 1.0, ""strength"": 0.3, ""contribution"": 0.0429}, {""key"": ""fuel"", ""note"": ""excluded: oi unavailable"", ""weight"": 0.0, ""excluded_weight"": 1.5}, {""key"": ""cleared"", ""note"": ""excluded: oi unavailable"", ""weight"": 0.0, ""excluded_weight"": 1.2}, {""key"": ""delta_flip"", ""note"": ""excluded: taker unavailable"", ""weight"": 0.0, ""excluded_weight"": 1.5}, {""key"": ""absorption"", ""note"": ""excluded: taker unavailable"", ""weight"": 0.0, ""excluded_weight"": 1.0}, {""key"": ""cohort"", ""note"": ""excluded: cohort unavailable"", ""weight"": 0.0, ""excluded_weight"": 1.0}]"
M1,BTC,adverse,2026-03-25 05:15:05,4h_ob_top,71255.2,short,71110.0,2026-03-25 05:15:00,71355.29896919537,71061.90000000001,2026-03-25 05:29:59,71110.0,stop_be,-0.06071346211506888,0.605,half,"[{""key"": ""location"", ""weight"": 2.0, ""strength"": 1.0, ""contribution"": 0.2857}, {""key"": ""reclaim"", ""weight"": 2.0, ""strength"": 0.6172, ""contribution"": 0.1764}, {""key"": ""discount"", ""weight"": 1.2, ""strength"": 0.8653, ""contribution"": 0.1483}, {""key"": ""session"", ""weight"": 0.8, ""strength"": 0.3, ""contribution"": 0.0343}, {""key"": ""htf_bias"", ""weight"": 1.0, ""strength"": 0.3, ""contribution"": 0.0429}, {""key"": ""fuel"", ""note"": ""excluded: oi unavailable"", ""weight"": 0.0, ""excluded_weight"": 1.5}, {""key"": ""cleared"", ""note"": ""excluded: oi unavailable"", ""weight"": 0.0, ""excluded_weight"": 1.2}, {""key"": ""delta_flip"", ""note"": ""excluded: taker unavailable"", ""weight"": 0.0, ""excluded_weight"": 1.5}, {""key"": ""absorption"", ""note"": ""excluded: taker unavailable"", ""weight"": 0.0, ""excluded_weight"": 1.0}, {""key"": ""cohort"", ""note"": ""excluded: cohort unavailable"", ""weight"": 0.0, ""excluded_weight"": 1.0}]"
M1,BTC,adverse,2026-03-26 06:00:05,4h_fvg_bottom,69979.0,long,70125.4,2026-03-26 06:00:00,69873.2910916534,70375.0,2026-03-26 06:05:00,69873.3,stop,-1.1664077914919349,0.6159,half,"[{""key"": ""location"", ""weight"": 2.0, ""strength"": 1.0, ""contribution"": 0.2857}, {""key"": ""reclaim"", ""weight"": 2.0, ""strength"": 0.6549, ""contribution"": 0.1871}, {""key"": ""discount"", ""weight"": 1.2, ""strength"": 0.2911, ""contribution"": 0.0499}, {""key"": ""session"", ""weight"": 0.8, ""strength"": 0.3, ""contribution"": 0.0343}, {""key"": ""htf_bias"", ""weight"": 1.0, ""strength"": 1.0, ""contribution"": 0.1429}, {""key"": ""fuel"", ""note"": ""excluded: oi unavailable"", ""weight"": 0.0, ""excluded_weight"": 1.5}, {""key"": ""cleared"", ""note"": ""excluded: oi unavailable"", ""weight"": 0.0, ""excluded_weight"": 1.2}, {""key"": ""delta_flip"", ""note"": ""excluded: taker unavailable"", ""weight"": 0.0, ""excluded_weight"": 1.5}, {""key"": ""absorption"", ""note"": ""excluded: taker unavailable"", ""weight"": 0.0, ""excluded_weight"": 1.0}, {""key"": ""cohort"", ""note"": ""excluded: cohort unavailable"", ""weight"": 0.0, ""excluded_weight"": 1.0}]"
M1,BTC,adverse,2026-03-26 08:45:05,asia_low,69815.4,long,69843.0,2026-03-26 09:20:00,69738.5056396432,69999.7415405352,2026-03-26 09:35:00,69843.0,stop_be,0.2790827334802536,0.5991,half,"[{""key"": ""location"", ""weight"": 2.0, ""strength"": 0.6, ""contribution"": 0.1714}, {""key"": ""reclaim"", ""weight"": 2.0, ""strength"": 1.0, ""contribution"": 0.2857}, {""key"": ""discount"", ""weight"": 1.2, ""strength"": 0.3459, ""contribution"": 0.0593}, {""key"": ""session"", ""weight"": 0.8, ""strength"": 1.0, ""contribution"": 0.1143}, {""key"": ""htf_bias"", ""weight"": 1.0, ""strength"": 1.0, ""contribution"": 0.1429}, {""key"": ""fuel"", ""note"": ""excluded: oi unavailable"", ""weight"": 0.0, ""excluded_weight"": 1.5}, {""key"": ""cleared"", ""note"": ""excluded: oi unavailable"", ""weight"": 0.0, ""excluded_weight"": 1.2}, {""key"": ""delta_flip"", ""note"": ""excluded: taker unavailable"", ""weight"": 0.0, ""excluded_weight"": 1.5}, {""key"": ""absorption"", ""note"": ""excluded: taker unavailable"", ""weight"": 0.0, ""excluded_weight"": 1.0}, {""key"": ""cohort"", ""note"": ""excluded: cohort unavailable"", ""weight"": 0.0, ""excluded_weight"": 1.0}]"
M1,BTC,adverse,2026-03-26 15:15:05,equal_lows_4h,68908.7,long,69139.7,2026-03-26 15:15:00,68765.90039842344,69700.39940236486,2026-03-26 15:20:00,68765.9,stop,-1.1105298353694806,1.0396,full,"[{""key"": ""location"", ""weight"": 2.0, ""strength"": 1.0, ""contribution"": 0.2857}, {""key"": ""reclaim"", ""weight"": 2.0, ""strength"": 0.9822, ""contribution"": 0.2806}, {""key"": ""discount"", ""weight"": 1.2, ""strength"": 0.9759, ""contribution"": 0.1673}, {""key"": ""session"", ""weight"": 0.8, ""strength"": 0.6, ""contribution"": 0.0686}, {""key"": ""htf_bias"", ""weight"": 1.0, ""strength"": 1.0, ""contribution"": 0.1429}, {""key"": ""fuel"", ""note"": ""excluded: oi unavailable"", ""weight"": 0.0, ""excluded_weight"": 1.5}, {""key"": ""cleared"", ""note"": ""excluded: oi unavailable"", ""weight"": 0.0, ""excluded_weight"": 1.2}, {""key"": ""delta_flip"", ""note"": ""excluded: taker unavailable"", ""weight"": 0.0, ""excluded_weight"": 1.5}, {""key"": ""absorption"", ""note"": ""excluded: taker unavailable"", ""weight"": 0.0, ""excluded_weight"": 1.0}, {""key"": ""cohort"", ""note"": ""excluded: cohort unavailable"", ""weight"": 0.0, ""excluded_weight"": 1.0}]"
M1,BTC,adverse,2026-03-28 08:45:05,asia_high,66472.4,short,66377.9,2026-03-28 10:05:00,66541.20479770355,66364.1,2026-03-28 10:05:00,66377.9,stop_be,-0.2923325357953416,0.75,full,"[{""key"": ""location"", ""weight"": 2.0, ""strength"": 0.6, ""contribution"": 0.1714}, {""key"": ""reclaim"", ""weight"": 2.0, ""strength"": 1.0, ""contribution"": 0.2857}, {""key"": ""discount"", ""weight"": 1.2, ""strength"": 0.6865, ""contribution"": 0.1177}, {""key"": ""session"", ""weight"": 0.8, ""strength"": 1.0, ""contribution"": 0.1143}, {""key"": ""htf_bias"", ""weight"": 1.0, ""strength"": 0.6, ""contribution"": 0.0857}, {""key"": ""fuel"", ""note"": ""excluded: oi unavailable"", ""weight"": 0.0, ""excluded_weight"": 1.5}, {""key"": ""cleared"", ""note"": ""excluded: oi unavailable"", ""weight"": 0.0, ""excluded_weight"": 1.2}, {""key"": ""delta_flip"", ""note"": ""excluded: taker unavailable"", ""weight"": 0.0, ""excluded_weight"": 1.5}, {""key"": ""absorption"", ""note"": ""excluded: taker unavailable"", ""weight"": 0.0, ""excluded_weight"": 1.0}, {""key"": ""cohort"", ""note"": ""excluded: cohort unavailable"", ""weight"": 0.0, ""excluded_weight"": 1.0}]"
M1,BTC,adverse,2026-03-30 08:30:05,asia_high,67777.0,short,67784.5,2026-03-30 08:35:00,67924.32723839514,67574.63414240727,2026-03-30 11:20:00,67784.5,stop_be,0.36762503734368235,0.928,full,"[{""key"": ""location"", ""weight"": 2.0, ""strength"": 0.6, ""contribution"": 0.1714}, {""key"": ""reclaim"", ""weight"": 2.0, ""strength"": 0.8053, ""contribution"": 0.2301}, {""key"": ""discount"", ""weight"": 1.2, ""strength"": 0.965, ""contribution"": 0.1654}, {""key"": ""session"", ""weight"": 0.8, ""strength"": 1.0, ""contribution"": 0.1143}, {""key"": ""htf_bias"", ""weight"": 1.0, ""strength"": 0.6, ""contribution"": 0.0857}, {""key"": ""fuel"", ""note"": ""excluded: oi unavailable"", ""weight"": 0.0, ""excluded_weight"": 1.5}, {""key"": ""cleared"", ""note"": ""excluded: oi unavailable"", ""weight"": 0.0, ""excluded_weight"": 1.2}, {""key"": ""delta_flip"", ""note"": ""excluded: taker unavailable"", ""weight"": 0.0, ""excluded_weight"": 1.5}, {""key"": ""absorption"", ""note"": ""excluded: taker unavailable"", ""weight"": 0.0, ""excluded_weight"": 1.0}, {""key"": ""cohort"", ""note"": ""excluded: cohort unavailable"", ""weight"": 0.0, ""excluded_weight"": 1.0}]"
M1,BTC,adverse,2026-03-31 09:30:05,equal_lows_1h,66376.3,long,66503.6,2026-03-31 09:30:00,66283.23041671868,66764.4,2026-03-31 09:50:00,66283.2,stop,-1.1804893926685351,0.8275,full,"[{""key"": ""location"", ""weight"": 2.0, ""strength"": 0.8, ""contribution"": 0.2286}, {""key"": ""reclaim"", ""weight"": 2.0, ""strength"": 0.8184, ""contribution"": 0.2338}, {""key"": ""discount"", ""weight"": 1.2, ""strength"": 0.7908, ""contribution"": 0.1356}, {""key"": ""session"", ""weight"": 0.8, ""strength"": 0.6, ""contribution"": 0.0686}, {""key"": ""htf_bias"", ""weight"": 1.0, ""strength"": 0.6, ""contribution"": 0.0857}, {""key"": ""fuel"", ""note"": ""excluded: oi unavailable"", ""weight"": 0.0, ""excluded_weight"": 1.5}, {""key"": ""cleared"", ""note"": ""excluded: oi unavailable"", ""weight"": 0.0, ""excluded_weight"": 1.2}, {""key"": ""delta_flip"", ""note"": ""excluded: taker unavailable"", ""weight"": 0.0, ""excluded_weight"": 1.5}, {""key"": ""absorption"", ""note"": ""excluded: taker unavailable"", ""weight"": 0.0, ""excluded_weight"": 1.0}, {""key"": ""cohort"", ""note"": ""excluded: cohort unavailable"", ""weight"": 0.0, ""excluded_weight"": 1.0}]"
M1,BTC,adverse,2026-03-31 10:00:05,4h_ob_bottom,65977.9,long,,,,,,,no_trade (no open trade found),,0.7615,full,"[{""key"": ""location"", ""weight"": 2.0, ""strength"": 1.0, ""contribution"": 0.2857}, {""key"": ""reclaim"", ""weight"": 2.0, ""strength"": 0.7218, ""contribution"": 0.2062}, {""key"": ""discount"", ""weight"": 1.2, ""strength"": 0.2687, ""contribution"": 0.0461}, {""key"": ""session"", ""weight"": 0.8, ""strength"": 0.6, ""contribution"": 0.0686}, {""key"": ""htf_bias"", ""weight"": 1.0, ""strength"": 0.6, ""contribution"": 0.0857}, {""key"": ""fuel"", ""note"": ""excluded: oi unavailable"", ""weight"": 0.0, ""excluded_weight"": 1.5}, {""key"": ""cleared"", ""note"": ""excluded: oi unavailable"", ""weight"": 0.0, ""excluded_weight"": 1.2}, {""key"": ""delta_flip"", ""note"": ""excluded: taker unavailable"", ""weight"": 0.0, ""excluded_weight"": 1.5}, {""key"": ""absorption"", ""note"": ""excluded: taker unavailable"", ""weight"": 0.0, ""excluded_weight"": 1.0}, {""key"": ""cohort"", ""note"": ""excluded: cohort unavailable"", ""weight"": 0.0, ""excluded_weight"": 1.0}]"
M1,BTC,adverse,2026-03-31 17:30:05,equal_highs_4h,68370.925,short,67850.1,2026-03-31 18:20:00,68670.65564452218,68148.4,2026-03-31 18:20:00,67850.1,stop_be,-0.3845178473116821,0.8147,full,"[{""key"": ""location"", ""weight"": 2.0, ""strength"": 1.0, ""contribution"": 0.2857}, {""key"": ""reclaim"", ""weight"": 2.0, ""strength"": 0.6588, ""contribution"": 0.1882}, {""key"": ""discount"", ""weight"": 1.2, ""strength"": 0.6557, ""contribution"": 0.1124}, {""key"": ""session"", ""weight"": 0.8, ""strength"": 0.6, ""contribution"": 0.0686}, {""key"": ""htf_bias"", ""weight"": 1.0, ""strength"": 0.6, ""contribution"": 0.0857}, {""key"": ""fuel"", ""note"": ""excluded: oi unavailable"", ""weight"": 0.0, ""excluded_weight"": 1.5}, {""key"": ""cleared"", ""note"": ""excluded: oi unavailable"", ""weight"": 0.0, ""excluded_weight"": 1.2}, {""key"": ""delta_flip"", ""note"": ""excluded: taker unavailable"", ""weight"": 0.0, ""excluded_weight"": 1.5}, {""key"": ""absorption"", ""note"": ""excluded: taker unavailable"", ""weight"": 0.0, ""excluded_weight"": 1.0}, {""key"": ""cohort"", ""note"": ""excluded: cohort unavailable"", ""weight"": 0.0, ""excluded_weight"": 1.0}]"
M1,BTC,adverse,2026-04-04 16:15:05,pdh,67350.0,short,67330.6,2026-04-04 16:20:00,67384.2615163007,67250.10772554897,2026-04-04 16:20:00,67384.3,stop,-1.754004200563011,0.6477,half,"[{""key"": ""location"", ""weight"": 2.0, ""strength"": 0.8, ""contribution"": 0.2286}, {""key"": ""reclaim"", ""weight"": 2.0, ""strength"": 0.5137, ""contribution"": 0.1468}, {""key"": ""discount"", ""weight"": 1.2, ""strength"": 0.8706, ""contribution"": 0.1493}, {""key"": ""session"", ""weight"": 0.8, ""strength"": 0.6, ""contribution"": 0.0686}, {""key"": ""htf_bias"", ""weight"": 1.0, ""strength"": 1.0, ""contribution"": 0.1429}, {""key"": ""fuel"", ""note"": ""excluded: oi unavailable"", ""weight"": 0.0, ""excluded_weight"": 1.5}, {""key"": ""cleared"", ""note"": ""excluded: oi unavailable"", ""weight"": 0.0, ""excluded_weight"": 1.2}, {""key"": ""delta_flip"", ""note"": ""excluded: taker unavailable"", ""weight"": 0.0, ""excluded_weight"": 1.5}, {""key"": ""absorption"", ""note"": ""excluded: taker unavailable"", ""weight"": 0.0, ""excluded_weight"": 1.0}, {""key"": ""cohort"", ""note"": ""excluded: cohort unavailable"", ""weight"": 0.0, ""excluded_weight"": 1.0}]"
M1,BTC,adverse,2026-04-08 13:15:05,pdh,72743.4,short,72411.8,2026-04-08 13:15:00,72836.78020575856,72169.5,2026-04-08 13:20:00,72836.8,stop,-1.1027297828224987,0.7989,full,"[{""key"": ""location"", ""weight"": 2.0, ""strength"": 0.8, ""contribution"": 0.2286}, {""key"": ""reclaim"", ""weight"": 2.0, ""strength"": 0.8251, ""contribution"": 0.2357}, {""key"": ""discount"", ""weight"": 1.2, ""strength"": 0.9392, ""contribution"": 0.161}, {""key"": ""session"", ""weight"": 0.8, ""strength"": 1.0, ""contribution"": 0.1143}, {""key"": ""htf_bias"", ""weight"": 1.0, ""strength"": 0.6, ""contribution"": 0.0857}, {""key"": ""fuel"", ""note"": ""excluded: oi unavailable"", ""weight"": 0.0, ""excluded_weight"": 1.5}, {""key"": ""cleared"", ""note"": ""excluded: oi unavailable"", ""weight"": 0.0, ""excluded_weight"": 1.2}, {""key"": ""delta_flip"", ""note"": ""excluded: taker unavailable"", ""weight"": 0.0, ""excluded_weight"": 1.5}, {""key"": ""absorption"", ""note"": ""excluded: taker unavailable"", ""weight"": 0.0, ""excluded_weight"": 1.0}, {""key"": ""cohort"", ""note"": ""excluded: cohort unavailable"", ""weight"": 0.0, ""excluded_weight"": 1.0}]"
M1,BTC,adverse,2026-04-10 19:30:05,pdh,73128.0,short,73037.2,2026-04-10 19:50:00,73261.4231391579,72700.86529126315,2026-04-10 20:15:05,73199.0,thesis_failed,-0.9173679878558527,0.5672,half,"[{""key"": ""location"", ""weight"": 2.0, ""strength"": 0.8, ""contribution"": 0.2286}, {""key"": ""reclaim"", ""weight"": 2.0, ""strength"": 1.0, ""contribution"": 0.2857}, {""key"": ""discount"", ""weight"": 1.2, ""strength"": 0.7994, ""contribution"": 0.137}, {""key"": ""session"", ""weight"": 0.8, ""strength"": 0.6, ""contribution"": 0.0686}, {""key"": ""htf_bias"", ""weight"": 1.0, ""strength"": 0.6, ""contribution"": 0.0857}, {""key"": ""fuel"", ""note"": ""excluded: oi unavailable"", ""weight"": 0.0, ""excluded_weight"": 1.5}, {""key"": ""cleared"", ""note"": ""excluded: oi unavailable"", ""weight"": 0.0, ""excluded_weight"": 1.2}, {""key"": ""delta_flip"", ""note"": ""excluded: taker unavailable"", ""weight"": 0.0, ""excluded_weight"": 1.5}, {""key"": ""absorption"", ""note"": ""excluded: taker unavailable"", ""weight"": 0.0, ""excluded_weight"": 1.0}, {""key"": ""cohort"", ""note"": ""excluded: cohort unavailable"", ""weight"": 0.0, ""excluded_weight"": 1.0}]"
M1,BTC,adverse,2026-04-13 09:00:05,asia_low,70574.0,long,70588.0,,70493.9394677583,70711.2,2026-04-13 09:45:05,,cancelled:entry_expired_no_fvg,,0.6327,half,"[{""key"": ""location"", ""weight"": 2.0, ""strength"": 0.6, ""contribution"": 0.1714}, {""key"": ""reclaim"", ""weight"": 2.0, ""strength"": 0.4551, ""contribution"": 0.13}, {""key"": ""discount"", ""weight"": 1.2, ""strength"": 0.8874, ""contribution"": 0.1521}, {""key"": ""session"", ""weight"": 0.8, ""strength"": 1.0, ""contribution"": 0.1143}, {""key"": ""htf_bias"", ""weight"": 1.0, ""strength"": 0.6, ""contribution"": 0.0857}, {""key"": ""fuel"", ""note"": ""excluded: oi unavailable"", ""weight"": 0.0, ""excluded_weight"": 1.5}, {""key"": ""cleared"", ""note"": ""excluded: oi unavailable"", ""weight"": 0.0, ""excluded_weight"": 1.2}, {""key"": ""delta_flip"", ""note"": ""excluded: taker unavailable"", ""weight"": 0.0, ""excluded_weight"": 1.5}, {""key"": ""absorption"", ""note"": ""excluded: taker unavailable"", ""weight"": 0.0, ""excluded_weight"": 1.0}, {""key"": ""cohort"", ""note"": ""excluded: cohort unavailable"", ""weight"": 0.0, ""excluded_weight"": 1.0}]"
M1,BTC,adverse,2026-04-14 07:15:05,pdh,74870.0,short,74647.8,2026-04-14 07:15:00,74928.90575776882,74583.1,2026-04-14 07:35:00,74647.8,stop_be,-0.03538547939733635,0.6436,half,"[{""key"": ""location"", ""weight"": 2.0, ""strength"": 0.8, ""contribution"": 0.2286}, {""key"": ""reclaim"", ""weight"": 2.0, ""strength"": 0.2594, ""contribution"": 0.0741}, {""key"": ""discount"", ""weight"": 1.2, ""strength"": 0.9461, ""contribution"": 0.1622}, {""key"": ""session"", ""weight"": 0.8, ""strength"": 1.0, ""contribution"": 0.1143}, {""key"": ""htf_bias"", ""weight"": 1.0, ""strength"": 0.6, ""contribution"": 0.0857}, {""key"": ""fuel"", ""note"": ""excluded: oi unavailable"", ""weight"": 0.0, ""excluded_weight"": 1.5}, {""key"": ""cleared"", ""note"": ""excluded: oi unavailable"", ""weight"": 0.0, ""excluded_weight"": 1.2}, {""key"": ""delta_flip"", ""note"": ""excluded: taker unavailable"", ""weight"": 0.0, ""excluded_weight"": 1.5}, {""key"": ""absorption"", ""note"": ""excluded: taker unavailable"", ""weight"": 0.0, ""excluded_weight"": 1.0}, {""key"": ""cohort"", ""note"": ""excluded: cohort unavailable"", ""weight"": 0.0, ""excluded_weight"": 1.0}]"
M1,BTC,adverse,2026-04-16 19:45:05,equal_highs_1h,75236.35,short,75105.1,2026-04-16 19:45:00,75330.06606157073,74776.3,2026-04-16 19:50:00,75330.1,stop,-1.20117837789469,0.6359,half,"[{""key"": ""location"", ""weight"": 2.0, ""strength"": 1.0, ""contribution"": 0.2857}, {""key"": ""reclaim"", ""weight"": 2.0, ""strength"": 0.5313, ""contribution"": 0.1518}, {""key"": ""discount"", ""weight"": 1.2, ""strength"": 0.7628, ""contribution"": 0.1308}, {""key"": ""session"", ""weight"": 0.8, ""strength"": 0.6, ""contribution"": 0.0686}, {""key"": ""htf_bias"", ""weight"": 1.0, ""strength"": 0.6, ""contribution"": 0.0857}, {""key"": ""fuel"", ""note"": ""excluded: oi unavailable"", ""weight"": 0.0, ""excluded_weight"": 1.5}, {""key"": ""cleared"", ""note"": ""excluded: oi unavailable"", ""weight"": 0.0, ""excluded_weight"": 1.2}, {""key"": ""delta_flip"", ""note"": ""excluded: taker unavailable"", ""weight"": 0.0, ""excluded_weight"": 1.5}, {""key"": ""absorption"", ""note"": ""excluded: taker unavailable"", ""weight"": 0.0, ""excluded_weight"": 1.0}, {""key"": ""cohort"", ""note"": ""excluded: cohort unavailable"", ""weight"": 0.0, ""excluded_weight"": 1.0}]"
M1,BTC,adverse,2026-04-20 14:30:05,london_high,75633.0,short,75365.5,2026-04-20 14:30:00,75782.09849456017,74860.0,2026-04-20 15:20:00,75365.5,stop_be,0.3985969516652148,0.6251,half,"[{""key"": ""location"", ""weight"": 2.0, ""strength"": 0.6, ""contribution"": 0.1714}, {""key"": ""reclaim"", ""weight"": 2.0, ""strength"": 0.6771, ""contribution"": 0.1934}, {""key"": ""discount"", ""weight"": 1.2, ""strength"": 0.4717, ""contribution"": 0.0809}, {""key"": ""session"", ""weight"": 0.8, ""strength"": 1.0, ""contribution"": 0.1143}, {""key"": ""htf_bias"", ""weight"": 1.0, ""strength"": 0.6, ""contribution"": 0.0857}, {""key"": ""fuel"", ""note"": ""excluded: oi unavailable"", ""weight"": 0.0, ""excluded_weight"": 1.5}, {""key"": ""cleared"", ""note"": ""excluded: oi unavailable"", ""weight"": 0.0, ""excluded_weight"": 1.2}, {""key"": ""delta_flip"", ""note"": ""excluded: taker unavailable"", ""weight"": 0.0, ""excluded_weight"": 1.5}, {""key"": ""absorption"", ""note"": ""excluded: taker unavailable"", ""weight"": 0.0, ""excluded_weight"": 1.0}, {""key"": ""cohort"", ""note"": ""excluded: cohort unavailable"", ""weight"": 0.0, ""excluded_weight"": 1.0}]"
M1,BTC,adverse,2026-04-20 18:30:05,pdh,76200.0,short,76159.2,2026-04-20 18:35:00,76332.01419580882,75900.10370628677,2026-04-20 18:50:00,76332.0,stop,-1.2651538067637245,0.835,full,"[{""key"": ""location"", ""weight"": 2.0, ""strength"": 0.8, ""contribution"": 0.2286}, {""key"": ""reclaim"", ""weight"": 2.0, ""strength"": 0.7805, ""contribution"": 0.223}, {""key"": ""discount"", ""weight"": 1.2, ""strength"": 0.8936, ""contribution"": 0.1532}, {""key"": ""session"", ""weight"": 0.8, ""strength"": 0.6, ""contribution"": 0.0686}, {""key"": ""htf_bias"", ""weight"": 1.0, ""strength"": 0.6, ""contribution"": 0.0857}, {""key"": ""fuel"", ""note"": ""excluded: oi unavailable"", ""weight"": 0.0, ""excluded_weight"": 1.5}, {""key"": ""cleared"", ""note"": ""excluded: oi unavailable"", ""weight"": 0.0, ""excluded_weight"": 1.2}, {""key"": ""delta_flip"", ""note"": ""excluded: taker unavailable"", ""weight"": 0.0, ""excluded_weight"": 1.5}, {""key"": ""absorption"", ""note"": ""excluded: taker unavailable"", ""weight"": 0.0, ""excluded_weight"": 1.0}, {""key"": ""cohort"", ""note"": ""excluded: cohort unavailable"", ""weight"": 0.0, ""excluded_weight"": 1.0}]"
M1,BTC,adverse,2026-04-21 07:30:05,equal_highs_1h,76216.15,short,76081.8,2026-04-21 07:30:00,76303.57684418895,75790.1,2026-04-21 08:20:00,76303.6,stop,-1.2063878489137452,0.8942,full,"[{""key"": ""location"", ""weight"": 2.0, ""strength"": 1.0, ""contribution"": 0.2857}, {""key"": ""reclaim"", ""weight"": 2.0, ""strength"": 0.4652, ""contribution"": 0.1329}, {""key"": ""discount"", ""weight"": 1.2, ""strength"": 0.9521, ""contribution"": 0.1632}, {""key"": ""session"", ""weight"": 0.8, ""strength"": 1.0, ""contribution"": 0.1143}, {""key"": ""htf_bias"", ""weight"": 1.0, ""strength"": 0.3, ""contribution"": 0.0429}, {""key"": ""fuel"", ""note"": ""excluded: oi unavailable"", ""weight"": 0.0, ""excluded_weight"": 1.5}, {""key"": ""cleared"", ""note"": ""excluded: oi unavailable"", ""weight"": 0.0, ""excluded_weight"": 1.2}, {""key"": ""delta_flip"", ""note"": ""excluded: taker unavailable"", ""weight"": 0.0, ""excluded_weight"": 1.5}, {""key"": ""absorption"", ""note"": ""excluded: taker unavailable"", ""weight"": 0.0, ""excluded_weight"": 1.0}, {""key"": ""cohort"", ""note"": ""excluded: cohort unavailable"", ""weight"": 0.0, ""excluded_weight"": 1.0}]"
M1,BTC,adverse,2026-04-24 09:15:05,equal_lows_1h,77406.1,long,77564.9,2026-04-24 09:15:00,77325.60287522862,77923.72068715708,2026-04-24 13:15:00,78315.8,time_stop,2.326518453057651,0.601,half,"[{""key"": ""location"", ""weight"": 2.0, ""strength"": 1.0, ""contribution"": 0.2857}, {""key"": ""reclaim"", ""weight"": 2.0, ""strength"": 0.5953, ""contribution"": 0.1701}, {""key"": ""discount"", ""weight"": 1.2, ""strength"": 0.0919, ""contribution"": 0.0158}, {""key"": ""session"", ""weight"": 0.8, ""strength"": 0.6, ""contribution"": 0.0686}, {""key"": ""htf_bias"", ""weight"": 1.0, ""strength"": 1.0, ""contribution"": 0.1429}, {""key"": ""fuel"", ""note"": ""excluded: oi unavailable"", ""weight"": 0.0, ""excluded_weight"": 1.5}, {""key"": ""cleared"", ""note"": ""excluded: oi unavailable"", ""weight"": 0.0, ""excluded_weight"": 1.2}, {""key"": ""delta_flip"", ""note"": ""excluded: taker unavailable"", ""weight"": 0.0, ""excluded_weight"": 1.5}, {""key"": ""absorption"", ""note"": ""excluded: taker unavailable"", ""weight"": 0.0, ""excluded_weight"": 1.0}, {""key"": ""cohort"", ""note"": ""excluded: cohort unavailable"", ""weight"": 0.0, ""excluded_weight"": 1.0}]"
M1,BTC,adverse,2026-04-27 15:15:05,pdl,77280.0,long,77509.1,2026-04-27 15:15:00,77186.34959658307,77949.9,2026-04-27 15:20:00,77186.4,stop,-1.1433078803291785,0.9834,full,"[{""key"": ""location"", ""weight"": 2.0, ""strength"": 1.0, ""contribution"": 0.2857}, {""key"": ""reclaim"", ""weight"": 2.0, ""strength"": 0.9097, ""contribution"": 0.2599}, {""key"": ""discount"", ""weight"": 1.2, ""strength"": 0.7986, ""contribution"": 0.1369}, {""key"": ""session"", ""weight"": 0.8, ""strength"": 0.6, ""contribution"": 0.0686}, {""key"": ""htf_bias"", ""weight"": 1.0, ""strength"": 1.0, ""contribution"": 0.1429}, {""key"": ""fuel"", ""note"": ""excluded: oi unavailable"", ""weight"": 0.0, ""excluded_weight"": 1.5}, {""key"": ""cleared"", ""note"": ""excluded: oi unavailable"", ""weight"": 0.0, ""excluded_weight"": 1.2}, {""key"": ""delta_flip"", ""note"": ""excluded: taker unavailable"", ""weight"": 0.0, ""excluded_weight"": 1.5}, {""key"": ""absorption"", ""note"": ""excluded: taker unavailable"", ""weight"": 0.0, ""excluded_weight"": 1.0}, {""key"": ""cohort"", ""note"": ""excluded: cohort unavailable"", ""weight"": 0.0, ""excluded_weight"": 1.0}]"
M1,BTC,adverse,2026-04-29 18:15:05,4h_ob_bottom,74988.6,long,75544.0,2026-04-29 18:15:00,74817.33687864702,75635.6,2026-04-29 20:14:59,75544.0,stop_be,0.0005138336995926362,0.7566,full,"[{""key"": ""location"", ""weight"": 2.0, ""strength"": 1.0, ""contribution"": 0.2857}, {""key"": ""reclaim"", ""weight"": 2.0, ""strength"": 0.8351, ""contribution"": 0.2386}, {""key"": ""discount"", ""weight"": 1.2, ""strength"": 0.7238, ""contribution"": 0.1241}, {""key"": ""session"", ""weight"": 0.8, ""strength"": 0.6, ""contribution"": 0.0686}, {""key"": ""htf_bias"", ""weight"": 1.0, ""strength"": 1.0, ""contribution"": 0.1429}, {""key"": ""fuel"", ""note"": ""excluded: oi unavailable"", ""weight"": 0.0, ""excluded_weight"": 1.5}, {""key"": ""cleared"", ""note"": ""excluded: oi unavailable"", ""weight"": 0.0, ""excluded_weight"": 1.2}, {""key"": ""delta_flip"", ""note"": ""excluded: taker unavailable"", ""weight"": 0.0, ""excluded_weight"": 1.5}, {""key"": ""absorption"", ""note"": ""excluded: taker unavailable"", ""weight"": 0.0, ""excluded_weight"": 1.0}, {""key"": ""cohort"", ""note"": ""excluded: cohort unavailable"", ""weight"": 0.0, ""excluded_weight"": 1.0}]"
M1,BTC,adverse,2026-05-01 08:30:05,equal_highs_1h,77434.43333333333,short,77336.4,2026-05-01 08:30:00,77504.14690043306,77084.7796493504,2026-05-01 11:00:05,77268.9,dead_trade,0.12595484593428302,0.821,full,"[{""key"": ""location"", ""weight"": 2.0, ""strength"": 1.0, ""contribution"": 0.2857}, {""key"": ""reclaim"", ""weight"": 2.0, ""strength"": 0.5912, ""contribution"": 0.1689}, {""key"": ""discount"", ""weight"": 1.2, ""strength"": 0.6394, ""contribution"": 0.1096}, {""key"": ""session"", ""weight"": 0.8, ""strength"": 1.0, ""contribution"": 0.1143}, {""key"": ""htf_bias"", ""weight"": 1.0, ""strength"": 0.0, ""contribution"": 0.0}, {""key"": ""fuel"", ""note"": ""excluded: oi unavailable"", ""weight"": 0.0, ""excluded_weight"": 1.5}, {""key"": ""cleared"", ""note"": ""excluded: oi unavailable"", ""weight"": 0.0, ""excluded_weight"": 1.2}, {""key"": ""delta_flip"", ""note"": ""excluded: taker unavailable"", ""weight"": 0.0, ""excluded_weight"": 1.5}, {""key"": ""absorption"", ""note"": ""excluded: taker unavailable"", ""weight"": 0.0, ""excluded_weight"": 1.0}, {""key"": ""cohort"", ""note"": ""excluded: cohort unavailable"", ""weight"": 0.0, ""excluded_weight"": 1.0}]"
M1,BTC,adverse,2026-05-01 13:15:05,4h_fvg_top,78319.1,short,78123.5,2026-05-01 13:15:00,78430.61433496418,77860.1,2026-05-01 13:35:00,78430.6,stop,-1.1532185756490374,0.9238,full,"[{""key"": ""location"", ""weight"": 2.0, ""strength"": 1.0, ""contribution"": 0.2857}, {""key"": ""reclaim"", ""weight"": 2.0, ""strength"": 1.0, ""contribution"": 0.2857}, {""key"": ""discount"", ""weight"": 1.2, ""strength"": 0.4537, ""contribution"": 0.0778}, {""key"": ""session"", ""weight"": 0.8, ""strength"": 1.0, ""contribution"": 0.1143}, {""key"": ""htf_bias"", ""weight"": 1.0, ""strength"": 0.0, ""contribution"": 0.0}, {""key"": ""fuel"", ""note"": ""excluded: oi unavailable"", ""weight"": 0.0, ""excluded_weight"": 1.5}, {""key"": ""cleared"", ""note"": ""excluded: oi unavailable"", ""weight"": 0.0, ""excluded_weight"": 1.2}, {""key"": ""delta_flip"", ""note"": ""excluded: taker unavailable"", ""weight"": 0.0, ""excluded_weight"": 1.5}, {""key"": ""absorption"", ""note"": ""excluded: taker unavailable"", ""weight"": 0.0, ""excluded_weight"": 1.0}, {""key"": ""cohort"", ""note"": ""excluded: cohort unavailable"", ""weight"": 0.0, ""excluded_weight"": 1.0}]"
M1,BTC,adverse,2026-05-07 00:00:05,4h_ob_bottom,81333.3,long,81345.2,2026-05-07 00:05:00,81249.30466589553,81489.04300115671,2026-05-07 00:20:00,81249.3,stop,-1.5085610405444378,0.6218,half,"[{""key"": ""location"", ""weight"": 2.0, ""strength"": 1.0, ""contribution"": 0.2857}, {""key"": ""reclaim"", ""weight"": 2.0, ""strength"": 0.6603, ""contribution"": 0.1887}, {""key"": ""discount"", ""weight"": 1.2, ""strength"": 0.3213, ""contribution"": 0.0551}, {""key"": ""session"", ""weight"": 0.8, ""strength"": 0.3, ""contribution"": 0.0343}, {""key"": ""htf_bias"", ""weight"": 1.0, ""strength"": 1.0, ""contribution"": 0.1429}, {""key"": ""fuel"", ""note"": ""excluded: oi unavailable"", ""weight"": 0.0, ""excluded_weight"": 1.5}, {""key"": ""cleared"", ""note"": ""excluded: oi unavailable"", ""weight"": 0.0, ""excluded_weight"": 1.2}, {""key"": ""delta_flip"", ""note"": ""excluded: taker unavailable"", ""weight"": 0.0, ""excluded_weight"": 1.5}, {""key"": ""absorption"", ""note"": ""excluded: taker unavailable"", ""weight"": 0.0, ""excluded_weight"": 1.0}, {""key"": ""cohort"", ""note"": ""excluded: cohort unavailable"", ""weight"": 0.0, ""excluded_weight"": 1.0}]"
M1,BTC,adverse,2026-05-12 11:15:05,equal_lows_1h,80527.75,long,80573.0,2026-05-12 11:15:00,80461.83222899832,80649.86,2026-05-12 11:20:00,80461.8,stop,-1.434712224261339,0.5842,half,"[{""key"": ""location"", ""weight"": 2.0, ""strength"": 0.8, ""contribution"": 0.2286}, {""key"": ""reclaim"", ""weight"": 2.0, ""strength"": 0.2879, ""contribution"": 0.0823}, {""key"": ""discount"", ""weight"": 1.2, ""strength"": 0.826, ""contribution"": 0.1416}, {""key"": ""session"", ""weight"": 0.8, ""strength"": 0.6, ""contribution"": 0.0686}, {""key"": ""htf_bias"", ""weight"": 1.0, ""strength"": 1.0, ""contribution"": 0.1429}, {""key"": ""fuel"", ""note"": ""excluded: oi unavailable"", ""weight"": 0.0, ""excluded_weight"": 1.5}, {""key"": ""cleared"", ""note"": ""excluded: oi unavailable"", ""weight"": 0.0, ""excluded_weight"": 1.2}, {""key"": ""delta_flip"", ""note"": ""excluded: taker unavailable"", ""weight"": 0.0, ""excluded_weight"": 1.5}, {""key"": ""absorption"", ""note"": ""excluded: taker unavailable"", ""weight"": 0.0, ""excluded_weight"": 1.0}, {""key"": ""cohort"", ""note"": ""excluded: cohort unavailable"", ""weight"": 0.0, ""excluded_weight"": 1.0}]"
M1,BTC,adverse,2026-05-12 14:00:05,pdl,80394.0,long,80605.1,2026-05-12 14:00:00,80332.67444238023,80661.2,2026-05-12 14:20:00,80605.1,stop_be,-0.059652374480816624,0.7892,full,"[{""key"": ""location"", ""weight"": 2.0, ""strength"": 0.8, ""contribution"": 0.2286}, {""key"": ""reclaim"", ""weight"": 2.0, ""strength"": 0.5814, ""contribution"": 0.1661}, {""key"": ""discount"", ""weight"": 1.2, ""strength"": 0.9535, ""contribution"": 0.1635}, {""key"": ""session"", ""weight"": 0.8, ""strength"": 1.0, ""contribution"": 0.1143}, {""key"": ""htf_bias"", ""weight"": 1.0, ""strength"": 1.0, ""contribution"": 0.1429}, {""key"": ""fuel"", ""note"": ""excluded: oi unavailable"", ""weight"": 0.0, ""excluded_weight"": 1.5}, {""key"": ""cleared"", ""note"": ""excluded: oi unavailable"", ""weight"": 0.0, ""excluded_weight"": 1.2}, {""key"": ""delta_flip"", ""note"": ""excluded: taker unavailable"", ""weight"": 0.0, ""excluded_weight"": 1.5}, {""key"": ""absorption"", ""note"": ""excluded: taker unavailable"", ""weight"": 0.0, ""excluded_weight"": 1.0}, {""key"": ""cohort"", ""note"": ""excluded: cohort unavailable"", ""weight"": 0.0, ""excluded_weight"": 1.0}]"
M1,BTC,adverse,2026-05-12 14:15:05,pdl,80394.0,long,,,,,,,"no_trade (trade #467 open at evaluation, its exit_ts 2026-05-12 14:20:00)",,0.6499,half,"[{""key"": ""location"", ""weight"": 2.0, ""strength"": 0.8, ""contribution"": 0.2286}, {""key"": ""reclaim"", ""weight"": 2.0, ""strength"": 0.8346, ""contribution"": 0.2385}, {""key"": ""discount"", ""weight"": 1.2, ""strength"": 0.6712, ""contribution"": 0.1151}, {""key"": ""session"", ""weight"": 0.8, ""strength"": 1.0, ""contribution"": 0.1143}, {""key"": ""htf_bias"", ""weight"": 1.0, ""strength"": 1.0, ""contribution"": 0.1429}, {""key"": ""fuel"", ""note"": ""excluded: oi unavailable"", ""weight"": 0.0, ""excluded_weight"": 1.5}, {""key"": ""cleared"", ""note"": ""excluded: oi unavailable"", ""weight"": 0.0, ""excluded_weight"": 1.2}, {""key"": ""delta_flip"", ""note"": ""excluded: taker unavailable"", ""weight"": 0.0, ""excluded_weight"": 1.5}, {""key"": ""absorption"", ""note"": ""excluded: taker unavailable"", ""weight"": 0.0, ""excluded_weight"": 1.0}, {""key"": ""cohort"", ""note"": ""excluded: cohort unavailable"", ""weight"": 0.0, ""excluded_weight"": 1.0}]"
M1,BTC,adverse,2026-05-12 15:45:05,equal_lows_1h,80207.55,long,80317.8,2026-05-12 15:50:00,80105.55266399475,80394.0,2026-05-12 15:59:59,80317.8,stop_be,-0.038055205554152344,0.6199,half,"[{""key"": ""location"", ""weight"": 2.0, ""strength"": 0.8, ""contribution"": 0.2286}, {""key"": ""reclaim"", ""weight"": 2.0, ""strength"": 0.3945, ""contribution"": 0.1127}, {""key"": ""discount"", ""weight"": 1.2, ""strength"": 0.8848, ""contribution"": 0.1517}, {""key"": ""session"", ""weight"": 0.8, ""strength"": 0.6, ""contribution"": 0.0686}, {""key"": ""htf_bias"", ""weight"": 1.0, ""strength"": 1.0, ""contribution"": 0.1429}, {""key"": ""fuel"", ""note"": ""excluded: oi unavailable"", ""weight"": 0.0, ""excluded_weight"": 1.5}, {""key"": ""cleared"", ""note"": ""excluded: oi unavailable"", ""weight"": 0.0, ""excluded_weight"": 1.2}, {""key"": ""delta_flip"", ""note"": ""excluded: taker unavailable"", ""weight"": 0.0, ""excluded_weight"": 1.5}, {""key"": ""absorption"", ""note"": ""excluded: taker unavailable"", ""weight"": 0.0, ""excluded_weight"": 1.0}, {""key"": ""cohort"", ""note"": ""excluded: cohort unavailable"", ""weight"": 0.0, ""excluded_weight"": 1.0}]"
M1,BTC,adverse,2026-05-13 13:45:05,pdl,79801.0,long,79957.3,2026-05-13 13:45:00,79704.50120516226,80316.6,2026-05-13 13:50:00,79704.5,stop,-1.1893277426144337,0.7326,full,"[{""key"": ""location"", ""weight"": 2.0, ""strength"": 1.0, ""contribution"": 0.2857}, {""key"": ""reclaim"", ""weight"": 2.0, ""strength"": 0.6544, ""contribution"": 0.187}, {""key"": ""discount"", ""weight"": 1.2, ""strength"": 0.9904, ""contribution"": 0.1698}, {""key"": ""session"", ""weight"": 0.8, ""strength"": 1.0, ""contribution"": 0.1143}, {""key"": ""htf_bias"", ""weight"": 1.0, ""strength"": 0.0, ""contribution"": 0.0}, {""key"": ""fuel"", ""note"": ""excluded: oi unavailable"", ""weight"": 0.0, ""excluded_weight"": 1.5}, {""key"": ""cleared"", ""note"": ""excluded: oi unavailable"", ""weight"": 0.0, ""excluded_weight"": 1.2}, {""key"": ""delta_flip"", ""note"": ""excluded: taker unavailable"", ""weight"": 0.0, ""excluded_weight"": 1.5}, {""key"": ""absorption"", ""note"": ""excluded: taker unavailable"", ""weight"": 0.0, ""excluded_weight"": 1.0}, {""key"": ""cohort"", ""note"": ""excluded: cohort unavailable"", ""weight"": 0.0, ""excluded_weight"": 1.0}]"
M1,BTC,adverse,2026-05-14 16:15:05,4h_fvg_top,81521.5,short,81404.5,2026-05-14 16:15:00,81605.52333996269,81284.1,2026-05-14 16:44:59,81404.5,stop_be,0.045245125555886986,0.7366,full,"[{""key"": ""location"", ""weight"": 2.0, ""strength"": 1.0, ""contribution"": 0.2857}, {""key"": ""reclaim"", ""weight"": 2.0, ""strength"": 1.0, ""contribution"": 0.2857}, {""key"": ""discount"", ""weight"": 1.2, ""strength"": 0.6493, ""contribution"": 0.1113}, {""key"": ""session"", ""weight"": 0.8, ""strength"": 0.6, ""contribution"": 0.0686}, {""key"": ""htf_bias"", ""weight"": 1.0, ""strength"": 0.6, ""contribution"": 0.0857}, {""key"": ""fuel"", ""note"": ""excluded: oi unavailable"", ""weight"": 0.0, ""excluded_weight"": 1.5}, {""key"": ""cleared"", ""note"": ""excluded: oi unavailable"", ""weight"": 0.0, ""excluded_weight"": 1.2}, {""key"": ""delta_flip"", ""note"": ""excluded: taker unavailable"", ""weight"": 0.0, ""excluded_weight"": 1.5}, {""key"": ""absorption"", ""note"": ""excluded: taker unavailable"", ""weight"": 0.0, ""excluded_weight"": 1.0}, {""key"": ""cohort"", ""note"": ""excluded: cohort unavailable"", ""weight"": 0.0, ""excluded_weight"": 1.0}]"
M1,BTC,adverse,2026-05-16 07:15:05,pwl,78128.3,long,78336.8,2026-05-16 07:15:00,78040.28428453923,78393.9,2026-05-16 07:20:00,78040.3,stop,-1.1580116570429302,1.0565,full,"[{""key"": ""location"", ""weight"": 2.0, ""strength"": 1.0, ""contribution"": 0.2857}, {""key"": ""reclaim"", ""weight"": 2.0, ""strength"": 0.7843, ""contribution"": 0.2241}, {""key"": ""discount"", ""weight"": 1.2, ""strength"": 0.9527, ""contribution"": 0.1633}, {""key"": ""session"", ""weight"": 0.8, ""strength"": 1.0, ""contribution"": 0.1143}, {""key"": ""htf_bias"", ""weight"": 1.0, ""strength"": 0.6, ""contribution"": 0.0857}, {""key"": ""fuel"", ""note"": ""excluded: oi unavailable"", ""weight"": 0.0, ""excluded_weight"": 1.5}, {""key"": ""cleared"", ""note"": ""excluded: oi unavailable"", ""weight"": 0.0, ""excluded_weight"": 1.2}, {""key"": ""delta_flip"", ""note"": ""excluded: taker unavailable"", ""weight"": 0.0, ""excluded_weight"": 1.5}, {""key"": ""absorption"", ""note"": ""excluded: taker unavailable"", ""weight"": 0.0, ""excluded_weight"": 1.0}, {""key"": ""cohort"", ""note"": ""excluded: cohort unavailable"", ""weight"": 0.0, ""excluded_weight"": 1.0}]"
M1,BTC,adverse,2026-05-21 08:15:05,equal_highs_1h,78146.6,short,78013.0,2026-05-21 08:15:00,78203.35876798298,77825.8,2026-05-21 12:15:00,77161.5,time_stop,2.8825518803687955,1.028,full,"[{""key"": ""location"", ""weight"": 2.0, ""strength"": 1.0, ""contribution"": 0.2857}, {""key"": ""reclaim"", ""weight"": 2.0, ""strength"": 0.9003, ""contribution"": 0.2572}, {""key"": ""discount"", ""weight"": 1.2, ""strength"": 0.622, ""contribution"": 0.1066}, {""key"": ""session"", ""weight"": 0.8, ""strength"": 1.0, ""contribution"": 0.1143}, {""key"": ""htf_bias"", ""weight"": 1.0, ""strength"": 0.6, ""contribution"": 0.0857}, {""key"": ""fuel"", ""note"": ""excluded: oi unavailable"", ""weight"": 0.0, ""excluded_weight"": 1.5}, {""key"": ""cleared"", ""note"": ""excluded: oi unavailable"", ""weight"": 0.0, ""excluded_weight"": 1.2}, {""key"": ""delta_flip"", ""note"": ""excluded: taker unavailable"", ""weight"": 0.0, ""excluded_weight"": 1.5}, {""key"": ""absorption"", ""note"": ""excluded: taker unavailable"", ""weight"": 0.0, ""excluded_weight"": 1.0}, {""key"": ""cohort"", ""note"": ""excluded: cohort unavailable"", ""weight"": 0.0, ""excluded_weight"": 1.0}]"
M1,BTC,adverse,2026-05-25 02:15:05,equal_highs_4h,77420.53333333334,short,77178.0,2026-05-25 02:15:00,77484.3290067927,77030.3,2026-05-25 04:30:05,77141.5,dead_trade,0.14350731204293143,0.7887,full,"[{""key"": ""location"", ""weight"": 2.0, ""strength"": 1.0, ""contribution"": 0.2857}, {""key"": ""reclaim"", ""weight"": 2.0, ""strength"": 1.0, ""contribution"": 0.2857}, {""key"": ""discount"", ""weight"": 1.2, ""strength"": 0.8613, ""contribution"": 0.1477}, {""key"": ""session"", ""weight"": 0.8, ""strength"": 0.3, ""contribution"": 0.0343}, {""key"": ""htf_bias"", ""weight"": 1.0, ""strength"": 1.0, ""contribution"": 0.1429}, {""key"": ""fuel"", ""note"": ""excluded: oi unavailable"", ""weight"": 0.0, ""excluded_weight"": 1.5}, {""key"": ""cleared"", ""note"": ""excluded: oi unavailable"", ""weight"": 0.0, ""excluded_weight"": 1.2}, {""key"": ""delta_flip"", ""note"": ""excluded: taker unavailable"", ""weight"": 0.0, ""excluded_weight"": 1.5}, {""key"": ""absorption"", ""note"": ""excluded: taker unavailable"", ""weight"": 0.0, ""excluded_weight"": 1.0}, {""key"": ""cohort"", ""note"": ""excluded: cohort unavailable"", ""weight"": 0.0, ""excluded_weight"": 1.0}]"
M1,BTC,adverse,2026-05-25 05:00:05,4h_ob_top,77394.8,short,77309.0,2026-05-25 05:00:00,77445.19634257606,77104.7054861359,2026-05-25 05:20:00,77445.2,stop,-1.3410542937156584,0.5558,half,"[{""key"": ""location"", ""weight"": 2.0, ""strength"": 1.0, ""contribution"": 0.2857}, {""key"": ""reclaim"", ""weight"": 2.0, ""strength"": 0.6292, ""contribution"": 0.1798}, {""key"": ""discount"", ""weight"": 1.2, ""strength"": 0.8569, ""contribution"": 0.1469}, {""key"": ""session"", ""weight"": 0.8, ""strength"": 0.3, ""contribution"": 0.0343}, {""key"": ""htf_bias"", ""weight"": 1.0, ""strength"": 1.0, ""contribution"": 0.1429}, {""key"": ""fuel"", ""note"": ""excluded: oi unavailable"", ""weight"": 0.0, ""excluded_weight"": 1.5}, {""key"": ""cleared"", ""note"": ""excluded: oi unavailable"", ""weight"": 0.0, ""excluded_weight"": 1.2}, {""key"": ""delta_flip"", ""note"": ""excluded: taker unavailable"", ""weight"": 0.0, ""excluded_weight"": 1.5}, {""key"": ""absorption"", ""note"": ""excluded: taker unavailable"", ""weight"": 0.0, ""excluded_weight"": 1.0}, {""key"": ""cohort"", ""note"": ""excluded: cohort unavailable"", ""weight"": 0.0, ""excluded_weight"": 1.0}]"
M1,BTC,adverse,2026-05-25 05:45:05,equal_highs_1h,77438.8,short,77409.7,2026-05-25 05:45:00,77494.83221925642,77282.0016711154,2026-05-25 06:05:00,77494.8,stop,-1.5456441303812998,0.6307,half,"[{""key"": ""location"", ""weight"": 2.0, ""strength"": 1.0, ""contribution"": 0.2857}, {""key"": ""reclaim"", ""weight"": 2.0, ""strength"": 0.3507, ""contribution"": 0.1002}, {""key"": ""discount"", ""weight"": 1.2, ""strength"": 0.8967, ""contribution"": 0.1537}, {""key"": ""session"", ""weight"": 0.8, ""strength"": 0.3, ""contribution"": 0.0343}, {""key"": ""htf_bias"", ""weight"": 1.0, ""strength"": 1.0, ""contribution"": 0.1429}, {""key"": ""fuel"", ""note"": ""excluded: oi unavailable"", ""weight"": 0.0, ""excluded_weight"": 1.5}, {""key"": ""cleared"", ""note"": ""excluded: oi unavailable"", ""weight"": 0.0, ""excluded_weight"": 1.2}, {""key"": ""delta_flip"", ""note"": ""excluded: taker unavailable"", ""weight"": 0.0, ""excluded_weight"": 1.5}, {""key"": ""absorption"", ""note"": ""excluded: taker unavailable"", ""weight"": 0.0, ""excluded_weight"": 1.0}, {""key"": ""cohort"", ""note"": ""excluded: cohort unavailable"", ""weight"": 0.0, ""excluded_weight"": 1.0}]"
M1,BTC,adverse,2026-05-25 15:00:05,equal_highs_1h,77688.3,short,77639.1,2026-05-25 15:00:00,77762.80100268697,77600.0,2026-05-25 15:05:00,77762.8,stop,-1.3775798117157776,0.7113,full,"[{""key"": ""location"", ""weight"": 2.0, ""strength"": 1.0, ""contribution"": 0.2857}, {""key"": ""reclaim"", ""weight"": 2.0, ""strength"": 0.6954, ""contribution"": 0.1987}, {""key"": ""discount"", ""weight"": 1.2, ""strength"": 0.7938, ""contribution"": 0.1361}, {""key"": ""session"", ""weight"": 0.8, ""strength"": 1.0, ""contribution"": 0.1143}, {""key"": ""htf_bias"", ""weight"": 1.0, ""strength"": 0.0, ""contribution"": 0.0}, {""key"": ""fuel"", ""note"": ""excluded: oi unavailable"", ""weight"": 0.0, ""excluded_weight"": 1.5}, {""key"": ""cleared"", ""note"": ""excluded: oi unavailable"", ""weight"": 0.0, ""excluded_weight"": 1.2}, {""key"": ""delta_flip"", ""note"": ""excluded: taker unavailable"", ""weight"": 0.0, ""excluded_weight"": 1.5}, {""key"": ""absorption"", ""note"": ""excluded: taker unavailable"", ""weight"": 0.0, ""excluded_weight"": 1.0}, {""key"": ""cohort"", ""note"": ""excluded: cohort unavailable"", ""weight"": 0.0, ""excluded_weight"": 1.0}]"
M1,BTC,adverse,2026-05-27 14:45:05,4h_fvg_bottom,74839.1,long,74946.2,,74747.67044600952,75244.11933098572,2026-05-27 15:30:05,,cancelled:entry_expired_no_fvg,,0.613,half,"[{""key"": ""location"", ""weight"": 2.0, ""strength"": 1.0, ""contribution"": 0.2857}, {""key"": ""reclaim"", ""weight"": 2.0, ""strength"": 0.4763, ""contribution"": 0.1361}, {""key"": ""discount"", ""weight"": 1.2, ""strength"": 0.5665, ""contribution"": 0.0971}, {""key"": ""session"", ""weight"": 0.8, ""strength"": 1.0, ""contribution"": 0.1143}, {""key"": ""htf_bias"", ""weight"": 1.0, ""strength"": 0.0, ""contribution"": 0.0}, {""key"": ""fuel"", ""note"": ""excluded: oi unavailable"", ""weight"": 0.0, ""excluded_weight"": 1.5}, {""key"": ""cleared"", ""note"": ""excluded: oi unavailable"", ""weight"": 0.0, ""excluded_weight"": 1.2}, {""key"": ""delta_flip"", ""note"": ""excluded: taker unavailable"", ""weight"": 0.0, ""excluded_weight"": 1.5}, {""key"": ""absorption"", ""note"": ""excluded: taker unavailable"", ""weight"": 0.0, ""excluded_weight"": 1.0}, {""key"": ""cohort"", ""note"": ""excluded: cohort unavailable"", ""weight"": 0.0, ""excluded_weight"": 1.0}]"
M1,BTC,adverse,2026-05-29 16:30:05,equal_highs_1h,73920.4,short,73733.8,2026-05-29 16:35:00,74033.65454117395,73591.4,2026-05-29 16:35:00,74033.7,stop,-1.1479493896703237,0.7348,full,"[{""key"": ""location"", ""weight"": 2.0, ""strength"": 1.0, ""contribution"": 0.2857}, {""key"": ""reclaim"", ""weight"": 2.0, ""strength"": 0.8575, ""contribution"": 0.245}, {""key"": ""discount"", ""weight"": 1.2, ""strength"": 0.5418, ""contribution"": 0.0929}, {""key"": ""session"", ""weight"": 0.8, ""strength"": 0.6, ""contribution"": 0.0686}, {""key"": ""htf_bias"", ""weight"": 1.0, ""strength"": 1.0, ""contribution"": 0.1429}, {""key"": ""fuel"", ""note"": ""excluded: oi unavailable"", ""weight"": 0.0, ""excluded_weight"": 1.5}, {""key"": ""cleared"", ""note"": ""excluded: oi unavailable"", ""weight"": 0.0, ""excluded_weight"": 1.2}, {""key"": ""delta_flip"", ""note"": ""excluded: taker unavailable"", ""weight"": 0.0, ""excluded_weight"": 1.5}, {""key"": ""absorption"", ""note"": ""excluded: taker unavailable"", ""weight"": 0.0, ""excluded_weight"": 1.0}, {""key"": ""cohort"", ""note"": ""excluded: cohort unavailable"", ""weight"": 0.0, ""excluded_weight"": 1.0}]"
M1,BTC,adverse,2026-06-01 07:30:05,asia_low,72917.0,long,72994.5,2026-06-01 07:30:00,72850.53104337167,73177.8,2026-06-01 07:35:00,72850.5,stop,-1.3039748595570013,0.6745,half,"[{""key"": ""location"", ""weight"": 2.0, ""strength"": 0.6, ""contribution"": 0.1714}, {""key"": ""reclaim"", ""weight"": 2.0, ""strength"": 0.5415, ""contribution"": 0.1547}, {""key"": ""discount"", ""weight"": 1.2, ""strength"": 0.4327, ""contribution"": 0.0742}, {""key"": ""session"", ""weight"": 0.8, ""strength"": 1.0, ""contribution"": 0.1143}, {""key"": ""htf_bias"", ""weight"": 1.0, ""strength"": 0.3, ""contribution"": 0.0429}, {""key"": ""fuel"", ""note"": ""excluded: oi unavailable"", ""weight"": 0.0, ""excluded_weight"": 1.5}, {""key"": ""cleared"", ""note"": ""excluded: oi unavailable"", ""weight"": 0.0, ""excluded_weight"": 1.2}, {""key"": ""delta_flip"", ""note"": ""excluded: taker unavailable"", ""weight"": 0.0, ""excluded_weight"": 1.5}, {""key"": ""absorption"", ""note"": ""excluded: taker unavailable"", ""weight"": 0.0, ""excluded_weight"": 1.0}, {""key"": ""cohort"", ""note"": ""excluded: cohort unavailable"", ""weight"": 0.0, ""excluded_weight"": 1.0}]"
M1,BTC,adverse,2026-06-02 07:45:05,asia_low,69889.1,long,70042.6,2026-06-02 07:50:00,69751.13878078674,70249.6,2026-06-02 08:50:00,69751.1,stop,-1.143675999502818,0.7139,full,"[{""key"": ""location"", ""weight"": 2.0, ""strength"": 0.6, ""contribution"": 0.1714}, {""key"": ""reclaim"", ""weight"": 2.0, ""strength"": 1.0, ""contribution"": 0.2857}, {""key"": ""discount"", ""weight"": 1.2, ""strength"": 0.7185, ""contribution"": 0.1232}, {""key"": ""session"", ""weight"": 0.8, ""strength"": 1.0, ""contribution"": 0.1143}, {""key"": ""htf_bias"", ""weight"": 1.0, ""strength"": 0.3, ""contribution"": 0.0429}, {""key"": ""fuel"", ""note"": ""excluded: oi unavailable"", ""weight"": 0.0, ""excluded_weight"": 1.5}, {""key"": ""cleared"", ""note"": ""excluded: oi unavailable"", ""weight"": 0.0, ""excluded_weight"": 1.2}, {""key"": ""delta_flip"", ""note"": ""excluded: taker unavailable"", ""weight"": 0.0, ""excluded_weight"": 1.5}, {""key"": ""absorption"", ""note"": ""excluded: taker unavailable"", ""weight"": 0.0, ""excluded_weight"": 1.0}, {""key"": ""cohort"", ""note"": ""excluded: cohort unavailable"", ""weight"": 0.0, ""excluded_weight"": 1.0}]"
M1,BTC,adverse,2026-06-11 04:00:05,equal_highs_4h,62891.3,short,62630.4,2026-06-11 04:00:00,62961.023665084685,62134.464502372975,2026-06-11 06:15:05,62754.5,dead_trade,-0.4891787917195005,0.6246,half,"[{""key"": ""location"", ""weight"": 2.0, ""strength"": 1.0, ""contribution"": 0.2857}, {""key"": ""reclaim"", ""weight"": 2.0, ""strength"": 0.3662, ""contribution"": 0.1046}, {""key"": ""discount"", ""weight"": 1.2, ""strength"": 0.8299, ""contribution"": 0.1423}, {""key"": ""session"", ""weight"": 0.8, ""strength"": 0.3, ""contribution"": 0.0343}, {""key"": ""htf_bias"", ""weight"": 1.0, ""strength"": 1.0, ""contribution"": 0.1429}, {""key"": ""fuel"", ""note"": ""excluded: oi unavailable"", ""weight"": 0.0, ""excluded_weight"": 1.5}, {""key"": ""cleared"", ""note"": ""excluded: oi unavailable"", ""weight"": 0.0, ""excluded_weight"": 1.2}, {""key"": ""delta_flip"", ""note"": ""excluded: taker unavailable"", ""weight"": 0.0, ""excluded_weight"": 1.5}, {""key"": ""absorption"", ""note"": ""excluded: taker unavailable"", ""weight"": 0.0, ""excluded_weight"": 1.0}, {""key"": ""cohort"", ""note"": ""excluded: cohort unavailable"", ""weight"": 0.0, ""excluded_weight"": 1.0}]"
M1,BTC,adverse,2026-06-12 10:00:05,equal_highs_1h,63837.85,short,63816.4,2026-06-12 10:05:00,63958.001618037386,63604.12257294392,2026-06-12 11:05:00,63816.4,stop_be,0.3835479680191049,0.7271,full,"[{""key"": ""location"", ""weight"": 2.0, ""strength"": 1.0, ""contribution"": 0.2857}, {""key"": ""reclaim"", ""weight"": 2.0, ""strength"": 0.6128, ""contribution"": 0.1751}, {""key"": ""discount"", ""weight"": 1.2, ""strength"": 0.7678, ""contribution"": 0.1316}, {""key"": ""session"", ""weight"": 0.8, ""strength"": 0.6, ""contribution"": 0.0686}, {""key"": ""htf_bias"", ""weight"": 1.0, ""strength"": 0.0, ""contribution"": 0.0}, {""key"": ""fuel"", ""note"": ""excluded: oi unavailable"", ""weight"": 0.0, ""excluded_weight"": 1.5}, {""key"": ""cleared"", ""note"": ""excluded: oi unavailable"", ""weight"": 0.0, ""excluded_weight"": 1.2}, {""key"": ""delta_flip"", ""note"": ""excluded: taker unavailable"", ""weight"": 0.0, ""excluded_weight"": 1.5}, {""key"": ""absorption"", ""note"": ""excluded: taker unavailable"", ""weight"": 0.0, ""excluded_weight"": 1.0}, {""key"": ""cohort"", ""note"": ""excluded: cohort unavailable"", ""weight"": 0.0, ""excluded_weight"": 1.0}]"
M1,BTC,adverse,2026-06-18 04:15:05,pdl,63881.2,long,64054.2,2026-06-18 04:15:00,63751.09062417578,64472.9,2026-06-18 05:00:05,63850.1,thesis_failed,-0.7998455156352373,0.6332,half,"[{""key"": ""location"", ""weight"": 2.0, ""strength"": 1.0, ""contribution"": 0.2857}, {""key"": ""reclaim"", ""weight"": 2.0, ""strength"": 0.6103, ""contribution"": 0.1744}, {""key"": ""discount"", ""weight"": 1.2, ""strength"": 0.8135, ""contribution"": 0.1395}, {""key"": ""session"", ""weight"": 0.8, ""strength"": 0.3, ""contribution"": 0.0343}, {""key"": ""htf_bias"", ""weight"": 1.0, ""strength"": 0.6, ""contribution"": 0.0857}, {""key"": ""fuel"", ""note"": ""excluded: oi unavailable"", ""weight"": 0.0, ""excluded_weight"": 1.5}, {""key"": ""cleared"", ""note"": ""excluded: oi unavailable"", ""weight"": 0.0, ""excluded_weight"": 1.2}, {""key"": ""delta_flip"", ""note"": ""excluded: taker unavailable"", ""weight"": 0.0, ""excluded_weight"": 1.5}, {""key"": ""absorption"", ""note"": ""excluded: taker unavailable"", ""weight"": 0.0, ""excluded_weight"": 1.0}, {""key"": ""cohort"", ""note"": ""excluded: cohort unavailable"", ""weight"": 0.0, ""excluded_weight"": 1.0}]"
M1,BTC,adverse,2026-06-18 16:15:05,equal_lows_4h,62348.1,long,62501.4,2026-06-18 16:20:00,62183.063472688154,62978.904790967754,2026-06-18 20:20:00,63068.1,time_stop,1.5733022827412542,0.8699,full,"[{""key"": ""location"", ""weight"": 2.0, ""strength"": 1.0, ""contribution"": 0.2857}, {""key"": ""reclaim"", ""weight"": 2.0, ""strength"": 0.7116, ""contribution"": 0.2033}, {""key"": ""discount"", ""weight"": 1.2, ""strength"": 0.8602, ""contribution"": 0.1475}, {""key"": ""session"", ""weight"": 0.8, ""strength"": 0.6, ""contribution"": 0.0686}, {""key"": ""htf_bias"", ""weight"": 1.0, ""strength"": 0.6, ""contribution"": 0.0857}, {""key"": ""fuel"", ""note"": ""excluded: oi unavailable"", ""weight"": 0.0, ""excluded_weight"": 1.5}, {""key"": ""cleared"", ""note"": ""excluded: oi unavailable"", ""weight"": 0.0, ""excluded_weight"": 1.2}, {""key"": ""delta_flip"", ""note"": ""excluded: taker unavailable"", ""weight"": 0.0, ""excluded_weight"": 1.5}, {""key"": ""absorption"", ""note"": ""excluded: taker unavailable"", ""weight"": 0.0, ""excluded_weight"": 1.0}, {""key"": ""cohort"", ""note"": ""excluded: cohort unavailable"", ""weight"": 0.0, ""excluded_weight"": 1.0}]"
M1,BTC,adverse,2026-06-19 09:15:05,equal_lows_4h,62348.1,long,62453.4,2026-06-19 09:15:00,62256.04920100327,62749.551198495086,2026-06-19 12:30:05,62528.2,dead_trade,0.1889267935567662,0.6156,half,"[{""key"": ""location"", ""weight"": 2.0, ""strength"": 1.0, ""contribution"": 0.2857}, {""key"": ""reclaim"", ""weight"": 2.0, ""strength"": 0.3542, ""contribution"": 0.1012}, {""key"": ""discount"", ""weight"": 1.2, ""strength"": 0.9237, ""contribution"": 0.1584}, {""key"": ""session"", ""weight"": 0.8, ""strength"": 0.6, ""contribution"": 0.0686}, {""key"": ""htf_bias"", ""weight"": 1.0, ""strength"": 0.6, ""contribution"": 0.0857}, {""key"": ""fuel"", ""note"": ""excluded: oi unavailable"", ""weight"": 0.0, ""excluded_weight"": 1.5}, {""key"": ""cleared"", ""note"": ""excluded: oi unavailable"", ""weight"": 0.0, ""excluded_weight"": 1.2}, {""key"": ""delta_flip"", ""note"": ""excluded: taker unavailable"", ""weight"": 0.0, ""excluded_weight"": 1.5}, {""key"": ""absorption"", ""note"": ""excluded: taker unavailable"", ""weight"": 0.0, ""excluded_weight"": 1.0}, {""key"": ""cohort"", ""note"": ""excluded: cohort unavailable"", ""weight"": 0.0, ""excluded_weight"": 1.0}]"
M1,BTC,adverse,2026-06-23 00:45:05,equal_lows_1h,63855.759999999995,long,64093.1,2026-06-23 01:35:00,63775.65371683017,64086.2,2026-06-23 01:35:00,64093.1,stop_be,-0.1831464338934317,0.6001,half,"[{""key"": ""location"", ""weight"": 2.0, ""strength"": 0.8, ""contribution"": 0.2286}, {""key"": ""reclaim"", ""weight"": 2.0, ""strength"": 1.0, ""contribution"": 0.2857}, {""key"": ""discount"", ""weight"": 1.2, ""strength"": 0.278, ""contribution"": 0.0477}, {""key"": ""session"", ""weight"": 0.8, ""strength"": 0.3, ""contribution"": 0.0343}, {""key"": ""htf_bias"", ""weight"": 1.0, ""strength"": 0.6, ""contribution"": 0.0857}, {""key"": ""fuel"", ""note"": ""excluded: oi unavailable"", ""weight"": 0.0, ""excluded_weight"": 1.5}, {""key"": ""cleared"", ""note"": ""excluded: oi unavailable"", ""weight"": 0.0, ""excluded_weight"": 1.2}, {""key"": ""delta_flip"", ""note"": ""excluded: taker unavailable"", ""weight"": 0.0, ""excluded_weight"": 1.5}, {""key"": ""absorption"", ""note"": ""excluded: taker unavailable"", ""weight"": 0.0, ""excluded_weight"": 1.0}, {""key"": ""cohort"", ""note"": ""excluded: cohort unavailable"", ""weight"": 0.0, ""excluded_weight"": 1.0}]"
M1,BTC,adverse,2026-06-23 10:45:05,pwl,62232.1,long,62280.6,2026-06-23 10:45:00,62175.77930599821,62348.1,2026-06-23 12:35:00,62280.6,stop_be,-0.027667450594059284,0.7083,full,"[{""key"": ""location"", ""weight"": 2.0, ""strength"": 1.0, ""contribution"": 0.2857}, {""key"": ""reclaim"", ""weight"": 2.0, ""strength"": 0.678, ""contribution"": 0.1937}, {""key"": ""discount"", ""weight"": 1.2, ""strength"": 0.9988, ""contribution"": 0.1712}, {""key"": ""session"", ""weight"": 0.8, ""strength"": 0.6, ""contribution"": 0.0686}, {""key"": ""htf_bias"", ""weight"": 1.0, ""strength"": 0.6, ""contribution"": 0.0857}, {""key"": ""fuel"", ""note"": ""excluded: oi unavailable"", ""weight"": 0.0, ""excluded_weight"": 1.5}, {""key"": ""cleared"", ""note"": ""excluded: oi unavailable"", ""weight"": 0.0, ""excluded_weight"": 1.2}, {""key"": ""delta_flip"", ""note"": ""excluded: taker unavailable"", ""weight"": 0.0, ""excluded_weight"": 1.5}, {""key"": ""absorption"", ""note"": ""excluded: taker unavailable"", ""weight"": 0.0, ""excluded_weight"": 1.0}, {""key"": ""cohort"", ""note"": ""excluded: cohort unavailable"", ""weight"": 0.0, ""excluded_weight"": 1.0}]"
M1,BTC,adverse,2026-06-23 11:00:05,equal_lows_4h,62234.649999999994,long,,,,,,,"no_trade (trade #510 open at evaluation, its exit_ts 2026-06-23 12:35:00)",,0.6048,half,"[{""key"": ""location"", ""weight"": 2.0, ""strength"": 1.0, ""contribution"": 0.2857}, {""key"": ""reclaim"", ""weight"": 2.0, ""strength"": 0.2843, ""contribution"": 0.0812}, {""key"": ""discount"", ""weight"": 1.2, ""strength"": 0.9683, ""contribution"": 0.166}, {""key"": ""session"", ""weight"": 0.8, ""strength"": 0.6, ""contribution"": 0.0686}, {""key"": ""htf_bias"", ""weight"": 1.0, ""strength"": 0.6, ""contribution"": 0.0857}, {""key"": ""fuel"", ""note"": ""excluded: oi unavailable"", ""weight"": 0.0, ""excluded_weight"": 1.5}, {""key"": ""cleared"", ""note"": ""excluded: oi unavailable"", ""weight"": 0.0, ""excluded_weight"": 1.2}, {""key"": ""delta_flip"", ""note"": ""excluded: taker unavailable"", ""weight"": 0.0, ""excluded_weight"": 1.5}, {""key"": ""absorption"", ""note"": ""excluded: taker unavailable"", ""weight"": 0.0, ""excluded_weight"": 1.0}, {""key"": ""cohort"", ""note"": ""excluded: cohort unavailable"", ""weight"": 0.0, ""excluded_weight"": 1.0}]"
M1,BTC,adverse,2026-06-27 08:15:05,asia_high,60492.2,short,60471.6,2026-06-27 08:20:00,60578.51522576242,60311.10216135638,2026-06-27 12:20:00,60320.5,time_stop,1.1768609230757487,0.6309,half,"[{""key"": ""location"", ""weight"": 2.0, ""strength"": 0.6, ""contribution"": 0.1714}, {""key"": ""reclaim"", ""weight"": 2.0, ""strength"": 0.445, ""contribution"": 0.1272}, {""key"": ""discount"", ""weight"": 1.2, ""strength"": 0.8937, ""contribution"": 0.1532}, {""key"": ""session"", ""weight"": 0.8, ""strength"": 1.0, ""contribution"": 0.1143}, {""key"": ""htf_bias"", ""weight"": 1.0, ""strength"": 0.6, ""contribution"": 0.0857}, {""key"": ""fuel"", ""note"": ""excluded: oi unavailable"", ""weight"": 0.0, ""excluded_weight"": 1.5}, {""key"": ""cleared"", ""note"": ""excluded: oi unavailable"", ""weight"": 0.0, ""excluded_weight"": 1.2}, {""key"": ""delta_flip"", ""note"": ""excluded: taker unavailable"", ""weight"": 0.0, ""excluded_weight"": 1.5}, {""key"": ""absorption"", ""note"": ""excluded: taker unavailable"", ""weight"": 0.0, ""excluded_weight"": 1.0}, {""key"": ""cohort"", ""note"": ""excluded: cohort unavailable"", ""weight"": 0.0, ""excluded_weight"": 1.0}]"
M1,BTC,adverse,2026-06-29 10:15:05,equal_highs_1h,60232.2,short,60159.2,2026-06-29 10:15:00,60318.34349106073,59920.484763408895,2026-06-29 11:35:00,60159.2,stop_be,0.41864107106466764,0.5962,half,"[{""key"": ""location"", ""weight"": 2.0, ""strength"": 0.8, ""contribution"": 0.2286}, {""key"": ""reclaim"", ""weight"": 2.0, ""strength"": 0.7181, ""contribution"": 0.2052}, {""key"": ""discount"", ""weight"": 1.2, ""strength"": 0.1884, ""contribution"": 0.0323}, {""key"": ""session"", ""weight"": 0.8, ""strength"": 0.6, ""contribution"": 0.0686}, {""key"": ""htf_bias"", ""weight"": 1.0, ""strength"": 1.0, ""contribution"": 0.1429}, {""key"": ""fuel"", ""note"": ""excluded: oi unavailable"", ""weight"": 0.0, ""excluded_weight"": 1.5}, {""key"": ""cleared"", ""note"": ""excluded: oi unavailable"", ""weight"": 0.0, ""excluded_weight"": 1.2}, {""key"": ""delta_flip"", ""note"": ""excluded: taker unavailable"", ""weight"": 0.0, ""excluded_weight"": 1.5}, {""key"": ""absorption"", ""note"": ""excluded: taker unavailable"", ""weight"": 0.0, ""excluded_weight"": 1.0}, {""key"": ""cohort"", ""note"": ""excluded: cohort unavailable"", ""weight"": 0.0, ""excluded_weight"": 1.0}]"
M1,BTC,adverse,2026-07-04 00:15:05,4h_ob_top,62887.7,short,62743.1,2026-07-04 00:15:00,62950.55407454295,62565.5,2026-07-04 03:45:05,62685.0,dead_trade,0.3654286143427932,0.5584,half,"[{""key"": ""location"", ""weight"": 2.0, ""strength"": 1.0, ""contribution"": 0.2857}, {""key"": ""reclaim"", ""weight"": 2.0, ""strength"": 0.634, ""contribution"": 0.1812}, {""key"": ""discount"", ""weight"": 1.2, ""strength"": 0.7781, ""contribution"": 0.1334}, {""key"": ""session"", ""weight"": 0.8, ""strength"": 0.3, ""contribution"": 0.0343}, {""key"": ""htf_bias"", ""weight"": 1.0, ""strength"": 0.0, ""contribution"": 0.0}, {""key"": ""fuel"", ""note"": ""excluded: oi unavailable"", ""weight"": 0.0, ""excluded_weight"": 1.5}, {""key"": ""cleared"", ""note"": ""excluded: oi unavailable"", ""weight"": 0.0, ""excluded_weight"": 1.2}, {""key"": ""delta_flip"", ""note"": ""excluded: taker unavailable"", ""weight"": 0.0, ""excluded_weight"": 1.5}, {""key"": ""absorption"", ""note"": ""excluded: taker unavailable"", ""weight"": 0.0, ""excluded_weight"": 1.0}, {""key"": ""cohort"", ""note"": ""excluded: cohort unavailable"", ""weight"": 0.0, ""excluded_weight"": 1.0}]"
M1,BTC,adverse,2026-07-10 00:00:05,equal_highs_4h,63248.05,short,63247.9,,63321.680844536975,63137.10373319453,2026-07-10 00:45:05,,cancelled:entry_expired_no_fvg,,0.6808,half,"[{""key"": ""location"", ""weight"": 2.0, ""strength"": 1.0, ""contribution"": 0.2857}, {""key"": ""reclaim"", ""weight"": 2.0, ""strength"": 0.5487, ""contribution"": 0.1568}, {""key"": ""discount"", ""weight"": 1.2, ""strength"": 0.8987, ""contribution"": 0.1541}, {""key"": ""session"", ""weight"": 0.8, ""strength"": 0.3, ""contribution"": 0.0343}, {""key"": ""htf_bias"", ""weight"": 1.0, ""strength"": 1.0, ""contribution"": 0.1429}, {""key"": ""fuel"", ""note"": ""excluded: oi unavailable"", ""weight"": 0.0, ""excluded_weight"": 1.5}, {""key"": ""cleared"", ""note"": ""excluded: oi unavailable"", ""weight"": 0.0, ""excluded_weight"": 1.2}, {""key"": ""delta_flip"", ""note"": ""excluded: taker unavailable"", ""weight"": 0.0, ""excluded_weight"": 1.5}, {""key"": ""absorption"", ""note"": ""excluded: taker unavailable"", ""weight"": 0.0, ""excluded_weight"": 1.0}, {""key"": ""cohort"", ""note"": ""excluded: cohort unavailable"", ""weight"": 0.0, ""excluded_weight"": 1.0}]"
M1,BTC,adverse,2026-07-10 02:00:05,4h_ob_top,63910.0,short,63645.3,2026-07-10 02:00:00,63968.2045198419,63484.9,2026-07-10 02:50:00,63968.2,stop,-1.118697518315518,0.6403,half,"[{""key"": ""location"", ""weight"": 2.0, ""strength"": 1.0, ""contribution"": 0.2857}, {""key"": ""reclaim"", ""weight"": 2.0, ""strength"": 0.5511, ""contribution"": 0.1575}, {""key"": ""discount"", ""weight"": 1.2, ""strength"": 0.626, ""contribution"": 0.1073}, {""key"": ""session"", ""weight"": 0.8, ""strength"": 0.3, ""contribution"": 0.0343}, {""key"": ""htf_bias"", ""weight"": 1.0, ""strength"": 1.0, ""contribution"": 0.1429}, {""key"": ""fuel"", ""note"": ""excluded: oi unavailable"", ""weight"": 0.0, ""excluded_weight"": 1.5}, {""key"": ""cleared"", ""note"": ""excluded: oi unavailable"", ""weight"": 0.0, ""excluded_weight"": 1.2}, {""key"": ""delta_flip"", ""note"": ""excluded: taker unavailable"", ""weight"": 0.0, ""excluded_weight"": 1.5}, {""key"": ""absorption"", ""note"": ""excluded: taker unavailable"", ""weight"": 0.0, ""excluded_weight"": 1.0}, {""key"": ""cohort"", ""note"": ""excluded: cohort unavailable"", ""weight"": 0.0, ""excluded_weight"": 1.0}]"
M1,BTC,adverse,2026-07-12 06:45:05,equal_lows_4h,63646.23333333334,long,63685.4,,63585.66214859832,63766.75,2026-07-12 07:30:05,,cancelled:entry_expired_no_fvg,,0.6159,half,"[{""key"": ""location"", ""weight"": 2.0, ""strength"": 1.0, ""contribution"": 0.2857}, {""key"": ""reclaim"", ""weight"": 2.0, ""strength"": 0.8457, ""contribution"": 0.2416}, {""key"": ""discount"", ""weight"": 1.2, ""strength"": 0.8067, ""contribution"": 0.1383}, {""key"": ""session"", ""weight"": 0.8, ""strength"": 0.3, ""contribution"": 0.0343}, {""key"": ""htf_bias"", ""weight"": 1.0, ""strength"": 0.0, ""contribution"": 0.0}, {""key"": ""fuel"", ""note"": ""excluded: oi unavailable"", ""weight"": 0.0, ""excluded_weight"": 1.5}, {""key"": ""cleared"", ""note"": ""excluded: oi unavailable"", ""weight"": 0.0, ""excluded_weight"": 1.2}, {""key"": ""delta_flip"", ""note"": ""excluded: taker unavailable"", ""weight"": 0.0, ""excluded_weight"": 1.5}, {""key"": ""absorption"", ""note"": ""excluded: taker unavailable"", ""weight"": 0.0, ""excluded_weight"": 1.0}, {""key"": ""cohort"", ""note"": ""excluded: cohort unavailable"", ""weight"": 0.0, ""excluded_weight"": 1.0}]"
M1,BTC,adverse,2026-07-14 12:45:05,4h_fvg_top,63634.1,short,63293.6,2026-07-14 12:45:00,63694.13399941338,62856.5,2026-07-14 12:50:00,63694.1,stop,-1.0950422024903024,0.9132,full,"[{""key"": ""location"", ""weight"": 2.0, ""strength"": 1.0, ""contribution"": 0.2857}, {""key"": ""reclaim"", ""weight"": 2.0, ""strength"": 0.9748, ""contribution"": 0.2785}, {""key"": ""discount"", ""weight"": 1.2, ""strength"": 0.3178, ""contribution"": 0.0545}, {""key"": ""session"", ""weight"": 0.8, ""strength"": 0.6, ""contribution"": 0.0686}, {""key"": ""htf_bias"", ""weight"": 1.0, ""strength"": 1.0, ""contribution"": 0.1429}, {""key"": ""fuel"", ""note"": ""excluded: oi unavailable"", ""weight"": 0.0, ""excluded_weight"": 1.5}, {""key"": ""cleared"", ""note"": ""excluded: oi unavailable"", ""weight"": 0.0, ""excluded_weight"": 1.2}, {""key"": ""delta_flip"", ""note"": ""excluded: taker unavailable"", ""weight"": 0.0, ""excluded_weight"": 1.5}, {""key"": ""absorption"", ""note"": ""excluded: taker unavailable"", ""weight"": 0.0, ""excluded_weight"": 1.0}, {""key"": ""cohort"", ""note"": ""excluded: cohort unavailable"", ""weight"": 0.0, ""excluded_weight"": 1.0}]"
M1,BTC,adverse,2026-07-17 05:45:05,4h_fvg_bottom,62896.0,long,63034.9,2026-07-17 05:45:00,62844.06733302188,63321.02400046718,2026-07-17 05:50:00,62844.1,stop,-1.197881776263311,0.61,half,"[{""key"": ""location"", ""weight"": 2.0, ""strength"": 1.0, ""contribution"": 0.2857}, {""key"": ""reclaim"", ""weight"": 2.0, ""strength"": 0.7666, ""contribution"": 0.219}, {""key"": ""discount"", ""weight"": 1.2, ""strength"": 0.3989, ""contribution"": 0.0684}, {""key"": ""session"", ""weight"": 0.8, ""strength"": 0.3, ""contribution"": 0.0343}, {""key"": ""htf_bias"", ""weight"": 1.0, ""strength"": 0.6, ""contribution"": 0.0857}, {""key"": ""fuel"", ""note"": ""excluded: oi unavailable"", ""weight"": 0.0, ""excluded_weight"": 1.5}, {""key"": ""cleared"", ""note"": ""excluded: oi unavailable"", ""weight"": 0.0, ""excluded_weight"": 1.2}, {""key"": ""delta_flip"", ""note"": ""excluded: taker unavailable"", ""weight"": 0.0, ""excluded_weight"": 1.5}, {""key"": ""absorption"", ""note"": ""excluded: taker unavailable"", ""weight"": 0.0, ""excluded_weight"": 1.0}, {""key"": ""cohort"", ""note"": ""excluded: cohort unavailable"", ""weight"": 0.0, ""excluded_weight"": 1.0}]"
M1,BTC,adverse,2026-07-17 13:45:05,4h_ob_bottom,62529.7,long,62709.5,2026-07-17 13:45:00,62480.73738841536,63052.643917376954,2026-07-17 14:10:00,63337.4,target,2.164285561727657,0.9821,full,"[{""key"": ""location"", ""weight"": 2.0, ""strength"": 1.0, ""contribution"": 0.2857}, {""key"": ""reclaim"", ""weight"": 2.0, ""strength"": 0.7735, ""contribution"": 0.221}, {""key"": ""discount"", ""weight"": 1.2, ""strength"": 0.612, ""contribution"": 0.1049}, {""key"": ""session"", ""weight"": 0.8, ""strength"": 1.0, ""contribution"": 0.1143}, {""key"": ""htf_bias"", ""weight"": 1.0, ""strength"": 0.6, ""contribution"": 0.0857}, {""key"": ""fuel"", ""note"": ""excluded: oi unavailable"", ""weight"": 0.0, ""excluded_weight"": 1.5}, {""key"": ""cleared"", ""note"": ""excluded: oi unavailable"", ""weight"": 0.0, ""excluded_weight"": 1.2}, {""key"": ""delta_flip"", ""note"": ""excluded: taker unavailable"", ""weight"": 0.0, ""excluded_weight"": 1.5}, {""key"": ""absorption"", ""note"": ""excluded: taker unavailable"", ""weight"": 0.0, ""excluded_weight"": 1.0}, {""key"": ""cohort"", ""note"": ""excluded: cohort unavailable"", ""weight"": 0.0, ""excluded_weight"": 1.0}]"
M1,BTC,adverse,2026-07-17 14:00:05,4h_ob_bottom,62529.7,long,,,,,,,"no_trade (trade #540 open at evaluation, its exit_ts 2026-07-17 14:10:00)",,0.7967,full,"[{""key"": ""location"", ""weight"": 2.0, ""strength"": 1.0, ""contribution"": 0.2857}, {""key"": ""reclaim"", ""weight"": 2.0, ""strength"": 1.0, ""contribution"": 0.2857}, {""key"": ""discount"", ""weight"": 1.2, ""strength"": 0.3009, ""contribution"": 0.0516}, {""key"": ""session"", ""weight"": 0.8, ""strength"": 1.0, ""contribution"": 0.1143}, {""key"": ""htf_bias"", ""weight"": 1.0, ""strength"": 0.6, ""contribution"": 0.0857}, {""key"": ""fuel"", ""note"": ""excluded: oi unavailable"", ""weight"": 0.0, ""excluded_weight"": 1.5}, {""key"": ""cleared"", ""note"": ""excluded: oi unavailable"", ""weight"": 0.0, ""excluded_weight"": 1.2}, {""key"": ""delta_flip"", ""note"": ""excluded: taker unavailable"", ""weight"": 0.0, ""excluded_weight"": 1.5}, {""key"": ""absorption"", ""note"": ""excluded: taker unavailable"", ""weight"": 0.0, ""excluded_weight"": 1.0}, {""key"": ""cohort"", ""note"": ""excluded: cohort unavailable"", ""weight"": 0.0, ""excluded_weight"": 1.0}]"
M1,BTC,adverse,2026-07-20 16:00:05,pwh,65589.7,short,65448.5,2026-07-20 16:00:00,65730.73009853308,65084.6,2026-07-20 18:05:00,65730.7,stop,-1.1394819038491129,0.8993,full,"[{""key"": ""location"", ""weight"": 2.0, ""strength"": 1.0, ""contribution"": 0.2857}, {""key"": ""reclaim"", ""weight"": 2.0, ""strength"": 0.8841, ""contribution"": 0.2526}, {""key"": ""discount"", ""weight"": 1.2, ""strength"": 0.9789, ""contribution"": 0.1678}, {""key"": ""session"", ""weight"": 0.8, ""strength"": 0.6, ""contribution"": 0.0686}, {""key"": ""htf_bias"", ""weight"": 1.0, ""strength"": 0.3, ""contribution"": 0.0429}, {""key"": ""fuel"", ""note"": ""excluded: oi unavailable"", ""weight"": 0.0, ""excluded_weight"": 1.5}, {""key"": ""cleared"", ""note"": ""excluded: oi unavailable"", ""weight"": 0.0, ""excluded_weight"": 1.2}, {""key"": ""delta_flip"", ""note"": ""excluded: taker unavailable"", ""weight"": 0.0, ""excluded_weight"": 1.5}, {""key"": ""absorption"", ""note"": ""excluded: taker unavailable"", ""weight"": 0.0, ""excluded_weight"": 1.0}, {""key"": ""cohort"", ""note"": ""excluded: cohort unavailable"", ""weight"": 0.0, ""excluded_weight"": 1.0}]"
M1,BTC,adverse,2026-07-21 13:30:05,london_high,66618.0,short,66511.0,2026-07-21 13:35:00,66658.75144596951,66385.0,2026-07-21 13:50:00,66511.0,stop_be,0.12504803237048528,0.8851,full,"[{""key"": ""location"", ""weight"": 2.0, ""strength"": 0.6, ""contribution"": 0.1714}, {""key"": ""reclaim"", ""weight"": 2.0, ""strength"": 0.8142, ""contribution"": 0.2326}, {""key"": ""discount"", ""weight"": 1.2, ""strength"": 0.9932, ""contribution"": 0.1703}, {""key"": ""session"", ""weight"": 0.8, ""strength"": 1.0, ""contribution"": 0.1143}, {""key"": ""htf_bias"", ""weight"": 1.0, ""strength"": 0.3, ""contribution"": 0.0429}, {""key"": ""fuel"", ""note"": ""excluded: oi unavailable"", ""weight"": 0.0, ""excluded_weight"": 1.5}, {""key"": ""cleared"", ""note"": ""excluded: oi unavailable"", ""weight"": 0.0, ""excluded_weight"": 1.2}, {""key"": ""delta_flip"", ""note"": ""excluded: taker unavailable"", ""weight"": 0.0, ""excluded_weight"": 1.5}, {""key"": ""absorption"", ""note"": ""excluded: taker unavailable"", ""weight"": 0.0, ""excluded_weight"": 1.0}, {""key"": ""cohort"", ""note"": ""excluded: cohort unavailable"", ""weight"": 0.0, ""excluded_weight"": 1.0}]"
M1,BTC,adverse,2026-07-24 13:00:05,equal_lows_1h,64742.6,long,64817.4,2026-07-24 13:00:00,64686.74300554292,65013.38549168562,2026-07-24 13:05:00,64686.7,stop,-1.2975319515381494,0.8956,full,"[{""key"": ""location"", ""weight"": 2.0, ""strength"": 1.0, ""contribution"": 0.2857}, {""key"": ""reclaim"", ""weight"": 2.0, ""strength"": 0.6674, ""contribution"": 0.1907}, {""key"": ""discount"", ""weight"": 1.2, ""strength"": 0.872, ""contribution"": 0.1495}, {""key"": ""session"", ""weight"": 0.8, ""strength"": 1.0, ""contribution"": 0.1143}, {""key"": ""htf_bias"", ""weight"": 1.0, ""strength"": 0.0, ""contribution"": 0.0}, {""key"": ""fuel"", ""note"": ""excluded: oi unavailable"", ""weight"": 0.0, ""excluded_weight"": 1.5}, {""key"": ""cleared"", ""note"": ""excluded: oi unavailable"", ""weight"": 0.0, ""excluded_weight"": 1.2}, {""key"": ""delta_flip"", ""note"": ""excluded: taker unavailable"", ""weight"": 0.0, ""excluded_weight"": 1.5}, {""key"": ""absorption"", ""note"": ""excluded: taker unavailable"", ""weight"": 0.0, ""excluded_weight"": 1.0}, {""key"": ""cohort"", ""note"": ""excluded: cohort unavailable"", ""weight"": 0.0, ""excluded_weight"": 1.0}]"
M1,BTC,adverse,2026-07-28 00:00:05,pwl,63666.0,long,63691.3,2026-07-28 00:05:00,63563.43033881854,63883.10449177219,2026-07-28 00:05:00,63563.4,stop,-1.2986444436131745,0.6139,half,"[{""key"": ""location"", ""weight"": 2.0, ""strength"": 1.0, ""contribution"": 0.2857}, {""key"": ""reclaim"", ""weight"": 2.0, ""strength"": 0.2538, ""contribution"": 0.0725}, {""key"": ""discount"", ""weight"": 1.2, ""strength"": 0.9467, ""contribution"": 0.1623}, {""key"": ""session"", ""weight"": 0.8, ""strength"": 0.3, ""contribution"": 0.0343}, {""key"": ""htf_bias"", ""weight"": 1.0, ""strength"": 1.0, ""contribution"": 0.1429}, {""key"": ""fuel"", ""note"": ""excluded: oi unavailable"", ""weight"": 0.0, ""excluded_weight"": 1.5}, {""key"": ""cleared"", ""note"": ""excluded: oi unavailable"", ""weight"": 0.0, ""excluded_weight"": 1.2}, {""key"": ""delta_flip"", ""note"": ""excluded: taker unavailable"", ""weight"": 0.0, ""excluded_weight"": 1.5}, {""key"": ""absorption"", ""note"": ""excluded: taker unavailable"", ""weight"": 0.0, ""excluded_weight"": 1.0}, {""key"": ""cohort"", ""note"": ""excluded: cohort unavailable"", ""weight"": 0.0, ""excluded_weight"": 1.0}]"
M1,BTC,adverse,2026-07-29 20:00:05,equal_lows_1h,63547.75,long,63683.0,2026-07-29 20:00:00,63437.63396305299,63903.6,2026-07-29 20:05:00,63437.6,stop,-1.1554140643402413,0.6692,half,"[{""key"": ""location"", ""weight"": 2.0, ""strength"": 1.0, ""contribution"": 0.2857}, {""key"": ""reclaim"", ""weight"": 2.0, ""strength"": 0.8169, ""contribution"": 0.2334}, {""key"": ""discount"", ""weight"": 1.2, ""strength"": 0.1205, ""contribution"": 0.0207}, {""key"": ""session"", ""weight"": 0.8, ""strength"": 0.6, ""contribution"": 0.0686}, {""key"": ""htf_bias"", ""weight"": 1.0, ""strength"": 0.0, ""contribution"": 0.0}, {""key"": ""fuel"", ""note"": ""excluded: oi unavailable"", ""weight"": 0.0, ""excluded_weight"": 1.5}, {""key"": ""cleared"", ""note"": ""excluded: oi unavailable"", ""weight"": 0.0, ""excluded_weight"": 1.2}, {""key"": ""delta_flip"", ""note"": ""excluded: taker unavailable"", ""weight"": 0.0, ""excluded_weight"": 1.5}, {""key"": ""absorption"", ""note"": ""excluded: taker unavailable"", ""weight"": 0.0, ""excluded_weight"": 1.0}, {""key"": ""cohort"", ""note"": ""excluded: cohort unavailable"", ""weight"": 0.0, ""excluded_weight"": 1.0}]"
M1,BTC,adverse,2026-08-01 18:00:05,equal_lows_4h,62649.05,long,62711.9,2026-08-01 18:00:00,62623.15234852336,62845.14647721496,2026-08-01 18:05:00,62623.2,stop,-1.422191047847979,0.7328,full,"[{""key"": ""location"", ""weight"": 2.0, ""strength"": 1.0, ""contribution"": 0.2857}, {""key"": ""reclaim"", ""weight"": 2.0, ""strength"": 0.6847, ""contribution"": 0.1956}, {""key"": ""discount"", ""weight"": 1.2, ""strength"": 0.8165, ""contribution"": 0.14}, {""key"": ""session"", ""weight"": 0.8, ""strength"": 0.6, ""contribution"": 0.0686}, {""key"": ""htf_bias"", ""weight"": 1.0, ""strength"": 1.0, ""contribution"": 0.1429}, {""key"": ""fuel"", ""note"": ""excluded: oi unavailable"", ""weight"": 0.0, ""excluded_weight"": 1.5}, {""key"": ""cleared"", ""note"": ""excluded: oi unavailable"", ""weight"": 0.0, ""excluded_weight"": 1.2}, {""key"": ""delta_flip"", ""note"": ""excluded: taker unavailable"", ""weight"": 0.0, ""excluded_weight"": 1.5}, {""key"": ""absorption"", ""note"": ""excluded: taker unavailable"", ""weight"": 0.0, ""excluded_weight"": 1.0}, {""key"": ""cohort"", ""note"": ""excluded: cohort unavailable"", ""weight"": 0.0, ""excluded_weight"": 1.0}]"
M1,BTC,adverse,2026-08-03 04:00:05,pdl,62782.3,long,62893.7,2026-08-03 04:00:00,62724.88922630415,63146.91616054377,2026-08-03 05:05:00,62724.9,stop,-1.2230277456815746,0.5524,half,"[{""key"": ""location"", ""weight"": 2.0, ""strength"": 0.8, ""contribution"": 0.2286}, {""key"": ""reclaim"", ""weight"": 2.0, ""strength"": 0.7039, ""contribution"": 0.2011}, {""key"": ""discount"", ""weight"": 1.2, ""strength"": 0.1218, ""contribution"": 0.0209}, {""key"": ""session"", ""weight"": 0.8, ""strength"": 0.3, ""contribution"": 0.0343}, {""key"": ""htf_bias"", ""weight"": 1.0, ""strength"": 1.0, ""contribution"": 0.1429}, {""key"": ""fuel"", ""note"": ""excluded: oi unavailable"", ""weight"": 0.0, ""excluded_weight"": 1.5}, {""key"": ""cleared"", ""note"": ""excluded: oi unavailable"", ""weight"": 0.0, ""excluded_weight"": 1.2}, {""key"": ""delta_flip"", ""note"": ""excluded: taker unavailable"", ""weight"": 0.0, ""excluded_weight"": 1.5}, {""key"": ""absorption"", ""note"": ""excluded: taker unavailable"", ""weight"": 0.0, ""excluded_weight"": 1.0}, {""key"": ""cohort"", ""note"": ""excluded: cohort unavailable"", ""weight"": 0.0, ""excluded_weight"": 1.0}]"
M1,BTC,adverse,2026-08-06 05:15:05,4h_ob_top,64959.2,short,64833.6,2026-08-06 05:15:00,64988.22247530435,64634.0,2026-08-06 07:30:05,64867.6,dead_trade,-0.4717234414240246,0.5885,half,"[{""key"": ""location"", ""weight"": 2.0, ""strength"": 1.0, ""contribution"": 0.2857}, {""key"": ""reclaim"", ""weight"": 2.0, ""strength"": 0.7141, ""contribution"": 0.204}, {""key"": ""discount"", ""weight"": 1.2, ""strength"": 0.3446, ""contribution"": 0.0591}, {""key"": ""session"", ""weight"": 0.8, ""strength"": 0.3, ""contribution"": 0.0343}, {""key"": ""htf_bias"", ""weight"": 1.0, ""strength"": 0.6, ""contribution"": 0.0857}, {""key"": ""fuel"", ""note"": ""excluded: oi unavailable"", ""weight"": 0.0, ""excluded_weight"": 1.5}, {""key"": ""cleared"", ""note"": ""excluded: oi unavailable"", ""weight"": 0.0, ""excluded_weight"": 1.2}, {""key"": ""delta_flip"", ""note"": ""excluded: taker unavailable"", ""weight"": 0.0, ""excluded_weight"": 1.5}, {""key"": ""absorption"", ""note"": ""excluded: taker unavailable"", ""weight"": 0.0, ""excluded_weight"": 1.0}, {""key"": ""cohort"", ""note"": ""excluded: cohort unavailable"", ""weight"": 0.0, ""excluded_weight"": 1.0}]"
M1,BTC,adverse,2026-08-06 09:00:05,4h_ob_top,64959.2,short,64912.3,2026-08-06 09:00:00,64985.759753824736,64802.110369262904,2026-08-06 13:00:00,64392.4,time_stop,4.424258396619636,0.6836,half,"[{""key"": ""location"", ""weight"": 2.0, ""strength"": 1.0, ""contribution"": 0.2857}, {""key"": ""reclaim"", ""weight"": 2.0, ""strength"": 0.2819, ""contribution"": 0.0806}, {""key"": ""discount"", ""weight"": 1.2, ""strength"": 0.816, ""contribution"": 0.1399}, {""key"": ""session"", ""weight"": 0.8, ""strength"": 1.0, ""contribution"": 0.1143}, {""key"": ""htf_bias"", ""weight"": 1.0, ""strength"": 0.6, ""contribution"": 0.0857}, {""key"": ""fuel"", ""note"": ""excluded: oi unavailable"", ""weight"": 0.0, ""excluded_weight"": 1.5}, {""key"": ""cleared"", ""note"": ""excluded: oi unavailable"", ""weight"": 0.0, ""excluded_weight"": 1.2}, {""key"": ""delta_flip"", ""note"": ""excluded: taker unavailable"", ""weight"": 0.0, ""excluded_weight"": 1.5}, {""key"": ""absorption"", ""note"": ""excluded: taker unavailable"", ""weight"": 0.0, ""excluded_weight"": 1.0}, {""key"": ""cohort"", ""note"": ""excluded: cohort unavailable"", ""weight"": 0.0, ""excluded_weight"": 1.0}]"
M1,BTC,adverse,2026-08-06 13:00:05,equal_lows_1h,64380.13333333333,long,,,,,,,"no_trade (trade #562 open at evaluation, its exit_ts 2026-08-06 13:00:00)",,0.8824,full,"[{""key"": ""location"", ""weight"": 2.0, ""strength"": 1.0, ""contribution"": 0.2857}, {""key"": ""reclaim"", ""weight"": 2.0, ""strength"": 0.8095, ""contribution"": 0.2313}, {""key"": ""discount"", ""weight"": 1.2, ""strength"": 0.0717, ""contribution"": 0.0123}, {""key"": ""session"", ""weight"": 0.8, ""strength"": 1.0, ""contribution"": 0.1143}, {""key"": ""htf_bias"", ""weight"": 1.0, ""strength"": 0.6, ""contribution"": 0.0857}, {""key"": ""fuel"", ""note"": ""excluded: oi unavailable"", ""weight"": 0.0, ""excluded_weight"": 1.5}, {""key"": ""cleared"", ""note"": ""excluded: oi unavailable"", ""weight"": 0.0, ""excluded_weight"": 1.2}, {""key"": ""delta_flip"", ""note"": ""excluded: taker unavailable"", ""weight"": 0.0, ""excluded_weight"": 1.5}, {""key"": ""absorption"", ""note"": ""excluded: taker unavailable"", ""weight"": 0.0, ""excluded_weight"": 1.0}, {""key"": ""cohort"", ""note"": ""excluded: cohort unavailable"", ""weight"": 0.0, ""excluded_weight"": 1.0}]"
M1,BTC,adverse,2026-08-14 15:00:05,4h_ob_bottom,62502.1,long,62617.6,2026-08-14 15:00:00,62463.254523620875,62658.8,2026-08-14 15:40:00,62974.4,target,1.3718583852752513,0.5532,half,"[{""key"": ""location"", ""weight"": 2.0, ""strength"": 1.0, ""contribution"": 0.2062}, {""key"": ""reclaim"", ""weight"": 2.0, ""strength"": 0.2753, ""contribution"": 0.0568}, {""key"": ""fuel"", ""weight"": 1.5, ""strength"": 0.0534, ""contribution"": 0.0083}, {""key"": ""cleared"", ""weight"": 1.2, ""strength"": 0.1995, ""contribution"": 0.0247}, {""key"": ""discount"", ""weight"": 1.2, ""strength"": 0.6368, ""contribution"": 0.0788}, {""key"": ""session"", ""weight"": 0.8, ""strength"": 1.0, ""contribution"": 0.0825}, {""key"": ""htf_bias"", ""weight"": 1.0, ""strength"": 0.0, ""contribution"": 0.0}, {""key"": ""delta_flip"", ""note"": ""excluded: taker unavailable"", ""weight"": 0.0, ""excluded_weight"": 1.5}, {""key"": ""absorption"", ""note"": ""excluded: taker unavailable"", ""weight"": 0.0, ""excluded_weight"": 1.0}, {""key"": ""cohort"", ""note"": ""excluded: cohort unavailable"", ""weight"": 0.0, ""excluded_weight"": 1.0}]"
M1,BTC,adverse,2026-08-24 07:30:05,asia_high,77728.4,short,77475.6,2026-08-24 09:35:00,77829.7064657867,77442.3,2026-08-24 09:35:00,77475.6,stop_be,-0.12263873095644331,0.6531,half,"[{""key"": ""location"", ""weight"": 2.0, ""strength"": 0.6, ""contribution"": 0.1237}, {""key"": ""reclaim"", ""weight"": 2.0, ""strength"": 0.8702, ""contribution"": 0.1794}, {""key"": ""fuel"", ""weight"": 1.5, ""strength"": 0.0026, ""contribution"": 0.0004}, {""key"": ""cleared"", ""weight"": 1.2, ""strength"": 0.0, ""contribution"": 0.0}, {""key"": ""discount"", ""weight"": 1.2, ""strength"": 0.9929, ""contribution"": 0.1228}, {""key"": ""session"", ""weight"": 0.8, ""strength"": 1.0, ""contribution"": 0.0825}, {""key"": ""htf_bias"", ""weight"": 1.0, ""strength"": 0.3, ""contribution"": 0.0309}, {""key"": ""delta_flip"", ""note"": ""excluded: taker unavailable"", ""weight"": 0.0, ""excluded_weight"": 1.5}, {""key"": ""absorption"", ""note"": ""excluded: taker unavailable"", ""weight"": 0.0, ""excluded_weight"": 1.0}, {""key"": ""cohort"", ""note"": ""excluded: cohort unavailable"", ""weight"": 0.0, ""excluded_weight"": 1.0}]"
M1,ETH,adverse,2026-03-11 07:45:05,equal_lows_4h,2007.885,long,2012.59,2026-03-11 07:45:00,2004.723825364845,2024.4017619527328,2026-03-11 11:45:00,2020.32,time_stop,1.066405735414186,1.0436,full,"[{""key"": ""location"", ""weight"": 2.0, ""strength"": 1.0, ""contribution"": 0.2857}, {""key"": ""reclaim"", ""weight"": 2.0, ""strength"": 0.5553, ""contribution"": 0.1586}, {""key"": ""discount"", ""weight"": 1.2, ""strength"": 0.9392, ""contribution"": 0.161}, {""key"": ""session"", ""weight"": 0.8, ""strength"": 1.0, ""contribution"": 0.1143}, {""key"": ""htf_bias"", ""weight"": 1.0, ""strength"": 1.0, ""contribution"": 0.1429}, {""key"": ""fuel"", ""note"": ""excluded: oi unavailable"", ""weight"": 0.0, ""excluded_weight"": 1.5}, {""key"": ""cleared"", ""note"": ""excluded: oi unavailable"", ""weight"": 0.0, ""excluded_weight"": 1.2}, {""key"": ""delta_flip"", ""note"": ""excluded: taker unavailable"", ""weight"": 0.0, ""excluded_weight"": 1.5}, {""key"": ""absorption"", ""note"": ""excluded: taker unavailable"", ""weight"": 0.0, ""excluded_weight"": 1.0}, {""key"": ""cohort"", ""note"": ""excluded: cohort unavailable"", ""weight"": 0.0, ""excluded_weight"": 1.0}]"
M1,ETH,adverse,2026-03-11 17:30:05,4h_ob_top,2082.88,short,2077.51,2026-03-11 17:30:00,2087.12822427737,2063.0826635839458,2026-03-11 18:50:00,2077.51,stop_be,0.4964113196903339,0.8443,full,"[{""key"": ""location"", ""weight"": 2.0, ""strength"": 1.0, ""contribution"": 0.2857}, {""key"": ""reclaim"", ""weight"": 2.0, ""strength"": 0.7955, ""contribution"": 0.2273}, {""key"": ""discount"", ""weight"": 1.2, ""strength"": 0.8351, ""contribution"": 0.1432}, {""key"": ""session"", ""weight"": 0.8, ""strength"": 0.6, ""contribution"": 0.0686}, {""key"": ""htf_bias"", ""weight"": 1.0, ""strength"": 0.3, ""contribution"": 0.0429}, {""key"": ""fuel"", ""note"": ""excluded: oi unavailable"", ""weight"": 0.0, ""excluded_weight"": 1.5}, {""key"": ""cleared"", ""note"": ""excluded: oi unavailable"", ""weight"": 0.0, ""excluded_weight"": 1.2}, {""key"": ""delta_flip"", ""note"": ""excluded: taker unavailable"", ""weight"": 0.0, ""excluded_weight"": 1.5}, {""key"": ""absorption"", ""note"": ""excluded: taker unavailable"", ""weight"": 0.0, ""excluded_weight"": 1.0}, {""key"": ""cohort"", ""note"": ""excluded: cohort unavailable"", ""weight"": 0.0, ""excluded_weight"": 1.0}]"
M1,ETH,adverse,2026-03-13 13:00:05,equal_highs_4h,2149.4875,short,2141.6,2026-03-13 13:00:00,2156.3412734652825,2119.5005898020754,2026-03-13 13:05:00,2156.34,stop,-1.0879000744502298,0.8884,full,"[{""key"": ""location"", ""weight"": 2.0, ""strength"": 1.0, ""contribution"": 0.2857}, {""key"": ""reclaim"", ""weight"": 2.0, ""strength"": 0.595, ""contribution"": 0.17}, {""key"": ""discount"", ""weight"": 1.2, ""strength"": 0.958, ""contribution"": 0.1642}, {""key"": ""session"", ""weight"": 0.8, ""strength"": 1.0, ""contribution"": 0.1143}, {""key"": ""htf_bias"", ""weight"": 1.0, ""strength"": 0.0, ""contribution"": 0.0}, {""key"": ""fuel"", ""note"": ""excluded: oi unavailable"", ""weight"": 0.0, ""excluded_weight"": 1.5}, {""key"": ""cleared"", ""note"": ""excluded: oi unavailable"", ""weight"": 0.0, ""excluded_weight"": 1.2}, {""key"": ""delta_flip"", ""note"": ""excluded: taker unavailable"", ""weight"": 0.0, ""excluded_weight"": 1.5}, {""key"": ""absorption"", ""note"": ""excluded: taker unavailable"", ""weight"": 0.0, ""excluded_weight"": 1.0}, {""key"": ""cohort"", ""note"": ""excluded: cohort unavailable"", ""weight"": 0.0, ""excluded_weight"": 1.0}]"
M1,ETH,adverse,2026-03-13 13:30:05,pwh,2199.47,short,2177.1,2026-03-13 13:30:00,2207.733335283841,2154.74,2026-03-13 14:20:00,2207.73,stop,-1.0431531196165444,0.766,full,"[{""key"": ""location"", ""weight"": 2.0, ""strength"": 1.0, ""contribution"": 0.2857}, {""key"": ""reclaim"", ""weight"": 2.0, ""strength"": 0.3288, ""contribution"": 0.0939}, {""key"": ""discount"", ""weight"": 1.2, ""strength"": 0.8113, ""contribution"": 0.1391}, {""key"": ""session"", ""weight"": 0.8, ""strength"": 1.0, ""contribution"": 0.1143}, {""key"": ""htf_bias"", ""weight"": 1.0, ""strength"": 0.0, ""contribution"": 0.0}, {""key"": ""fuel"", ""note"": ""excluded: oi unavailable"", ""weight"": 0.0, ""excluded_weight"": 1.5}, {""key"": ""cleared"", ""note"": ""excluded: oi unavailable"", ""weight"": 0.0, ""excluded_weight"": 1.2}, {""key"": ""delta_flip"", ""note"": ""excluded: taker unavailable"", ""weight"": 0.0, ""excluded_weight"": 1.5}, {""key"": ""absorption"", ""note"": ""excluded: taker unavailable"", ""weight"": 0.0, ""excluded_weight"": 1.0}, {""key"": ""cohort"", ""note"": ""excluded: cohort unavailable"", ""weight"": 0.0, ""excluded_weight"": 1.0}]"
M1,ETH,adverse,2026-03-18 11:30:05,pdl,2292.57,long,2303.72,2026-03-18 11:30:00,2290.0781739828026,2305.6,2026-03-18 11:35:00,2290.08,stop,-1.1007392984685642,0.9718,full,"[{""key"": ""location"", ""weight"": 2.0, ""strength"": 0.8, ""contribution"": 0.2286}, {""key"": ""reclaim"", ""weight"": 2.0, ""strength"": 0.9816, ""contribution"": 0.2805}, {""key"": ""discount"", ""weight"": 1.2, ""strength"": 0.9507, ""contribution"": 0.163}, {""key"": ""session"", ""weight"": 0.8, ""strength"": 0.6, ""contribution"": 0.0686}, {""key"": ""htf_bias"", ""weight"": 1.0, ""strength"": 1.0, ""contribution"": 0.1429}, {""key"": ""fuel"", ""note"": ""excluded: oi unavailable"", ""weight"": 0.0, ""excluded_weight"": 1.5}, {""key"": ""cleared"", ""note"": ""excluded: oi unavailable"", ""weight"": 0.0, ""excluded_weight"": 1.2}, {""key"": ""delta_flip"", ""note"": ""excluded: taker unavailable"", ""weight"": 0.0, ""excluded_weight"": 1.5}, {""key"": ""absorption"", ""note"": ""excluded: taker unavailable"", ""weight"": 0.0, ""excluded_weight"": 1.0}, {""key"": ""cohort"", ""note"": ""excluded: cohort unavailable"", ""weight"": 0.0, ""excluded_weight"": 1.0}]"
M1,ETH,adverse,2026-03-19 13:15:05,4h_fvg_bottom,2117.62,long,2125.7,2026-03-19 13:15:00,2114.300938873422,2128.45,2026-03-19 13:20:00,2114.3,stop,-1.1115204892145507,0.8044,full,"[{""key"": ""location"", ""weight"": 2.0, ""strength"": 1.0, ""contribution"": 0.2857}, {""key"": ""reclaim"", ""weight"": 2.0, ""strength"": 0.6792, ""contribution"": 0.194}, {""key"": ""discount"", ""weight"": 1.2, ""strength"": 0.5491, ""contribution"": 0.0941}, {""key"": ""session"", ""weight"": 0.8, ""strength"": 1.0, ""contribution"": 0.1143}, {""key"": ""htf_bias"", ""weight"": 1.0, ""strength"": 1.0, ""contribution"": 0.1429}, {""key"": ""fuel"", ""note"": ""excluded: oi unavailable"", ""weight"": 0.0, ""excluded_weight"": 1.5}, {""key"": ""cleared"", ""note"": ""excluded: oi unavailable"", ""weight"": 0.0, ""excluded_weight"": 1.2}, {""key"": ""delta_flip"", ""note"": ""excluded: taker unavailable"", ""weight"": 0.0, ""excluded_weight"": 1.5}, {""key"": ""absorption"", ""note"": ""excluded: taker unavailable"", ""weight"": 0.0, ""excluded_weight"": 1.0}, {""key"": ""cohort"", ""note"": ""excluded: cohort unavailable"", ""weight"": 0.0, ""excluded_weight"": 1.0}]"
M1,ETH,adverse,2026-03-24 08:00:05,equal_highs_4h,2165.2650000000003,short,2160.8,2026-03-24 08:00:00,2171.374749743082,2155.36,2026-03-24 08:35:00,2160.8,stop_be,0.10772287077008992,0.6164,half,"[{""key"": ""location"", ""weight"": 2.0, ""strength"": 1.0, ""contribution"": 0.2857}, {""key"": ""reclaim"", ""weight"": 2.0, ""strength"": 0.3132, ""contribution"": 0.0895}, {""key"": ""discount"", ""weight"": 1.2, ""strength"": 0.6092, ""contribution"": 0.1044}, {""key"": ""session"", ""weight"": 0.8, ""strength"": 1.0, ""contribution"": 0.1143}, {""key"": ""htf_bias"", ""weight"": 1.0, ""strength"": 0.3, ""contribution"": 0.0429}, {""key"": ""fuel"", ""note"": ""excluded: oi unavailable"", ""weight"": 0.0, ""excluded_weight"": 1.5}, {""key"": ""cleared"", ""note"": ""excluded: oi unavailable"", ""weight"": 0.0, ""excluded_weight"": 1.2}, {""key"": ""delta_flip"", ""note"": ""excluded: taker unavailable"", ""weight"": 0.0, ""excluded_weight"": 1.5}, {""key"": ""absorption"", ""note"": ""excluded: taker unavailable"", ""weight"": 0.0, ""excluded_weight"": 1.0}, {""key"": ""cohort"", ""note"": ""excluded: cohort unavailable"", ""weight"": 0.0, ""excluded_weight"": 1.0}]"
M1,ETH,adverse,2026-03-25 11:30:05,equal_highs_1h,2192.265,short,2190.25,2026-03-25 11:30:00,2195.8562206694046,2181.828168995893,2026-03-25 11:35:00,2195.86,stop,-1.234432738988143,0.743,full,"[{""key"": ""location"", ""weight"": 2.0, ""strength"": 0.8, ""contribution"": 0.2286}, {""key"": ""reclaim"", ""weight"": 2.0, ""strength"": 0.6639, ""contribution"": 0.1897}, {""key"": ""discount"", ""weight"": 1.2, ""strength"": 0.8503, ""contribution"": 0.1458}, {""key"": ""session"", ""weight"": 0.8, ""strength"": 0.6, ""contribution"": 0.0686}, {""key"": ""htf_bias"", ""weight"": 1.0, ""strength"": 0.3, ""contribution"": 0.0429}, {""key"": ""fuel"", ""note"": ""excluded: oi unavailable"", ""weight"": 0.0, ""excluded_weight"": 1.5}, {""key"": ""cleared"", ""note"": ""excluded: oi unavailable"", ""weight"": 0.0, ""excluded_weight"": 1.2}, {""key"": ""delta_flip"", ""note"": ""excluded: taker unavailable"", ""weight"": 0.0, ""excluded_weight"": 1.5}, {""key"": ""absorption"", ""note"": ""excluded: taker unavailable"", ""weight"": 0.0, ""excluded_weight"": 1.0}, {""key"": ""cohort"", ""note"": ""excluded: cohort unavailable"", ""weight"": 0.0, ""excluded_weight"": 1.0}]"
M1,ETH,adverse,2026-03-27 10:45:05,equal_lows_4h,2007.2233333333334,long,2022.69,2026-03-27 10:45:00,2000.5532535214172,2033.22,2026-03-27 10:50:00,2000.55,stop,-1.054282281778437,1.0275,full,"[{""key"": ""location"", ""weight"": 2.0, ""strength"": 1.0, ""contribution"": 0.2857}, {""key"": ""reclaim"", ""weight"": 2.0, ""strength"": 0.9535, ""contribution"": 0.2724}, {""key"": ""discount"", ""weight"": 1.2, ""strength"": 0.9596, ""contribution"": 0.1645}, {""key"": ""session"", ""weight"": 0.8, ""strength"": 0.6, ""contribution"": 0.0686}, {""key"": ""htf_bias"", ""weight"": 1.0, ""strength"": 1.0, ""contribution"": 0.1429}, {""key"": ""fuel"", ""note"": ""excluded: oi unavailable"", ""weight"": 0.0, ""excluded_weight"": 1.5}, {""key"": ""cleared"", ""note"": ""excluded: oi unavailable"", ""weight"": 0.0, ""excluded_weight"": 1.2}, {""key"": ""delta_flip"", ""note"": ""excluded: taker unavailable"", ""weight"": 0.0, ""excluded_weight"": 1.5}, {""key"": ""absorption"", ""note"": ""excluded: taker unavailable"", ""weight"": 0.0, ""excluded_weight"": 1.0}, {""key"": ""cohort"", ""note"": ""excluded: cohort unavailable"", ""weight"": 0.0, ""excluded_weight"": 1.0}]"
M1,ETH,adverse,2026-03-28 08:00:05,asia_high,2006.09,short,2005.23,2026-03-28 08:00:00,2008.244123934223,2000.7088140986657,2026-03-28 12:00:00,1996.41,time_stop,2.0372807375191697,0.718,full,"[{""key"": ""location"", ""weight"": 2.0, ""strength"": 0.6, ""contribution"": 0.1714}, {""key"": ""reclaim"", ""weight"": 2.0, ""strength"": 0.3281, ""contribution"": 0.0937}, {""key"": ""discount"", ""weight"": 1.2, ""strength"": 0.748, ""contribution"": 0.1282}, {""key"": ""session"", ""weight"": 0.8, ""strength"": 1.0, ""contribution"": 0.1143}, {""key"": ""htf_bias"", ""weight"": 1.0, ""strength"": 0.6, ""contribution"": 0.0857}, {""key"": ""fuel"", ""note"": ""excluded: oi unavailable"", ""weight"": 0.0, ""excluded_weight"": 1.5}, {""key"": ""cleared"", ""note"": ""excluded: oi unavailable"", ""weight"": 0.0, ""excluded_weight"": 1.2}, {""key"": ""delta_flip"", ""note"": ""excluded: taker unavailable"", ""weight"": 0.0, ""excluded_weight"": 1.5}, {""key"": ""absorption"", ""note"": ""excluded: taker unavailable"", ""weight"": 0.0, ""excluded_weight"": 1.0}, {""key"": ""cohort"", ""note"": ""excluded: cohort unavailable"", ""weight"": 0.0, ""excluded_weight"": 1.0}]"
M1,ETH,adverse,2026-03-30 08:00:05,4h_ob_top,2064.95,short,2055.18,2026-03-30 08:00:00,2069.2408025775276,2040.5,2026-03-30 08:35:00,2069.24,stop,-1.0877043748959976,0.9532,full,"[{""key"": ""location"", ""weight"": 2.0, ""strength"": 1.0, ""contribution"": 0.2857}, {""key"": ""reclaim"", ""weight"": 2.0, ""strength"": 0.5718, ""contribution"": 0.1634}, {""key"": ""discount"", ""weight"": 1.2, ""strength"": 0.8091, ""contribution"": 0.1387}, {""key"": ""session"", ""weight"": 0.8, ""strength"": 1.0, ""contribution"": 0.1143}, {""key"": ""htf_bias"", ""weight"": 1.0, ""strength"": 0.6, ""contribution"": 0.0857}, {""key"": ""fuel"", ""note"": ""excluded: oi unavailable"", ""weight"": 0.0, ""excluded_weight"": 1.5}, {""key"": ""cleared"", ""note"": ""excluded: oi unavailable"", ""weight"": 0.0, ""excluded_weight"": 1.2}, {""key"": ""delta_flip"", ""note"": ""excluded: taker unavailable"", ""weight"": 0.0, ""excluded_weight"": 1.5}, {""key"": ""absorption"", ""note"": ""excluded: taker unavailable"", ""weight"": 0.0, ""excluded_weight"": 1.0}, {""key"": ""cohort"", ""note"": ""excluded: cohort unavailable"", ""weight"": 0.0, ""excluded_weight"": 1.0}]"
M1,ETH,adverse,2026-03-31 10:00:05,equal_lows_1h,2013.58,long,2020.48,2026-03-31 10:00:00,2009.731830957185,2025.69,2026-03-31 10:35:00,2020.48,stop_be,0.10358406861875012,0.8582,full,"[{""key"": ""location"", ""weight"": 2.0, ""strength"": 1.0, ""contribution"": 0.2857}, {""key"": ""reclaim"", ""weight"": 2.0, ""strength"": 0.673, ""contribution"": 0.1923}, {""key"": ""discount"", ""weight"": 1.2, ""strength"": 0.8627, ""contribution"": 0.1479}, {""key"": ""session"", ""weight"": 0.8, ""strength"": 0.6, ""contribution"": 0.0686}, {""key"": ""htf_bias"", ""weight"": 1.0, ""strength"": 0.6, ""contribution"": 0.0857}, {""key"": ""fuel"", ""note"": ""excluded: oi unavailable"", ""weight"": 0.0, ""excluded_weight"": 1.5}, {""key"": ""cleared"", ""note"": ""excluded: oi unavailable"", ""weight"": 0.0, ""excluded_weight"": 1.2}, {""key"": ""delta_flip"", ""note"": ""excluded: taker unavailable"", ""weight"": 0.0, ""excluded_weight"": 1.5}, {""key"": ""absorption"", ""note"": ""excluded: taker unavailable"", ""weight"": 0.0, ""excluded_weight"": 1.0}, {""key"": ""cohort"", ""note"": ""excluded: cohort unavailable"", ""weight"": 0.0, ""excluded_weight"": 1.0}]"
M1,ETH,adverse,2026-03-31 14:30:05,equal_highs_4h,2088.394,short,2084.74,2026-03-31 14:30:00,2093.245579876435,2075.3799999999997,2026-03-31 16:35:00,2084.74,stop_be,0.32259839303867266,0.698,half,"[{""key"": ""location"", ""weight"": 2.0, ""strength"": 1.0, ""contribution"": 0.2857}, {""key"": ""reclaim"", ""weight"": 2.0, ""strength"": 0.3333, ""contribution"": 0.0952}, {""key"": ""discount"", ""weight"": 1.2, ""strength"": 0.8172, ""contribution"": 0.1401}, {""key"": ""session"", ""weight"": 0.8, ""strength"": 1.0, ""contribution"": 0.1143}, {""key"": ""htf_bias"", ""weight"": 1.0, ""strength"": 0.6, ""contribution"": 0.0857}, {""key"": ""fuel"", ""note"": ""excluded: oi unavailable"", ""weight"": 0.0, ""excluded_weight"": 1.5}, {""key"": ""cleared"", ""note"": ""excluded: oi unavailable"", ""weight"": 0.0, ""excluded_weight"": 1.2}, {""key"": ""delta_flip"", ""note"": ""excluded: taker unavailable"", ""weight"": 0.0, ""excluded_weight"": 1.5}, {""key"": ""absorption"", ""note"": ""excluded: taker unavailable"", ""weight"": 0.0, ""excluded_weight"": 1.0}, {""key"": ""cohort"", ""note"": ""excluded: cohort unavailable"", ""weight"": 0.0, ""excluded_weight"": 1.0}]"
M1,ETH,adverse,2026-04-05 07:15:05,equal_lows_4h,2039.3049999999998,long,2039.41,2026-04-05 07:20:00,2036.5457860165775,2041.58,2026-04-05 07:35:00,2036.55,stop,-1.4252981877849242,0.8568,full,"[{""key"": ""location"", ""weight"": 2.0, ""strength"": 1.0, ""contribution"": 0.2857}, {""key"": ""reclaim"", ""weight"": 2.0, ""strength"": 0.9585, ""contribution"": 0.2739}, {""key"": ""discount"", ""weight"": 1.2, ""strength"": 0.9824, ""contribution"": 0.1684}, {""key"": ""session"", ""weight"": 0.8, ""strength"": 1.0, ""contribution"": 0.1143}, {""key"": ""htf_bias"", ""weight"": 1.0, ""strength"": 0.3, ""contribution"": 0.0429}, {""key"": ""fuel"", ""note"": ""excluded: oi unavailable"", ""weight"": 0.0, ""excluded_weight"": 1.5}, {""key"": ""cleared"", ""note"": ""excluded: oi unavailable"", ""weight"": 0.0, ""excluded_weight"": 1.2}, {""key"": ""delta_flip"", ""note"": ""excluded: taker unavailable"", ""weight"": 0.0, ""excluded_weight"": 1.5}, {""key"": ""absorption"", ""note"": ""excluded: taker unavailable"", ""weight"": 0.0, ""excluded_weight"": 1.0}, {""key"": ""cohort"", ""note"": ""excluded: cohort unavailable"", ""weight"": 0.0, ""excluded_weight"": 1.0}]"
M1,ETH,adverse,2026-04-07 11:00:05,pdl,2086.29,long,2092.0,2026-04-07 11:00:00,2083.7331168176775,2104.4128247734843,2026-04-07 11:05:00,2083.73,stop,-1.151065397096971,0.6463,half,"[{""key"": ""location"", ""weight"": 2.0, ""strength"": 1.0, ""contribution"": 0.2857}, {""key"": ""reclaim"", ""weight"": 2.0, ""strength"": 0.7578, ""contribution"": 0.2165}, {""key"": ""discount"", ""weight"": 1.2, ""strength"": 0.9546, ""contribution"": 0.1636}, {""key"": ""session"", ""weight"": 0.8, ""strength"": 0.6, ""contribution"": 0.0686}, {""key"": ""htf_bias"", ""weight"": 1.0, ""strength"": 0.0, ""contribution"": 0.0}, {""key"": ""fuel"", ""note"": ""excluded: oi unavailable"", ""weight"": 0.0, ""excluded_weight"": 1.5}, {""key"": ""cleared"", ""note"": ""excluded: oi unavailable"", ""weight"": 0.0, ""excluded_weight"": 1.2}, {""key"": ""delta_flip"", ""note"": ""excluded: taker unavailable"", ""weight"": 0.0, ""excluded_weight"": 1.5}, {""key"": ""absorption"", ""note"": ""excluded: taker unavailable"", ""weight"": 0.0, ""excluded_weight"": 1.0}, {""key"": ""cohort"", ""note"": ""excluded: cohort unavailable"", ""weight"": 0.0, ""excluded_weight"": 1.0}]"
M1,ETH,adverse,2026-04-11 18:45:05,4h_fvg_top,2310.07,short,2287.38,2026-04-11 18:45:00,2314.413099197528,2271.325,2026-04-11 19:05:00,2314.41,stop,-1.0509093591385879,0.5591,half,"[{""key"": ""location"", ""weight"": 2.0, ""strength"": 1.0, ""contribution"": 0.2857}, {""key"": ""reclaim"", ""weight"": 2.0, ""strength"": 0.6206, ""contribution"": 0.1773}, {""key"": ""discount"", ""weight"": 1.2, ""strength"": 0.1051, ""contribution"": 0.018}, {""key"": ""session"", ""weight"": 0.8, ""strength"": 0.6, ""contribution"": 0.0686}, {""key"": ""htf_bias"", ""weight"": 1.0, ""strength"": 0.6, ""contribution"": 0.0857}, {""key"": ""fuel"", ""note"": ""excluded: oi unavailable"", ""weight"": 0.0, ""excluded_weight"": 1.5}, {""key"": ""cleared"", ""note"": ""excluded: oi unavailable"", ""weight"": 0.0, ""excluded_weight"": 1.2}, {""key"": ""delta_flip"", ""note"": ""excluded: taker unavailable"", ""weight"": 0.0, ""excluded_weight"": 1.5}, {""key"": ""absorption"", ""note"": ""excluded: taker unavailable"", ""weight"": 0.0, ""excluded_weight"": 1.0}, {""key"": ""cohort"", ""note"": ""excluded: cohort unavailable"", ""weight"": 0.0, ""excluded_weight"": 1.0}]"
M1,ETH,adverse,2026-04-12 14:00:05,london_low,2185.26,long,2186.67,2026-04-12 14:00:00,2181.958544580486,2193.724683129271,2026-04-12 14:35:00,2181.96,stop,-1.2790692704833226,0.5723,half,"[{""key"": ""location"", ""weight"": 2.0, ""strength"": 0.6, ""contribution"": 0.1714}, {""key"": ""reclaim"", ""weight"": 2.0, ""strength"": 0.262, ""contribution"": 0.0748}, {""key"": ""discount"", ""weight"": 1.2, ""strength"": 0.8454, ""contribution"": 0.1449}, {""key"": ""session"", ""weight"": 0.8, ""strength"": 1.0, ""contribution"": 0.1143}, {""key"": ""htf_bias"", ""weight"": 1.0, ""strength"": 0.6, ""contribution"": 0.0857}, {""key"": ""fuel"", ""note"": ""excluded: oi unavailable"", ""weight"": 0.0, ""excluded_weight"": 1.5}, {""key"": ""cleared"", ""note"": ""excluded: oi unavailable"", ""weight"": 0.0, ""excluded_weight"": 1.2}, {""key"": ""delta_flip"", ""note"": ""excluded: taker unavailable"", ""weight"": 0.0, ""excluded_weight"": 1.5}, {""key"": ""absorption"", ""note"": ""excluded: taker unavailable"", ""weight"": 0.0, ""excluded_weight"": 1.0}, {""key"": ""cohort"", ""note"": ""excluded: cohort unavailable"", ""weight"": 0.0, ""excluded_weight"": 1.0}]"
M1,ETH,adverse,2026-04-13 09:00:05,asia_low,2181.02,long,2182.16,,2177.711287907601,2188.833068138598,2026-04-13 09:45:05,,cancelled:entry_expired_no_fvg,,0.6155,half,"[{""key"": ""location"", ""weight"": 2.0, ""strength"": 0.6, ""contribution"": 0.1714}, {""key"": ""reclaim"", ""weight"": 2.0, ""strength"": 0.6299, ""contribution"": 0.18}, {""key"": ""discount"", ""weight"": 1.2, ""strength"": 0.4926, ""contribution"": 0.0844}, {""key"": ""session"", ""weight"": 0.8, ""strength"": 1.0, ""contribution"": 0.1143}, {""key"": ""htf_bias"", ""weight"": 1.0, ""strength"": 0.6, ""contribution"": 0.0857}, {""key"": ""fuel"", ""note"": ""excluded: oi unavailable"", ""weight"": 0.0, ""excluded_weight"": 1.5}, {""key"": ""cleared"", ""note"": ""excluded: oi unavailable"", ""weight"": 0.0, ""excluded_weight"": 1.2}, {""key"": ""delta_flip"", ""note"": ""excluded: taker unavailable"", ""weight"": 0.0, ""excluded_weight"": 1.5}, {""key"": ""absorption"", ""note"": ""excluded: taker unavailable"", ""weight"": 0.0, ""excluded_weight"": 1.0}, {""key"": ""cohort"", ""note"": ""excluded: cohort unavailable"", ""weight"": 0.0, ""excluded_weight"": 1.0}]"
M1,ETH,adverse,2026-04-17 13:00:05,equal_highs_1h,2378.286666666667,short,2367.94,2026-04-17 13:00:00,2383.162884804058,2349.85,2026-04-17 13:05:00,2383.16,stop,-1.0932321339575142,0.6566,half,"[{""key"": ""location"", ""weight"": 2.0, ""strength"": 0.8, ""contribution"": 0.2286}, {""key"": ""reclaim"", ""weight"": 2.0, ""strength"": 0.4382, ""contribution"": 0.1252}, {""key"": ""discount"", ""weight"": 1.2, ""strength"": 0.7264, ""contribution"": 0.1245}, {""key"": ""session"", ""weight"": 0.8, ""strength"": 1.0, ""contribution"": 0.1143}, {""key"": ""htf_bias"", ""weight"": 1.0, ""strength"": 0.6, ""contribution"": 0.0857}, {""key"": ""fuel"", ""note"": ""excluded: oi unavailable"", ""weight"": 0.0, ""excluded_weight"": 1.5}, {""key"": ""cleared"", ""note"": ""excluded: oi unavailable"", ""weight"": 0.0, ""excluded_weight"": 1.2}, {""key"": ""delta_flip"", ""note"": ""excluded: taker unavailable"", ""weight"": 0.0, ""excluded_weight"": 1.5}, {""key"": ""absorption"", ""note"": ""excluded: taker unavailable"", ""weight"": 0.0, ""excluded_weight"": 1.0}, {""key"": ""cohort"", ""note"": ""excluded: cohort unavailable"", ""weight"": 0.0, ""excluded_weight"": 1.0}]"
M1,ETH,adverse,2026-04-19 07:15:05,asia_low,2319.5,long,2321.56,2026-04-19 07:15:00,2315.9614764540843,2326.09,2026-04-19 07:20:00,2315.96,stop,-1.2486177726445595,0.7344,full,"[{""key"": ""location"", ""weight"": 2.0, ""strength"": 0.6, ""contribution"": 0.1714}, {""key"": ""reclaim"", ""weight"": 2.0, ""strength"": 0.7991, ""contribution"": 0.2283}, {""key"": ""discount"", ""weight"": 1.2, ""strength"": 0.9268, ""contribution"": 0.1589}, {""key"": ""session"", ""weight"": 0.8, ""strength"": 1.0, ""contribution"": 0.1143}, {""key"": ""htf_bias"", ""weight"": 1.0, ""strength"": 0.6, ""contribution"": 0.0857}, {""key"": ""fuel"", ""note"": ""excluded: oi unavailable"", ""weight"": 0.0, ""excluded_weight"": 1.5}, {""key"": ""cleared"", ""note"": ""excluded: oi unavailable"", ""weight"": 0.0, ""excluded_weight"": 1.2}, {""key"": ""delta_flip"", ""note"": ""excluded: taker unavailable"", ""weight"": 0.0, ""excluded_weight"": 1.5}, {""key"": ""absorption"", ""note"": ""excluded: taker unavailable"", ""weight"": 0.0, ""excluded_weight"": 1.0}, {""key"": ""cohort"", ""note"": ""excluded: cohort unavailable"", ""weight"": 0.0, ""excluded_weight"": 1.0}]"
M1,ETH,adverse,2026-04-21 15:00:05,asia_low,2297.51,long,2307.42,2026-04-21 15:00:00,2291.5227982157767,2312.59,2026-04-21 15:05:00,2291.52,stop,-1.0871556524755326,0.6394,half,"[{""key"": ""location"", ""weight"": 2.0, ""strength"": 0.6, ""contribution"": 0.1714}, {""key"": ""reclaim"", ""weight"": 2.0, ""strength"": 1.0, ""contribution"": 0.2857}, {""key"": ""discount"", ""weight"": 1.2, ""strength"": 0.0197, ""contribution"": 0.0034}, {""key"": ""session"", ""weight"": 0.8, ""strength"": 1.0, ""contribution"": 0.1143}, {""key"": ""htf_bias"", ""weight"": 1.0, ""strength"": 0.6, ""contribution"": 0.0857}, {""key"": ""fuel"", ""note"": ""excluded: oi unavailable"", ""weight"": 0.0, ""excluded_weight"": 1.5}, {""key"": ""cleared"", ""note"": ""excluded: oi unavailable"", ""weight"": 0.0, ""excluded_weight"": 1.2}, {""key"": ""delta_flip"", ""note"": ""excluded: taker unavailable"", ""weight"": 0.0, ""excluded_weight"": 1.5}, {""key"": ""absorption"", ""note"": ""excluded: taker unavailable"", ""weight"": 0.0, ""excluded_weight"": 1.0}, {""key"": ""cohort"", ""note"": ""excluded: cohort unavailable"", ""weight"": 0.0, ""excluded_weight"": 1.0}]"
M1,ETH,adverse,2026-04-23 09:15:05,pdl,2311.41,long,2324.27,2026-04-23 09:15:00,2308.669061233259,2330.0,2026-04-23 10:05:00,2308.67,stop,-1.0885306070919185,0.5933,half,"[{""key"": ""location"", ""weight"": 2.0, ""strength"": 0.8, ""contribution"": 0.2286}, {""key"": ""reclaim"", ""weight"": 2.0, ""strength"": 0.5569, ""contribution"": 0.1591}, {""key"": ""discount"", ""weight"": 1.2, ""strength"": 0.438, ""contribution"": 0.0751}, {""key"": ""session"", ""weight"": 0.8, ""strength"": 0.6, ""contribution"": 0.0686}, {""key"": ""htf_bias"", ""weight"": 1.0, ""strength"": 1.0, ""contribution"": 0.1429}, {""key"": ""fuel"", ""note"": ""excluded: oi unavailable"", ""weight"": 0.0, ""excluded_weight"": 1.5}, {""key"": ""cleared"", ""note"": ""excluded: oi unavailable"", ""weight"": 0.0, ""excluded_weight"": 1.2}, {""key"": ""delta_flip"", ""note"": ""excluded: taker unavailable"", ""weight"": 0.0, ""excluded_weight"": 1.5}, {""key"": ""absorption"", ""note"": ""excluded: taker unavailable"", ""weight"": 0.0, ""excluded_weight"": 1.0}, {""key"": ""cohort"", ""note"": ""excluded: cohort unavailable"", ""weight"": 0.0, ""excluded_weight"": 1.0}]"
M1,ETH,adverse,2026-04-23 17:30:05,london_low,2303.9,long,2309.71,2026-04-23 17:30:00,2300.5369060303865,2323.45714095442,2026-04-23 17:35:00,2300.54,stop,-1.150915286751252,0.5604,half,"[{""key"": ""location"", ""weight"": 2.0, ""strength"": 0.6, ""contribution"": 0.1714}, {""key"": ""reclaim"", ""weight"": 2.0, ""strength"": 0.5185, ""contribution"": 0.1481}, {""key"": ""discount"", ""weight"": 1.2, ""strength"": 0.617, ""contribution"": 0.1058}, {""key"": ""session"", ""weight"": 0.8, ""strength"": 0.6, ""contribution"": 0.0686}, {""key"": ""htf_bias"", ""weight"": 1.0, ""strength"": 1.0, ""contribution"": 0.1429}, {""key"": ""fuel"", ""note"": ""excluded: oi unavailable"", ""weight"": 0.0, ""excluded_weight"": 1.5}, {""key"": ""cleared"", ""note"": ""excluded: oi unavailable"", ""weight"": 0.0, ""excluded_weight"": 1.2}, {""key"": ""delta_flip"", ""note"": ""excluded: taker unavailable"", ""weight"": 0.0, ""excluded_weight"": 1.5}, {""key"": ""absorption"", ""note"": ""excluded: taker unavailable"", ""weight"": 0.0, ""excluded_weight"": 1.0}, {""key"": ""cohort"", ""note"": ""excluded: cohort unavailable"", ""weight"": 0.0, ""excluded_weight"": 1.0}]"
M1,ETH,adverse,2026-04-23 17:45:05,equal_lows_1h,2291.915,long,,,,,,,no_trade (no open trade found),,0.6554,half,"[{""key"": ""location"", ""weight"": 2.0, ""strength"": 0.8, ""contribution"": 0.2286}, {""key"": ""reclaim"", ""weight"": 2.0, ""strength"": 0.5697, ""contribution"": 0.1628}, {""key"": ""discount"", ""weight"": 1.2, ""strength"": 0.8287, ""contribution"": 0.1421}, {""key"": ""session"", ""weight"": 0.8, ""strength"": 0.6, ""contribution"": 0.0686}, {""key"": ""htf_bias"", ""weight"": 1.0, ""strength"": 1.0, ""contribution"": 0.1429}, {""key"": ""fuel"", ""note"": ""excluded: oi unavailable"", ""weight"": 0.0, ""excluded_weight"": 1.5}, {""key"": ""cleared"", ""note"": ""excluded: oi unavailable"", ""weight"": 0.0, ""excluded_weight"": 1.2}, {""key"": ""delta_flip"", ""note"": ""excluded: taker unavailable"", ""weight"": 0.0, ""excluded_weight"": 1.5}, {""key"": ""absorption"", ""note"": ""excluded: taker unavailable"", ""weight"": 0.0, ""excluded_weight"": 1.0}, {""key"": ""cohort"", ""note"": ""excluded: cohort unavailable"", ""weight"": 0.0, ""excluded_weight"": 1.0}]"
M1,ETH,adverse,2026-04-28 13:15:05,pwl,2258.3,long,2266.59,2026-04-28 13:15:00,2254.9842966644987,2268.86,2026-04-28 13:35:00,2266.59,stop_be,-0.015511497865019574,0.8608,full,"[{""key"": ""location"", ""weight"": 2.0, ""strength"": 1.0, ""contribution"": 0.2857}, {""key"": ""reclaim"", ""weight"": 2.0, ""strength"": 0.2589, ""contribution"": 0.074}, {""key"": ""discount"", ""weight"": 1.2, ""strength"": 0.8848, ""contribution"": 0.1517}, {""key"": ""session"", ""weight"": 0.8, ""strength"": 1.0, ""contribution"": 0.1143}, {""key"": ""htf_bias"", ""weight"": 1.0, ""strength"": 0.6, ""contribution"": 0.0857}, {""key"": ""fuel"", ""note"": ""excluded: oi unavailable"", ""weight"": 0.0, ""excluded_weight"": 1.5}, {""key"": ""cleared"", ""note"": ""excluded: oi unavailable"", ""weight"": 0.0, ""excluded_weight"": 1.2}, {""key"": ""delta_flip"", ""note"": ""excluded: taker unavailable"", ""weight"": 0.0, ""excluded_weight"": 1.5}, {""key"": ""absorption"", ""note"": ""excluded: taker unavailable"", ""weight"": 0.0, ""excluded_weight"": 1.0}, {""key"": ""cohort"", ""note"": ""excluded: cohort unavailable"", ""weight"": 0.0, ""excluded_weight"": 1.0}]"
M1,ETH,adverse,2026-04-28 14:30:05,pdl,2263.88,long,2267.21,2026-04-28 14:30:00,2261.1637163745977,2276.2794254381033,2026-04-28 14:35:00,2261.16,stop,-1.2251498538504728,0.6959,half,"[{""key"": ""location"", ""weight"": 2.0, ""strength"": 0.8, ""contribution"": 0.2286}, {""key"": ""reclaim"", ""weight"": 2.0, ""strength"": 0.4692, ""contribution"": 0.1341}, {""key"": ""discount"", ""weight"": 1.2, ""strength"": 0.9119, ""contribution"": 0.1563}, {""key"": ""session"", ""weight"": 0.8, ""strength"": 1.0, ""contribution"": 0.1143}, {""key"": ""htf_bias"", ""weight"": 1.0, ""strength"": 0.6, ""contribution"": 0.0857}, {""key"": ""fuel"", ""note"": ""excluded: oi unavailable"", ""weight"": 0.0, ""excluded_weight"": 1.5}, {""key"": ""cleared"", ""note"": ""excluded: oi unavailable"", ""weight"": 0.0, ""excluded_weight"": 1.2}, {""key"": ""delta_flip"", ""note"": ""excluded: taker unavailable"", ""weight"": 0.0, ""excluded_weight"": 1.5}, {""key"": ""absorption"", ""note"": ""excluded: taker unavailable"", ""weight"": 0.0, ""excluded_weight"": 1.0}, {""key"": ""cohort"", ""note"": ""excluded: cohort unavailable"", ""weight"": 0.0, ""excluded_weight"": 1.0}]"
M1,ETH,adverse,2026-05-01 13:15:05,london_high,2311.5,short,2307.36,2026-05-01 13:15:00,2315.7202142548877,2300.05,2026-05-01 13:35:00,2315.72,stop,-1.1667178964676947,0.8284,full,"[{""key"": ""location"", ""weight"": 2.0, ""strength"": 0.6, ""contribution"": 0.1714}, {""key"": ""reclaim"", ""weight"": 2.0, ""strength"": 0.8319, ""contribution"": 0.2377}, {""key"": ""discount"", ""weight"": 1.2, ""strength"": 0.4407, ""contribution"": 0.0755}, {""key"": ""session"", ""weight"": 0.8, ""strength"": 1.0, ""contribution"": 0.1143}, {""key"": ""htf_bias"", ""weight"": 1.0, ""strength"": 0.6, ""contribution"": 0.0857}, {""key"": ""fuel"", ""note"": ""excluded: oi unavailable"", ""weight"": 0.0, ""excluded_weight"": 1.5}, {""key"": ""cleared"", ""note"": ""excluded: oi unavailable"", ""weight"": 0.0, ""excluded_weight"": 1.2}, {""key"": ""delta_flip"", ""note"": ""excluded: taker unavailable"", ""weight"": 0.0, ""excluded_weight"": 1.5}, {""key"": ""absorption"", ""note"": ""excluded: taker unavailable"", ""weight"": 0.0, ""excluded_weight"": 1.0}, {""key"": ""cohort"", ""note"": ""excluded: cohort unavailable"", ""weight"": 0.0, ""excluded_weight"": 1.0}]"
M1,ETH,adverse,2026-05-01 13:30:05,london_high,2311.5,short,,,,,,,"no_trade (trade #458 open at evaluation, its exit_ts 2026-05-01 13:35:00)",,0.599,half,"[{""key"": ""location"", ""weight"": 2.0, ""strength"": 0.6, ""contribution"": 0.1714}, {""key"": ""reclaim"", ""weight"": 2.0, ""strength"": 0.6436, ""contribution"": 0.1839}, {""key"": ""discount"", ""weight"": 1.2, ""strength"": 0.3702, ""contribution"": 0.0635}, {""key"": ""session"", ""weight"": 0.8, ""strength"": 1.0, ""contribution"": 0.1143}, {""key"": ""htf_bias"", ""weight"": 1.0, ""strength"": 0.6, ""contribution"": 0.0857}, {""key"": ""fuel"", ""note"": ""excluded: oi unavailable"", ""weight"": 0.0, ""excluded_weight"": 1.5}, {""key"": ""cleared"", ""note"": ""excluded: oi unavailable"", ""weight"": 0.0, ""excluded_weight"": 1.2}, {""key"": ""delta_flip"", ""note"": ""excluded: taker unavailable"", ""weight"": 0.0, ""excluded_weight"": 1.5}, {""key"": ""absorption"", ""note"": ""excluded: taker unavailable"", ""weight"": 0.0, ""excluded_weight"": 1.0}, {""key"": ""cohort"", ""note"": ""excluded: cohort unavailable"", ""weight"": 0.0, ""excluded_weight"": 1.0}]"
M1,ETH,adverse,2026-05-03 12:15:05,4h_ob_top,2330.57,short,2325.52,2026-05-03 12:15:00,2332.993569757392,2316.62,2026-05-03 14:30:05,2323.66,dead_trade,0.06233121134597228,0.7571,full,"[{""key"": ""location"", ""weight"": 2.0, ""strength"": 1.0, ""contribution"": 0.2857}, {""key"": ""reclaim"", ""weight"": 2.0, ""strength"": 0.8209, ""contribution"": 0.2345}, {""key"": ""discount"", ""weight"": 1.2, ""strength"": 0.58, ""contribution"": 0.0994}, {""key"": ""session"", ""weight"": 0.8, ""strength"": 0.6, ""contribution"": 0.0686}, {""key"": ""htf_bias"", ""weight"": 1.0, ""strength"": 0.0, ""contribution"": 0.0}, {""key"": ""fuel"", ""note"": ""excluded: oi unavailable"", ""weight"": 0.0, ""excluded_weight"": 1.5}, {""key"": ""cleared"", ""note"": ""excluded: oi unavailable"", ""weight"": 0.0, ""excluded_weight"": 1.2}, {""key"": ""delta_flip"", ""note"": ""excluded: taker unavailable"", ""weight"": 0.0, ""excluded_weight"": 1.5}, {""key"": ""absorption"", ""note"": ""excluded: taker unavailable"", ""weight"": 0.0, ""excluded_weight"": 1.0}, {""key"": ""cohort"", ""note"": ""excluded: cohort unavailable"", ""weight"": 0.0, ""excluded_weight"": 1.0}]"
M1,ETH,adverse,2026-05-06 09:00:05,4h_ob_top,2393.68,short,2387.33,2026-05-06 09:00:00,2397.069337530731,2379.88,2026-05-06 09:35:00,2397.07,stop,-1.1475915035014452,1.099,full,"[{""key"": ""location"", ""weight"": 2.0, ""strength"": 1.0, ""contribution"": 0.2857}, {""key"": ""reclaim"", ""weight"": 2.0, ""strength"": 0.7494, ""contribution"": 0.2141}, {""key"": ""discount"", ""weight"": 1.2, ""strength"": 0.8826, ""contribution"": 0.1513}, {""key"": ""session"", ""weight"": 0.8, ""strength"": 1.0, ""contribution"": 0.1143}, {""key"": ""htf_bias"", ""weight"": 1.0, ""strength"": 1.0, ""contribution"": 0.1429}, {""key"": ""fuel"", ""note"": ""excluded: oi unavailable"", ""weight"": 0.0, ""excluded_weight"": 1.5}, {""key"": ""cleared"", ""note"": ""excluded: oi unavailable"", ""weight"": 0.0, ""excluded_weight"": 1.2}, {""key"": ""delta_flip"", ""note"": ""excluded: taker unavailable"", ""weight"": 0.0, ""excluded_weight"": 1.5}, {""key"": ""absorption"", ""note"": ""excluded: taker unavailable"", ""weight"": 0.0, ""excluded_weight"": 1.0}, {""key"": ""cohort"", ""note"": ""excluded: cohort unavailable"", ""weight"": 0.0, ""excluded_weight"": 1.0}]"
M1,ETH,adverse,2026-05-06 16:45:05,equal_lows_1h,2352.64,long,2354.08,2026-05-06 17:20:00,2347.5619675206726,2359.47,2026-05-06 17:45:05,2352.0,thesis_failed,-0.5356696228614484,0.7124,full,"[{""key"": ""location"", ""weight"": 2.0, ""strength"": 1.0, ""contribution"": 0.2857}, {""key"": ""reclaim"", ""weight"": 2.0, ""strength"": 0.9845, ""contribution"": 0.2813}, {""key"": ""discount"", ""weight"": 1.2, ""strength"": 0.7645, ""contribution"": 0.1311}, {""key"": ""session"", ""weight"": 0.8, ""strength"": 0.6, ""contribution"": 0.0686}, {""key"": ""htf_bias"", ""weight"": 1.0, ""strength"": 0.3, ""contribution"": 0.0429}, {""key"": ""fuel"", ""note"": ""excluded: oi unavailable"", ""weight"": 0.0, ""excluded_weight"": 1.5}, {""key"": ""cleared"", ""note"": ""excluded: oi unavailable"", ""weight"": 0.0, ""excluded_weight"": 1.2}, {""key"": ""delta_flip"", ""note"": ""excluded: taker unavailable"", ""weight"": 0.0, ""excluded_weight"": 1.5}, {""key"": ""absorption"", ""note"": ""excluded: taker unavailable"", ""weight"": 0.0, ""excluded_weight"": 1.0}, {""key"": ""cohort"", ""note"": ""excluded: cohort unavailable"", ""weight"": 0.0, ""excluded_weight"": 1.0}]"
M1,ETH,adverse,2026-05-20 05:15:05,equal_highs_1h,2124.65,short,2119.48,2026-05-20 05:15:00,2127.4841360081914,2110.99,2026-05-20 05:35:00,2127.48,stop,-1.158811893064752,0.5667,half,"[{""key"": ""location"", ""weight"": 2.0, ""strength"": 0.8, ""contribution"": 0.2286}, {""key"": ""reclaim"", ""weight"": 2.0, ""strength"": 0.9577, ""contribution"": 0.2736}, {""key"": ""discount"", ""weight"": 1.2, ""strength"": 0.1273, ""contribution"": 0.0218}, {""key"": ""session"", ""weight"": 0.8, ""strength"": 0.3, ""contribution"": 0.0343}, {""key"": ""htf_bias"", ""weight"": 1.0, ""strength"": 0.6, ""contribution"": 0.0857}, {""key"": ""fuel"", ""note"": ""excluded: oi unavailable"", ""weight"": 0.0, ""excluded_weight"": 1.5}, {""key"": ""cleared"", ""note"": ""excluded: oi unavailable"", ""weight"": 0.0, ""excluded_weight"": 1.2}, {""key"": ""delta_flip"", ""note"": ""excluded: taker unavailable"", ""weight"": 0.0, ""excluded_weight"": 1.5}, {""key"": ""absorption"", ""note"": ""excluded: taker unavailable"", ""weight"": 0.0, ""excluded_weight"": 1.0}, {""key"": ""cohort"", ""note"": ""excluded: cohort unavailable"", ""weight"": 0.0, ""excluded_weight"": 1.0}]"
M1,ETH,adverse,2026-05-23 21:15:05,equal_highs_4h,2147.795,short,2124.84,,2151.6838752179965,2129.88,2026-05-23 23:30:05,,cancelled:entry_expired,,0.6422,half,"[{""key"": ""location"", ""weight"": 2.0, ""strength"": 1.0, ""contribution"": 0.2857}, {""key"": ""reclaim"", ""weight"": 2.0, ""strength"": 1.0, ""contribution"": 0.2857}, {""key"": ""discount"", ""weight"": 1.2, ""strength"": 0.632, ""contribution"": 0.1084}, {""key"": ""session"", ""weight"": 0.8, ""strength"": 0.1, ""contribution"": 0.0114}, {""key"": ""htf_bias"", ""weight"": 1.0, ""strength"": 1.0, ""contribution"": 0.1429}, {""key"": ""fuel"", ""note"": ""excluded: oi unavailable"", ""weight"": 0.0, ""excluded_weight"": 1.5}, {""key"": ""cleared"", ""note"": ""excluded: oi unavailable"", ""weight"": 0.0, ""excluded_weight"": 1.2}, {""key"": ""delta_flip"", ""note"": ""excluded: taker unavailable"", ""weight"": 0.0, ""excluded_weight"": 1.5}, {""key"": ""absorption"", ""note"": ""excluded: taker unavailable"", ""weight"": 0.0, ""excluded_weight"": 1.0}, {""key"": ""cohort"", ""note"": ""excluded: cohort unavailable"", ""weight"": 0.0, ""excluded_weight"": 1.0}]"
M1,ETH,adverse,2026-05-25 08:15:05,asia_high,2112.67,short,2113.19,2026-05-25 08:35:00,2116.563486513526,2108.12977022971,2026-05-25 08:50:00,2116.56,stop,-1.3752627975233573,0.764,full,"[{""key"": ""location"", ""weight"": 2.0, ""strength"": 0.6, ""contribution"": 0.1714}, {""key"": ""reclaim"", ""weight"": 2.0, ""strength"": 1.0, ""contribution"": 0.2857}, {""key"": ""discount"", ""weight"": 1.2, ""strength"": 0.4373, ""contribution"": 0.075}, {""key"": ""session"", ""weight"": 0.8, ""strength"": 1.0, ""contribution"": 0.1143}, {""key"": ""htf_bias"", ""weight"": 1.0, ""strength"": 1.0, ""contribution"": 0.1429}, {""key"": ""fuel"", ""note"": ""excluded: oi unavailable"", ""weight"": 0.0, ""excluded_weight"": 1.5}, {""key"": ""cleared"", ""note"": ""excluded: oi unavailable"", ""weight"": 0.0, ""excluded_weight"": 1.2}, {""key"": ""delta_flip"", ""note"": ""excluded: taker unavailable"", ""weight"": 0.0, ""excluded_weight"": 1.5}, {""key"": ""absorption"", ""note"": ""excluded: taker unavailable"", ""weight"": 0.0, ""excluded_weight"": 1.0}, {""key"": ""cohort"", ""note"": ""excluded: cohort unavailable"", ""weight"": 0.0, ""excluded_weight"": 1.0}]"
M1,ETH,adverse,2026-05-25 15:30:05,4h_ob_top,2129.65,short,2127.36,,2131.732479040555,2123.72,2026-05-25 16:15:05,,cancelled:entry_expired_no_fvg,,0.6222,half,"[{""key"": ""location"", ""weight"": 2.0, ""strength"": 1.0, ""contribution"": 0.2857}, {""key"": ""reclaim"", ""weight"": 2.0, ""strength"": 0.8759, ""contribution"": 0.2503}, {""key"": ""discount"", ""weight"": 1.2, ""strength"": 0.7955, ""contribution"": 0.1364}, {""key"": ""session"", ""weight"": 0.8, ""strength"": 0.6, ""contribution"": 0.0686}, {""key"": ""htf_bias"", ""weight"": 1.0, ""strength"": 1.0, ""contribution"": 0.1429}, {""key"": ""fuel"", ""note"": ""excluded: oi unavailable"", ""weight"": 0.0, ""excluded_weight"": 1.5}, {""key"": ""cleared"", ""note"": ""excluded: oi unavailable"", ""weight"": 0.0, ""excluded_weight"": 1.2}, {""key"": ""delta_flip"", ""note"": ""excluded: taker unavailable"", ""weight"": 0.0, ""excluded_weight"": 1.5}, {""key"": ""absorption"", ""note"": ""excluded: taker unavailable"", ""weight"": 0.0, ""excluded_weight"": 1.0}, {""key"": ""cohort"", ""note"": ""excluded: cohort unavailable"", ""weight"": 0.0, ""excluded_weight"": 1.0}]"
M1,ETH,adverse,2026-05-26 14:30:05,equal_highs_1h,2137.855,short,2133.96,2026-05-26 14:30:00,2140.8634939797957,2123.6047590303065,2026-05-26 15:55:00,2083.39,target,4.903181070542104,0.6414,half,"[{""key"": ""location"", ""weight"": 2.0, ""strength"": 1.0, ""contribution"": 0.2857}, {""key"": ""reclaim"", ""weight"": 2.0, ""strength"": 0.4101, ""contribution"": 0.1172}, {""key"": ""discount"", ""weight"": 1.2, ""strength"": 0.8481, ""contribution"": 0.1454}, {""key"": ""session"", ""weight"": 0.8, ""strength"": 1.0, ""contribution"": 0.1143}, {""key"": ""htf_bias"", ""weight"": 1.0, ""strength"": 0.0, ""contribution"": 0.0}, {""key"": ""fuel"", ""note"": ""excluded: oi unavailable"", ""weight"": 0.0, ""excluded_weight"": 1.5}, {""key"": ""cleared"", ""note"": ""excluded: oi unavailable"", ""weight"": 0.0, ""excluded_weight"": 1.2}, {""key"": ""delta_flip"", ""note"": ""excluded: taker unavailable"", ""weight"": 0.0, ""excluded_weight"": 1.5}, {""key"": ""absorption"", ""note"": ""excluded: taker unavailable"", ""weight"": 0.0, ""excluded_weight"": 1.0}, {""key"": ""cohort"", ""note"": ""excluded: cohort unavailable"", ""weight"": 0.0, ""excluded_weight"": 1.0}]"
M1,ETH,adverse,2026-05-27 14:00:05,pdl,2053.0,long,2058.51,2026-05-27 14:20:00,2049.787923752557,2071.593114371165,2026-05-27 17:05:00,2058.51,stop_be,0.4866244964148216,0.9166,full,"[{""key"": ""location"", ""weight"": 2.0, ""strength"": 0.8, ""contribution"": 0.2286}, {""key"": ""reclaim"", ""weight"": 2.0, ""strength"": 1.0, ""contribution"": 0.2857}, {""key"": ""discount"", ""weight"": 1.2, ""strength"": 0.7521, ""contribution"": 0.1289}, {""key"": ""session"", ""weight"": 0.8, ""strength"": 1.0, ""contribution"": 0.1143}, {""key"": ""htf_bias"", ""weight"": 1.0, ""strength"": 0.0, ""contribution"": 0.0}, {""key"": ""fuel"", ""note"": ""excluded: oi unavailable"", ""weight"": 0.0, ""excluded_weight"": 1.5}, {""key"": ""cleared"", ""note"": ""excluded: oi unavailable"", ""weight"": 0.0, ""excluded_weight"": 1.2}, {""key"": ""delta_flip"", ""note"": ""excluded: taker unavailable"", ""weight"": 0.0, ""excluded_weight"": 1.5}, {""key"": ""absorption"", ""note"": ""excluded: taker unavailable"", ""weight"": 0.0, ""excluded_weight"": 1.0}, {""key"": ""cohort"", ""note"": ""excluded: cohort unavailable"", ""weight"": 0.0, ""excluded_weight"": 1.0}]"
M1,ETH,adverse,2026-06-01 02:15:05,pdl,1992.84,long,1997.81,,1988.946688461711,2006.3,2026-06-01 03:00:05,,cancelled:entry_expired_no_fvg,,0.5647,half,"[{""key"": ""location"", ""weight"": 2.0, ""strength"": 0.8, ""contribution"": 0.2286}, {""key"": ""reclaim"", ""weight"": 2.0, ""strength"": 0.6948, ""contribution"": 0.1985}, {""key"": ""discount"", ""weight"": 1.2, ""strength"": 0.8017, ""contribution"": 0.1374}, {""key"": ""session"", ""weight"": 0.8, ""strength"": 0.3, ""contribution"": 0.0343}, {""key"": ""htf_bias"", ""weight"": 1.0, ""strength"": 0.3, ""contribution"": 0.0429}, {""key"": ""fuel"", ""note"": ""excluded: oi unavailable"", ""weight"": 0.0, ""excluded_weight"": 1.5}, {""key"": ""cleared"", ""note"": ""excluded: oi unavailable"", ""weight"": 0.0, ""excluded_weight"": 1.2}, {""key"": ""delta_flip"", ""note"": ""excluded: taker unavailable"", ""weight"": 0.0, ""excluded_weight"": 1.5}, {""key"": ""absorption"", ""note"": ""excluded: taker unavailable"", ""weight"": 0.0, ""excluded_weight"": 1.0}, {""key"": ""cohort"", ""note"": ""excluded: cohort unavailable"", ""weight"": 0.0, ""excluded_weight"": 1.0}]"
M1,ETH,adverse,2026-06-09 15:00:05,4h_fvg_bottom,1636.99,long,1638.99,2026-06-09 15:20:00,1631.3972869425288,1643.65,2026-06-09 15:20:00,1638.99,stop_be,0.14184721480291734,0.6903,half,"[{""key"": ""location"", ""weight"": 2.0, ""strength"": 1.0, ""contribution"": 0.2857}, {""key"": ""reclaim"", ""weight"": 2.0, ""strength"": 0.8049, ""contribution"": 0.23}, {""key"": ""discount"", ""weight"": 1.2, ""strength"": 0.2353, ""contribution"": 0.0403}, {""key"": ""session"", ""weight"": 0.8, ""strength"": 1.0, ""contribution"": 0.1143}, {""key"": ""htf_bias"", ""weight"": 1.0, ""strength"": 0.3, ""contribution"": 0.0429}, {""key"": ""fuel"", ""note"": ""excluded: oi unavailable"", ""weight"": 0.0, ""excluded_weight"": 1.5}, {""key"": ""cleared"", ""note"": ""excluded: oi unavailable"", ""weight"": 0.0, ""excluded_weight"": 1.2}, {""key"": ""delta_flip"", ""note"": ""excluded: taker unavailable"", ""weight"": 0.0, ""excluded_weight"": 1.5}, {""key"": ""absorption"", ""note"": ""excluded: taker unavailable"", ""weight"": 0.0, ""excluded_weight"": 1.0}, {""key"": ""cohort"", ""note"": ""excluded: cohort unavailable"", ""weight"": 0.0, ""excluded_weight"": 1.0}]"
M1,ETH,adverse,2026-06-12 09:45:05,asia_high,1681.84,short,1681.0,2026-06-12 09:45:00,1683.7337132762912,1676.8994300855634,2026-06-12 09:50:00,1683.73,stop,-1.3680397766783594,0.5519,half,"[{""key"": ""location"", ""weight"": 2.0, ""strength"": 0.6, ""contribution"": 0.1714}, {""key"": ""reclaim"", ""weight"": 2.0, ""strength"": 0.5445, ""contribution"": 0.1556}, {""key"": ""discount"", ""weight"": 1.2, ""strength"": 0.6194, ""contribution"": 0.1062}, {""key"": ""session"", ""weight"": 0.8, ""strength"": 0.6, ""contribution"": 0.0686}, {""key"": ""htf_bias"", ""weight"": 1.0, ""strength"": 0.0, ""contribution"": 0.0}, {""key"": ""fuel"", ""note"": ""excluded: oi unavailable"", ""weight"": 0.0, ""excluded_weight"": 1.5}, {""key"": ""cleared"", ""note"": ""excluded: oi unavailable"", ""weight"": 0.0, ""excluded_weight"": 1.2}, {""key"": ""delta_flip"", ""note"": ""excluded: taker unavailable"", ""weight"": 0.0, ""excluded_weight"": 1.5}, {""key"": ""absorption"", ""note"": ""excluded: taker unavailable"", ""weight"": 0.0, ""excluded_weight"": 1.0}, {""key"": ""cohort"", ""note"": ""excluded: cohort unavailable"", ""weight"": 0.0, ""excluded_weight"": 1.0}]"
M1,ETH,adverse,2026-06-22 14:15:05,london_high,1774.19,short,1761.73,,1778.465754333975,1761.02,2026-06-22 16:30:05,,cancelled:entry_expired,,0.6976,half,"[{""key"": ""location"", ""weight"": 2.0, ""strength"": 0.6, ""contribution"": 0.1714}, {""key"": ""reclaim"", ""weight"": 2.0, ""strength"": 0.9824, ""contribution"": 0.2807}, {""key"": ""discount"", ""weight"": 1.2, ""strength"": 0.3996, ""contribution"": 0.0685}, {""key"": ""session"", ""weight"": 0.8, ""strength"": 1.0, ""contribution"": 0.1143}, {""key"": ""htf_bias"", ""weight"": 1.0, ""strength"": 0.6, ""contribution"": 0.0857}, {""key"": ""fuel"", ""note"": ""excluded: oi unavailable"", ""weight"": 0.0, ""excluded_weight"": 1.5}, {""key"": ""cleared"", ""note"": ""excluded: oi unavailable"", ""weight"": 0.0, ""excluded_weight"": 1.2}, {""key"": ""delta_flip"", ""note"": ""excluded: taker unavailable"", ""weight"": 0.0, ""excluded_weight"": 1.5}, {""key"": ""absorption"", ""note"": ""excluded: taker unavailable"", ""weight"": 0.0, ""excluded_weight"": 1.0}, {""key"": ""cohort"", ""note"": ""excluded: cohort unavailable"", ""weight"": 0.0, ""excluded_weight"": 1.0}]"
M1,ETH,adverse,2026-06-23 09:30:05,equal_lows_4h,1652.54,long,1651.35,2026-06-23 09:35:00,1647.9129227190251,1656.518115921462,2026-06-23 09:35:00,1647.91,stop,-1.2867991153137677,0.7162,full,"[{""key"": ""location"", ""weight"": 2.0, ""strength"": 1.0, ""contribution"": 0.2857}, {""key"": ""reclaim"", ""weight"": 2.0, ""strength"": 0.7249, ""contribution"": 0.2071}, {""key"": ""discount"", ""weight"": 1.2, ""strength"": 0.9729, ""contribution"": 0.1668}, {""key"": ""session"", ""weight"": 0.8, ""strength"": 0.6, ""contribution"": 0.0686}, {""key"": ""htf_bias"", ""weight"": 1.0, ""strength"": 0.6, ""contribution"": 0.0857}, {""key"": ""fuel"", ""note"": ""excluded: oi unavailable"", ""weight"": 0.0, ""excluded_weight"": 1.5}, {""key"": ""cleared"", ""note"": ""excluded: oi unavailable"", ""weight"": 0.0, ""excluded_weight"": 1.2}, {""key"": ""delta_flip"", ""note"": ""excluded: taker unavailable"", ""weight"": 0.0, ""excluded_weight"": 1.5}, {""key"": ""absorption"", ""note"": ""excluded: taker unavailable"", ""weight"": 0.0, ""excluded_weight"": 1.0}, {""key"": ""cohort"", ""note"": ""excluded: cohort unavailable"", ""weight"": 0.0, ""excluded_weight"": 1.0}]"
M1,ETH,adverse,2026-06-24 13:15:05,equal_lows_4h,1652.54,long,1661.63,2026-06-24 13:15:00,1650.6284203991588,1666.4,2026-06-24 13:20:00,1650.63,stop,-1.090027835555811,0.864,full,"[{""key"": ""location"", ""weight"": 2.0, ""strength"": 1.0, ""contribution"": 0.2857}, {""key"": ""reclaim"", ""weight"": 2.0, ""strength"": 1.0, ""contribution"": 0.2857}, {""key"": ""discount"", ""weight"": 1.2, ""strength"": 0.7067, ""contribution"": 0.1212}, {""key"": ""session"", ""weight"": 0.8, ""strength"": 1.0, ""contribution"": 0.1143}, {""key"": ""htf_bias"", ""weight"": 1.0, ""strength"": 0.6, ""contribution"": 0.0857}, {""key"": ""fuel"", ""note"": ""excluded: oi unavailable"", ""weight"": 0.0, ""excluded_weight"": 1.5}, {""key"": ""cleared"", ""note"": ""excluded: oi unavailable"", ""weight"": 0.0, ""excluded_weight"": 1.2}, {""key"": ""delta_flip"", ""note"": ""excluded: taker unavailable"", ""weight"": 0.0, ""excluded_weight"": 1.5}, {""key"": ""absorption"", ""note"": ""excluded: taker unavailable"", ""weight"": 0.0, ""excluded_weight"": 1.0}, {""key"": ""cohort"", ""note"": ""excluded: cohort unavailable"", ""weight"": 0.0, ""excluded_weight"": 1.0}]"
M1,ETH,adverse,2026-06-29 17:30:05,4h_fvg_top,1627.07,short,1624.38,2026-06-29 17:30:00,1634.7715547756836,1608.7926678364747,2026-06-29 17:50:00,1634.77,stop,-1.0940907059070997,0.7173,full,"[{""key"": ""location"", ""weight"": 2.0, ""strength"": 1.0, ""contribution"": 0.2857}, {""key"": ""reclaim"", ""weight"": 2.0, ""strength"": 0.5055, ""contribution"": 0.1444}, {""key"": ""discount"", ""weight"": 1.2, ""strength"": 0.3947, ""contribution"": 0.0677}, {""key"": ""session"", ""weight"": 0.8, ""strength"": 0.6, ""contribution"": 0.0686}, {""key"": ""htf_bias"", ""weight"": 1.0, ""strength"": 0.6, ""contribution"": 0.0857}, {""key"": ""fuel"", ""note"": ""excluded: oi unavailable"", ""weight"": 0.0, ""excluded_weight"": 1.5}, {""key"": ""cleared"", ""note"": ""excluded: oi unavailable"", ""weight"": 0.0, ""excluded_weight"": 1.2}, {""key"": ""delta_flip"", ""note"": ""excluded: taker unavailable"", ""weight"": 0.0, ""excluded_weight"": 1.5}, {""key"": ""absorption"", ""note"": ""excluded: taker unavailable"", ""weight"": 0.0, ""excluded_weight"": 1.0}, {""key"": ""cohort"", ""note"": ""excluded: cohort unavailable"", ""weight"": 0.0, ""excluded_weight"": 1.0}]"
M1,ETH,adverse,2026-07-01 14:30:05,pdh,1613.56,short,1610.17,2026-07-01 15:05:00,1617.854068480785,1604.4,2026-07-01 15:05:00,1610.17,stop_be,0.1996944888496092,0.6139,half,"[{""key"": ""location"", ""weight"": 2.0, ""strength"": 0.8, ""contribution"": 0.2286}, {""key"": ""reclaim"", ""weight"": 2.0, ""strength"": 0.4297, ""contribution"": 0.1228}, {""key"": ""discount"", ""weight"": 1.2, ""strength"": 0.2436, ""contribution"": 0.0418}, {""key"": ""session"", ""weight"": 0.8, ""strength"": 1.0, ""contribution"": 0.1143}, {""key"": ""htf_bias"", ""weight"": 1.0, ""strength"": 0.0, ""contribution"": 0.0}, {""key"": ""fuel"", ""note"": ""excluded: oi unavailable"", ""weight"": 0.0, ""excluded_weight"": 1.5}, {""key"": ""cleared"", ""note"": ""excluded: oi unavailable"", ""weight"": 0.0, ""excluded_weight"": 1.2}, {""key"": ""delta_flip"", ""note"": ""excluded: taker unavailable"", ""weight"": 0.0, ""excluded_weight"": 1.5}, {""key"": ""absorption"", ""note"": ""excluded: taker unavailable"", ""weight"": 0.0, ""excluded_weight"": 1.0}, {""key"": ""cohort"", ""note"": ""excluded: cohort unavailable"", ""weight"": 0.0, ""excluded_weight"": 1.0}]"
M1,ETH,adverse,2026-07-02 13:15:05,london_high,1670.0,short,1665.92,2026-07-02 13:15:00,1673.130348411246,1660.0,2026-07-02 13:20:00,1673.13,stop,-1.1382397677704934,0.5526,half,"[{""key"": ""location"", ""weight"": 2.0, ""strength"": 0.6, ""contribution"": 0.1714}, {""key"": ""reclaim"", ""weight"": 2.0, ""strength"": 0.2975, ""contribution"": 0.085}, {""key"": ""discount"", ""weight"": 1.2, ""strength"": 0.5016, ""contribution"": 0.086}, {""key"": ""session"", ""weight"": 0.8, ""strength"": 1.0, ""contribution"": 0.1143}, {""key"": ""htf_bias"", ""weight"": 1.0, ""strength"": 0.0, ""contribution"": 0.0}, {""key"": ""fuel"", ""note"": ""excluded: oi unavailable"", ""weight"": 0.0, ""excluded_weight"": 1.5}, {""key"": ""cleared"", ""note"": ""excluded: oi unavailable"", ""weight"": 0.0, ""excluded_weight"": 1.2}, {""key"": ""delta_flip"", ""note"": ""excluded: taker unavailable"", ""weight"": 0.0, ""excluded_weight"": 1.5}, {""key"": ""absorption"", ""note"": ""excluded: taker unavailable"", ""weight"": 0.0, ""excluded_weight"": 1.0}, {""key"": ""cohort"", ""note"": ""excluded: cohort unavailable"", ""weight"": 0.0, ""excluded_weight"": 1.0}]"
M1,ETH,adverse,2026-07-02 14:30:05,4h_fvg_top,1718.61,short,1708.35,,1722.406486807314,1691.9633333333334,2026-07-02 15:15:05,,cancelled:entry_expired_no_fvg,,0.5589,half,"[{""key"": ""location"", ""weight"": 2.0, ""strength"": 1.0, ""contribution"": 0.2857}, {""key"": ""reclaim"", ""weight"": 2.0, ""strength"": 0.5334, ""contribution"": 0.1524}, {""key"": ""discount"", ""weight"": 1.2, ""strength"": 0.1459, ""contribution"": 0.025}, {""key"": ""session"", ""weight"": 0.8, ""strength"": 1.0, ""contribution"": 0.1143}, {""key"": ""htf_bias"", ""weight"": 1.0, ""strength"": 0.0, ""contribution"": 0.0}, {""key"": ""fuel"", ""note"": ""excluded: oi unavailable"", ""weight"": 0.0, ""excluded_weight"": 1.5}, {""key"": ""cleared"", ""note"": ""excluded: oi unavailable"", ""weight"": 0.0, ""excluded_weight"": 1.2}, {""key"": ""delta_flip"", ""note"": ""excluded: taker unavailable"", ""weight"": 0.0, ""excluded_weight"": 1.5}, {""key"": ""absorption"", ""note"": ""excluded: taker unavailable"", ""weight"": 0.0, ""excluded_weight"": 1.0}, {""key"": ""cohort"", ""note"": ""excluded: cohort unavailable"", ""weight"": 0.0, ""excluded_weight"": 1.0}]"
M1,ETH,adverse,2026-07-03 08:45:05,equal_highs_1h,1735.97,short,1727.23,2026-07-03 08:45:00,1738.3963071321296,1725.0,2026-07-03 09:05:00,1727.23,stop_be,0.00565018050784305,0.6562,half,"[{""key"": ""location"", ""weight"": 2.0, ""strength"": 0.8, ""contribution"": 0.2286}, {""key"": ""reclaim"", ""weight"": 2.0, ""strength"": 0.4151, ""contribution"": 0.1186}, {""key"": ""discount"", ""weight"": 1.2, ""strength"": 0.4717, ""contribution"": 0.0809}, {""key"": ""session"", ""weight"": 0.8, ""strength"": 1.0, ""contribution"": 0.1143}, {""key"": ""htf_bias"", ""weight"": 1.0, ""strength"": 0.0, ""contribution"": 0.0}, {""key"": ""fuel"", ""note"": ""excluded: oi unavailable"", ""weight"": 0.0, ""excluded_weight"": 1.5}, {""key"": ""cleared"", ""note"": ""excluded: oi unavailable"", ""weight"": 0.0, ""excluded_weight"": 1.2}, {""key"": ""delta_flip"", ""note"": ""excluded: taker unavailable"", ""weight"": 0.0, ""excluded_weight"": 1.5}, {""key"": ""absorption"", ""note"": ""excluded: taker unavailable"", ""weight"": 0.0, ""excluded_weight"": 1.0}, {""key"": ""cohort"", ""note"": ""excluded: cohort unavailable"", ""weight"": 0.0, ""excluded_weight"": 1.0}]"
M1,ETH,adverse,2026-07-05 02:30:05,4h_ob_bottom,1757.27,long,1759.96,2026-07-05 02:35:00,1755.190538164028,1767.1141927539584,2026-07-05 05:35:00,1759.96,stop_be,0.42278712344640995,0.5632,half,"[{""key"": ""location"", ""weight"": 2.0, ""strength"": 1.0, ""contribution"": 0.2857}, {""key"": ""reclaim"", ""weight"": 2.0, ""strength"": 0.4935, ""contribution"": 0.141}, {""key"": ""discount"", ""weight"": 1.2, ""strength"": 0.5443, ""contribution"": 0.0933}, {""key"": ""session"", ""weight"": 0.8, ""strength"": 0.3, ""contribution"": 0.0343}, {""key"": ""htf_bias"", ""weight"": 1.0, ""strength"": 0.6, ""contribution"": 0.0857}, {""key"": ""fuel"", ""note"": ""excluded: oi unavailable"", ""weight"": 0.0, ""excluded_weight"": 1.5}, {""key"": ""cleared"", ""note"": ""excluded: oi unavailable"", ""weight"": 0.0, ""excluded_weight"": 1.2}, {""key"": ""delta_flip"", ""note"": ""excluded: taker unavailable"", ""weight"": 0.0, ""excluded_weight"": 1.5}, {""key"": ""absorption"", ""note"": ""excluded: taker unavailable"", ""weight"": 0.0, ""excluded_weight"": 1.0}, {""key"": ""cohort"", ""note"": ""excluded: cohort unavailable"", ""weight"": 0.0, ""excluded_weight"": 1.0}]"
M1,ETH,adverse,2026-07-06 08:45:05,asia_low,1763.66,long,1766.69,2026-07-06 08:45:00,1761.1866862211066,1774.9449706683404,2026-07-06 09:20:00,1761.19,stop,-1.191561895879849,0.7222,full,"[{""key"": ""location"", ""weight"": 2.0, ""strength"": 0.6, ""contribution"": 0.1714}, {""key"": ""reclaim"", ""weight"": 2.0, ""strength"": 0.5522, ""contribution"": 0.1578}, {""key"": ""discount"", ""weight"": 1.2, ""strength"": 0.3947, ""contribution"": 0.0677}, {""key"": ""session"", ""weight"": 0.8, ""strength"": 1.0, ""contribution"": 0.1143}, {""key"": ""htf_bias"", ""weight"": 1.0, ""strength"": 0.6, ""contribution"": 0.0857}, {""key"": ""fuel"", ""note"": ""excluded: oi unavailable"", ""weight"": 0.0, ""excluded_weight"": 1.5}, {""key"": ""cleared"", ""note"": ""excluded: oi unavailable"", ""weight"": 0.0, ""excluded_weight"": 1.2}, {""key"": ""delta_flip"", ""note"": ""excluded: taker unavailable"", ""weight"": 0.0, ""excluded_weight"": 1.5}, {""key"": ""absorption"", ""note"": ""excluded: taker unavailable"", ""weight"": 0.0, ""excluded_weight"": 1.0}, {""key"": ""cohort"", ""note"": ""excluded: cohort unavailable"", ""weight"": 0.0, ""excluded_weight"": 1.0}]"
M1,ETH,adverse,2026-07-06 13:15:05,london_low,1734.5,long,1736.21,2026-07-06 13:15:00,1729.8561110540356,1741.3,2026-07-06 13:35:00,1729.86,stop,-1.1628891475500358,0.7244,full,"[{""key"": ""location"", ""weight"": 2.0, ""strength"": 0.6, ""contribution"": 0.1714}, {""key"": ""reclaim"", ""weight"": 2.0, ""strength"": 0.3752, ""contribution"": 0.1072}, {""key"": ""discount"", ""weight"": 1.2, ""strength"": 0.7003, ""contribution"": 0.12}, {""key"": ""session"", ""weight"": 0.8, ""strength"": 1.0, ""contribution"": 0.1143}, {""key"": ""htf_bias"", ""weight"": 1.0, ""strength"": 0.6, ""contribution"": 0.0857}, {""key"": ""fuel"", ""note"": ""excluded: oi unavailable"", ""weight"": 0.0, ""excluded_weight"": 1.5}, {""key"": ""cleared"", ""note"": ""excluded: oi unavailable"", ""weight"": 0.0, ""excluded_weight"": 1.2}, {""key"": ""delta_flip"", ""note"": ""excluded: taker unavailable"", ""weight"": 0.0, ""excluded_weight"": 1.5}, {""key"": ""absorption"", ""note"": ""excluded: taker unavailable"", ""weight"": 0.0, ""excluded_weight"": 1.0}, {""key"": ""cohort"", ""note"": ""excluded: cohort unavailable"", ""weight"": 0.0, ""excluded_weight"": 1.0}]"
M1,ETH,adverse,2026-07-06 16:30:05,asia_high,1798.4,short,1794.64,2026-07-06 16:35:00,1806.389384217168,1785.07,2026-07-06 19:00:05,1791.91,dead_trade,0.1407512694355855,0.6016,half,"[{""key"": ""location"", ""weight"": 2.0, ""strength"": 0.6, ""contribution"": 0.1714}, {""key"": ""reclaim"", ""weight"": 2.0, ""strength"": 0.5813, ""contribution"": 0.1661}, {""key"": ""discount"", ""weight"": 1.2, ""strength"": 0.3217, ""contribution"": 0.0551}, {""key"": ""session"", ""weight"": 0.8, ""strength"": 0.6, ""contribution"": 0.0686}, {""key"": ""htf_bias"", ""weight"": 1.0, ""strength"": 0.6, ""contribution"": 0.0857}, {""key"": ""fuel"", ""note"": ""excluded: oi unavailable"", ""weight"": 0.0, ""excluded_weight"": 1.5}, {""key"": ""cleared"", ""note"": ""excluded: oi unavailable"", ""weight"": 0.0, ""excluded_weight"": 1.2}, {""key"": ""delta_flip"", ""note"": ""excluded: taker unavailable"", ""weight"": 0.0, ""excluded_weight"": 1.5}, {""key"": ""absorption"", ""note"": ""excluded: taker unavailable"", ""weight"": 0.0, ""excluded_weight"": 1.0}, {""key"": ""cohort"", ""note"": ""excluded: cohort unavailable"", ""weight"": 0.0, ""excluded_weight"": 1.0}]"
M1,ETH,adverse,2026-07-13 00:15:05,4h_ob_top,1844.55,short,1825.66,2026-07-13 00:15:00,1849.1832525188577,1805.92,2026-07-13 03:40:00,1778.26,target,1.5213094287946805,0.6521,half,"[{""key"": ""location"", ""weight"": 2.0, ""strength"": 1.0, ""contribution"": 0.2857}, {""key"": ""reclaim"", ""weight"": 2.0, ""strength"": 0.8807, ""contribution"": 0.2516}, {""key"": ""discount"", ""weight"": 1.2, ""strength"": 0.7379, ""contribution"": 0.1265}, {""key"": ""session"", ""weight"": 0.8, ""strength"": 0.3, ""contribution"": 0.0343}, {""key"": ""htf_bias"", ""weight"": 1.0, ""strength"": 0.3, ""contribution"": 0.0429}, {""key"": ""fuel"", ""note"": ""excluded: oi unavailable"", ""weight"": 0.0, ""excluded_weight"": 1.5}, {""key"": ""cleared"", ""note"": ""excluded: oi unavailable"", ""weight"": 0.0, ""excluded_weight"": 1.2}, {""key"": ""delta_flip"", ""note"": ""excluded: taker unavailable"", ""weight"": 0.0, ""excluded_weight"": 1.5}, {""key"": ""absorption"", ""note"": ""excluded: taker unavailable"", ""weight"": 0.0, ""excluded_weight"": 1.0}, {""key"": ""cohort"", ""note"": ""excluded: cohort unavailable"", ""weight"": 0.0, ""excluded_weight"": 1.0}]"
M1,ETH,adverse,2026-07-13 03:45:05,pdl,1778.26,long,,,,,,,no_trade (no open trade found),,0.7824,full,"[{""key"": ""location"", ""weight"": 2.0, ""strength"": 1.0, ""contribution"": 0.2857}, {""key"": ""reclaim"", ""weight"": 2.0, ""strength"": 0.8967, ""contribution"": 0.2562}, {""key"": ""discount"", ""weight"": 1.2, ""strength"": 0.9921, ""contribution"": 0.1701}, {""key"": ""session"", ""weight"": 0.8, ""strength"": 0.3, ""contribution"": 0.0343}, {""key"": ""htf_bias"", ""weight"": 1.0, ""strength"": 1.0, ""contribution"": 0.1429}, {""key"": ""fuel"", ""note"": ""excluded: oi unavailable"", ""weight"": 0.0, ""excluded_weight"": 1.5}, {""key"": ""cleared"", ""note"": ""excluded: oi unavailable"", ""weight"": 0.0, ""excluded_weight"": 1.2}, {""key"": ""delta_flip"", ""note"": ""excluded: taker unavailable"", ""weight"": 0.0, ""excluded_weight"": 1.5}, {""key"": ""absorption"", ""note"": ""excluded: taker unavailable"", ""weight"": 0.0, ""excluded_weight"": 1.0}, {""key"": ""cohort"", ""note"": ""excluded: cohort unavailable"", ""weight"": 0.0, ""excluded_weight"": 1.0}]"
M1,ETH,adverse,2026-07-13 12:45:05,equal_lows_1h,1767.875,long,1771.83,2026-07-13 12:45:00,1765.2239180203633,1778.26,2026-07-13 13:20:00,1765.22,stop,-1.1601918602167027,0.6721,half,"[{""key"": ""location"", ""weight"": 2.0, ""strength"": 0.8, ""contribution"": 0.2286}, {""key"": ""reclaim"", ""weight"": 2.0, ""strength"": 0.3961, ""contribution"": 0.1132}, {""key"": ""discount"", ""weight"": 1.2, ""strength"": 0.3374, ""contribution"": 0.0578}, {""key"": ""session"", ""weight"": 0.8, ""strength"": 0.6, ""contribution"": 0.0686}, {""key"": ""htf_bias"", ""weight"": 1.0, ""strength"": 1.0, ""contribution"": 0.1429}, {""key"": ""fuel"", ""note"": ""excluded: oi unavailable"", ""weight"": 0.0, ""excluded_weight"": 1.5}, {""key"": ""cleared"", ""note"": ""excluded: oi unavailable"", ""weight"": 0.0, ""excluded_weight"": 1.2}, {""key"": ""delta_flip"", ""note"": ""excluded: taker unavailable"", ""weight"": 0.0, ""excluded_weight"": 1.5}, {""key"": ""absorption"", ""note"": ""excluded: taker unavailable"", ""weight"": 0.0, ""excluded_weight"": 1.0}, {""key"": ""cohort"", ""note"": ""excluded: cohort unavailable"", ""weight"": 0.0, ""excluded_weight"": 1.0}]"
M1,ETH,adverse,2026-07-14 12:45:05,equal_highs_1h,1829.025,short,1816.01,2026-07-14 12:45:00,1833.1495409106917,1805.92,2026-07-14 12:50:00,1833.15,stop,-1.0637391280992112,0.7521,full,"[{""key"": ""location"", ""weight"": 2.0, ""strength"": 0.8, ""contribution"": 0.2286}, {""key"": ""reclaim"", ""weight"": 2.0, ""strength"": 0.8826, ""contribution"": 0.2522}, {""key"": ""discount"", ""weight"": 1.2, ""strength"": 0.5338, ""contribution"": 0.0915}, {""key"": ""session"", ""weight"": 0.8, ""strength"": 0.6, ""contribution"": 0.0686}, {""key"": ""htf_bias"", ""weight"": 1.0, ""strength"": 0.3, ""contribution"": 0.0429}, {""key"": ""fuel"", ""note"": ""excluded: oi unavailable"", ""weight"": 0.0, ""excluded_weight"": 1.5}, {""key"": ""cleared"", ""note"": ""excluded: oi unavailable"", ""weight"": 0.0, ""excluded_weight"": 1.2}, {""key"": ""delta_flip"", ""note"": ""excluded: taker unavailable"", ""weight"": 0.0, ""excluded_weight"": 1.5}, {""key"": ""absorption"", ""note"": ""excluded: taker unavailable"", ""weight"": 0.0, ""excluded_weight"": 1.0}, {""key"": ""cohort"", ""note"": ""excluded: cohort unavailable"", ""weight"": 0.0, ""excluded_weight"": 1.0}]"
M1,ETH,adverse,2026-07-16 12:45:05,4h_ob_bottom,1869.13,long,1874.76,2026-07-16 12:45:00,1865.471157097432,1888.6807643538525,2026-07-16 14:50:00,1874.76,stop_be,0.502764398823321,0.7955,full,"[{""key"": ""location"", ""weight"": 2.0, ""strength"": 1.0, ""contribution"": 0.2857}, {""key"": ""reclaim"", ""weight"": 2.0, ""strength"": 0.9271, ""contribution"": 0.2649}, {""key"": ""discount"", ""weight"": 1.2, ""strength"": 0.8283, ""contribution"": 0.142}, {""key"": ""session"", ""weight"": 0.8, ""strength"": 0.6, ""contribution"": 0.0686}, {""key"": ""htf_bias"", ""weight"": 1.0, ""strength"": 1.0, ""contribution"": 0.1429}, {""key"": ""fuel"", ""note"": ""excluded: oi unavailable"", ""weight"": 0.0, ""excluded_weight"": 1.5}, {""key"": ""cleared"", ""note"": ""excluded: oi unavailable"", ""weight"": 0.0, ""excluded_weight"": 1.2}, {""key"": ""delta_flip"", ""note"": ""excluded: taker unavailable"", ""weight"": 0.0, ""excluded_weight"": 1.5}, {""key"": ""absorption"", ""note"": ""excluded: taker unavailable"", ""weight"": 0.0, ""excluded_weight"": 1.0}, {""key"": ""cohort"", ""note"": ""excluded: cohort unavailable"", ""weight"": 0.0, ""excluded_weight"": 1.0}]"
M1,ETH,adverse,2026-07-17 13:45:05,4h_fvg_bottom,1804.53,long,1810.21,2026-07-17 13:45:00,1801.425646614699,1819.9,2026-07-17 15:05:00,1810.21,stop_be,0.34206359309980094,0.9023,full,"[{""key"": ""location"", ""weight"": 2.0, ""strength"": 1.0, ""contribution"": 0.2857}, {""key"": ""reclaim"", ""weight"": 2.0, ""strength"": 0.4781, ""contribution"": 0.1366}, {""key"": ""discount"", ""weight"": 1.2, ""strength"": 0.3864, ""contribution"": 0.0662}, {""key"": ""session"", ""weight"": 0.8, ""strength"": 1.0, ""contribution"": 0.1143}, {""key"": ""htf_bias"", ""weight"": 1.0, ""strength"": 1.0, ""contribution"": 0.1429}, {""key"": ""fuel"", ""note"": ""excluded: oi unavailable"", ""weight"": 0.0, ""excluded_weight"": 1.5}, {""key"": ""cleared"", ""note"": ""excluded: oi unavailable"", ""weight"": 0.0, ""excluded_weight"": 1.2}, {""key"": ""delta_flip"", ""note"": ""excluded: taker unavailable"", ""weight"": 0.0, ""excluded_weight"": 1.5}, {""key"": ""absorption"", ""note"": ""excluded: taker unavailable"", ""weight"": 0.0, ""excluded_weight"": 1.0}, {""key"": ""cohort"", ""note"": ""excluded: cohort unavailable"", ""weight"": 0.0, ""excluded_weight"": 1.0}]"
M1,ETH,adverse,2026-07-22 16:45:05,pdh,1953.64,short,1947.01,2026-07-22 16:45:00,1957.1900385774309,1943.98,2026-07-22 18:40:00,1927.66,target,1.202335355303622,0.5596,half,"[{""key"": ""location"", ""weight"": 2.0, ""strength"": 0.8, ""contribution"": 0.2286}, {""key"": ""reclaim"", ""weight"": 2.0, ""strength"": 0.6695, ""contribution"": 0.1913}, {""key"": ""discount"", ""weight"": 1.2, ""strength"": 0.8606, ""contribution"": 0.1475}, {""key"": ""session"", ""weight"": 0.8, ""strength"": 0.6, ""contribution"": 0.0686}, {""key"": ""htf_bias"", ""weight"": 1.0, ""strength"": 0.0, ""contribution"": 0.0}, {""key"": ""fuel"", ""note"": ""excluded: oi unavailable"", ""weight"": 0.0, ""excluded_weight"": 1.5}, {""key"": ""cleared"", ""note"": ""excluded: oi unavailable"", ""weight"": 0.0, ""excluded_weight"": 1.2}, {""key"": ""delta_flip"", ""note"": ""excluded: taker unavailable"", ""weight"": 0.0, ""excluded_weight"": 1.5}, {""key"": ""absorption"", ""note"": ""excluded: taker unavailable"", ""weight"": 0.0, ""excluded_weight"": 1.0}, {""key"": ""cohort"", ""note"": ""excluded: cohort unavailable"", ""weight"": 0.0, ""excluded_weight"": 1.0}]"
M1,ETH,adverse,2026-07-23 07:15:05,4h_ob_bottom,1913.26,long,1918.41,2026-07-23 07:15:00,1911.6483242186032,1924.4,2026-07-23 07:50:00,1911.65,stop,-1.1703986184705168,1.0125,full,"[{""key"": ""location"", ""weight"": 2.0, ""strength"": 1.0, ""contribution"": 0.2857}, {""key"": ""reclaim"", ""weight"": 2.0, ""strength"": 0.6076, ""contribution"": 0.1736}, {""key"": ""discount"", ""weight"": 1.2, ""strength"": 0.7018, ""contribution"": 0.1203}, {""key"": ""session"", ""weight"": 0.8, ""strength"": 1.0, ""contribution"": 0.1143}, {""key"": ""htf_bias"", ""weight"": 1.0, ""strength"": 1.0, ""contribution"": 0.1429}, {""key"": ""fuel"", ""note"": ""excluded: oi unavailable"", ""weight"": 0.0, ""excluded_weight"": 1.5}, {""key"": ""cleared"", ""note"": ""excluded: oi unavailable"", ""weight"": 0.0, ""excluded_weight"": 1.2}, {""key"": ""delta_flip"", ""note"": ""excluded: taker unavailable"", ""weight"": 0.0, ""excluded_weight"": 1.5}, {""key"": ""absorption"", ""note"": ""excluded: taker unavailable"", ""weight"": 0.0, ""excluded_weight"": 1.0}, {""key"": ""cohort"", ""note"": ""excluded: cohort unavailable"", ""weight"": 0.0, ""excluded_weight"": 1.0}]"
M1,ETH,adverse,2026-07-23 08:00:05,4h_ob_bottom,1913.26,long,,,,,,,no_trade (no open trade found),,0.8008,full,"[{""key"": ""location"", ""weight"": 2.0, ""strength"": 1.0, ""contribution"": 0.2857}, {""key"": ""reclaim"", ""weight"": 2.0, ""strength"": 0.5239, ""contribution"": 0.1497}, {""key"": ""discount"", ""weight"": 1.2, ""strength"": 0.786, ""contribution"": 0.1347}, {""key"": ""session"", ""weight"": 0.8, ""strength"": 1.0, ""contribution"": 0.1143}, {""key"": ""htf_bias"", ""weight"": 1.0, ""strength"": 1.0, ""contribution"": 0.1429}, {""key"": ""fuel"", ""note"": ""excluded: oi unavailable"", ""weight"": 0.0, ""excluded_weight"": 1.5}, {""key"": ""cleared"", ""note"": ""excluded: oi unavailable"", ""weight"": 0.0, ""excluded_weight"": 1.2}, {""key"": ""delta_flip"", ""note"": ""excluded: taker unavailable"", ""weight"": 0.0, ""excluded_weight"": 1.5}, {""key"": ""absorption"", ""note"": ""excluded: taker unavailable"", ""weight"": 0.0, ""excluded_weight"": 1.0}, {""key"": ""cohort"", ""note"": ""excluded: cohort unavailable"", ""weight"": 0.0, ""excluded_weight"": 1.0}]"
M1,ETH,adverse,2026-07-24 13:15:05,equal_lows_1h,1857.755,long,1865.31,2026-07-24 13:15:00,1855.01063931838,1868.18,2026-07-24 13:35:00,1865.31,stop_be,0.02452595239360906,0.9861,full,"[{""key"": ""location"", ""weight"": 2.0, ""strength"": 1.0, ""contribution"": 0.2857}, {""key"": ""reclaim"", ""weight"": 2.0, ""strength"": 0.3943, ""contribution"": 0.1126}, {""key"": ""discount"", ""weight"": 1.2, ""strength"": 0.9303, ""contribution"": 0.1595}, {""key"": ""session"", ""weight"": 0.8, ""strength"": 1.0, ""contribution"": 0.1143}, {""key"": ""htf_bias"", ""weight"": 1.0, ""strength"": 1.0, ""contribution"": 0.1429}, {""key"": ""fuel"", ""note"": ""excluded: oi unavailable"", ""weight"": 0.0, ""excluded_weight"": 1.5}, {""key"": ""cleared"", ""note"": ""excluded: oi unavailable"", ""weight"": 0.0, ""excluded_weight"": 1.2}, {""key"": ""delta_flip"", ""note"": ""excluded: taker unavailable"", ""weight"": 0.0, ""excluded_weight"": 1.5}, {""key"": ""absorption"", ""note"": ""excluded: taker unavailable"", ""weight"": 0.0, ""excluded_weight"": 1.0}, {""key"": ""cohort"", ""note"": ""excluded: cohort unavailable"", ""weight"": 0.0, ""excluded_weight"": 1.0}]"
M1,ETH,adverse,2026-07-27 22:45:05,4h_ob_bottom,1913.42,long,1920.69,2026-07-27 22:45:00,1909.834668201424,1935.29,2026-07-27 22:50:00,1909.83,stop,-1.1066506741827,0.551,half,"[{""key"": ""location"", ""weight"": 2.0, ""strength"": 1.0, ""contribution"": 0.2857}, {""key"": ""reclaim"", ""weight"": 2.0, ""strength"": 0.9424, ""contribution"": 0.2693}, {""key"": ""discount"", ""weight"": 1.2, ""strength"": 0.0366, ""contribution"": 0.0063}, {""key"": ""session"", ""weight"": 0.8, ""strength"": 0.1, ""contribution"": 0.0114}, {""key"": ""htf_bias"", ""weight"": 1.0, ""strength"": 1.0, ""contribution"": 0.1429}, {""key"": ""fuel"", ""note"": ""excluded: oi unavailable"", ""weight"": 0.0, ""excluded_weight"": 1.5}, {""key"": ""cleared"", ""note"": ""excluded: oi unavailable"", ""weight"": 0.0, ""excluded_weight"": 1.2}, {""key"": ""delta_flip"", ""note"": ""excluded: taker unavailable"", ""weight"": 0.0, ""excluded_weight"": 1.5}, {""key"": ""absorption"", ""note"": ""excluded: taker unavailable"", ""weight"": 0.0, ""excluded_weight"": 1.0}, {""key"": ""cohort"", ""note"": ""excluded: cohort unavailable"", ""weight"": 0.0, ""excluded_weight"": 1.0}]"
M1,ETH,adverse,2026-07-29 20:00:05,asia_low,1883.38,long,1890.81,2026-07-29 20:00:00,1879.116165730247,1902.07,2026-07-29 20:05:00,1879.12,stop,-1.0957694762070282,0.7191,full,"[{""key"": ""location"", ""weight"": 2.0, ""strength"": 0.6, ""contribution"": 0.1714}, {""key"": ""reclaim"", ""weight"": 2.0, ""strength"": 0.4673, ""contribution"": 0.1335}, {""key"": ""discount"", ""weight"": 1.2, ""strength"": 0.801, ""contribution"": 0.1373}, {""key"": ""session"", ""weight"": 0.8, ""strength"": 0.6, ""contribution"": 0.0686}, {""key"": ""htf_bias"", ""weight"": 1.0, ""strength"": 1.0, ""contribution"": 0.1429}, {""key"": ""fuel"", ""note"": ""excluded: oi unavailable"", ""weight"": 0.0, ""excluded_weight"": 1.5}, {""key"": ""cleared"", ""note"": ""excluded: oi unavailable"", ""weight"": 0.0, ""excluded_weight"": 1.2}, {""key"": ""delta_flip"", ""note"": ""excluded: taker unavailable"", ""weight"": 0.0, ""excluded_weight"": 1.5}, {""key"": ""absorption"", ""note"": ""excluded: taker unavailable"", ""weight"": 0.0, ""excluded_weight"": 1.0}, {""key"": ""cohort"", ""note"": ""excluded: cohort unavailable"", ""weight"": 0.0, ""excluded_weight"": 1.0}]"
M1,ETH,adverse,2026-08-01 18:30:05,equal_lows_4h,1850.605,long,1855.12,2026-08-01 18:30:00,1849.455156067724,1856.91,2026-08-01 18:35:00,1849.46,stop,-1.1951829707830364,0.7709,full,"[{""key"": ""location"", ""weight"": 2.0, ""strength"": 1.0, ""contribution"": 0.2857}, {""key"": ""reclaim"", ""weight"": 2.0, ""strength"": 0.8004, ""contribution"": 0.2287}, {""key"": ""discount"", ""weight"": 1.2, ""strength"": 0.8764, ""contribution"": 0.1502}, {""key"": ""session"", ""weight"": 0.8, ""strength"": 0.6, ""contribution"": 0.0686}, {""key"": ""htf_bias"", ""weight"": 1.0, ""strength"": 1.0, ""contribution"": 0.1429}, {""key"": ""fuel"", ""note"": ""excluded: oi unavailable"", ""weight"": 0.0, ""excluded_weight"": 1.5}, {""key"": ""cleared"", ""note"": ""excluded: oi unavailable"", ""weight"": 0.0, ""excluded_weight"": 1.2}, {""key"": ""delta_flip"", ""note"": ""excluded: taker unavailable"", ""weight"": 0.0, ""excluded_weight"": 1.5}, {""key"": ""absorption"", ""note"": ""excluded: taker unavailable"", ""weight"": 0.0, ""excluded_weight"": 1.0}, {""key"": ""cohort"", ""note"": ""excluded: cohort unavailable"", ""weight"": 0.0, ""excluded_weight"": 1.0}]"
M1,ETH,adverse,2026-08-02 18:45:05,asia_high,1885.0,short,1877.5,2026-08-02 18:45:00,1887.7095441151423,1874.44,2026-08-02 19:05:00,1877.5,stop_be,0.0316354576029447,0.5769,half,"[{""key"": ""location"", ""weight"": 2.0, ""strength"": 0.6, ""contribution"": 0.1714}, {""key"": ""reclaim"", ""weight"": 2.0, ""strength"": 0.6342, ""contribution"": 0.1812}, {""key"": ""discount"", ""weight"": 1.2, ""strength"": 0.8671, ""contribution"": 0.1486}, {""key"": ""session"", ""weight"": 0.8, ""strength"": 0.6, ""contribution"": 0.0686}, {""key"": ""htf_bias"", ""weight"": 1.0, ""strength"": 0.6, ""contribution"": 0.0857}, {""key"": ""fuel"", ""note"": ""excluded: oi unavailable"", ""weight"": 0.0, ""excluded_weight"": 1.5}, {""key"": ""cleared"", ""note"": ""excluded: oi unavailable"", ""weight"": 0.0, ""excluded_weight"": 1.2}, {""key"": ""delta_flip"", ""note"": ""excluded: taker unavailable"", ""weight"": 0.0, ""excluded_weight"": 1.5}, {""key"": ""absorption"", ""note"": ""excluded: taker unavailable"", ""weight"": 0.0, ""excluded_weight"": 1.0}, {""key"": ""cohort"", ""note"": ""excluded: cohort unavailable"", ""weight"": 0.0, ""excluded_weight"": 1.0}]"
M1,ETH,adverse,2026-08-05 02:15:05,equal_highs_1h,1876.7350000000001,short,1874.97,2026-08-05 02:15:00,1878.2207702913809,1870.1063445629284,2026-08-05 03:25:00,1869.19,target,1.4948017754178853,0.5898,half,"[{""key"": ""location"", ""weight"": 2.0, ""strength"": 0.8, ""contribution"": 0.2286}, {""key"": ""reclaim"", ""weight"": 2.0, ""strength"": 0.7273, ""contribution"": 0.2078}, {""key"": ""discount"", ""weight"": 1.2, ""strength"": 0.6645, ""contribution"": 0.1139}, {""key"": ""session"", ""weight"": 0.8, ""strength"": 0.3, ""contribution"": 0.0343}, {""key"": ""htf_bias"", ""weight"": 1.0, ""strength"": 0.6, ""contribution"": 0.0857}, {""key"": ""fuel"", ""note"": ""excluded: oi unavailable"", ""weight"": 0.0, ""excluded_weight"": 1.5}, {""key"": ""cleared"", ""note"": ""excluded: oi unavailable"", ""weight"": 0.0, ""excluded_weight"": 1.2}, {""key"": ""delta_flip"", ""note"": ""excluded: taker unavailable"", ""weight"": 0.0, ""excluded_weight"": 1.5}, {""key"": ""absorption"", ""note"": ""excluded: taker unavailable"", ""weight"": 0.0, ""excluded_weight"": 1.0}, {""key"": ""cohort"", ""note"": ""excluded: cohort unavailable"", ""weight"": 0.0, ""excluded_weight"": 1.0}]"
M1,ETH,adverse,2026-08-07 12:15:05,equal_highs_4h,1935.7849999999999,short,1926.62,2026-08-07 12:15:00,1938.5044836729237,1920.92,2026-08-07 12:35:00,1938.5,stop,-1.097339889465467,0.6942,half,"[{""key"": ""location"", ""weight"": 2.0, ""strength"": 1.0, ""contribution"": 0.2062}, {""key"": ""reclaim"", ""weight"": 2.0, ""strength"": 0.9897, ""contribution"": 0.2041}, {""key"": ""fuel"", ""weight"": 1.5, ""strength"": 0.0275, ""contribution"": 0.0043}, {""key"": ""cleared"", ""weight"": 1.2, ""strength"": 0.0, ""contribution"": 0.0}, {""key"": ""discount"", ""weight"": 1.2, ""strength"": 0.851, ""contribution"": 0.1053}, {""key"": ""session"", ""weight"": 0.8, ""strength"": 0.6, ""contribution"": 0.0495}, {""key"": ""htf_bias"", ""weight"": 1.0, ""strength"": 0.6, ""contribution"": 0.0619}, {""key"": ""delta_flip"", ""note"": ""excluded: taker unavailable"", ""weight"": 0.0, ""excluded_weight"": 1.5}, {""key"": ""absorption"", ""note"": ""excluded: taker unavailable"", ""weight"": 0.0, ""excluded_weight"": 1.0}, {""key"": ""cohort"", ""note"": ""excluded: cohort unavailable"", ""weight"": 0.0, ""excluded_weight"": 1.0}]"
M1,ETH,adverse,2026-08-11 07:30:05,asia_low,1870.3,long,1871.21,2026-08-11 07:30:00,1869.275996103547,1872.3,2026-08-11 09:55:00,1879.84,target,2.6053557237510496,0.555,half,"[{""key"": ""location"", ""weight"": 2.0, ""strength"": 0.6, ""contribution"": 0.1237}, {""key"": ""reclaim"", ""weight"": 2.0, ""strength"": 0.5492, ""contribution"": 0.1132}, {""key"": ""fuel"", ""weight"": 1.5, ""strength"": 0.0, ""contribution"": 0.0}, {""key"": ""cleared"", ""weight"": 1.2, ""strength"": 0.0072, ""contribution"": 0.0009}, {""key"": ""discount"", ""weight"": 1.2, ""strength"": 0.8686, ""contribution"": 0.1075}, {""key"": ""session"", ""weight"": 0.8, ""strength"": 1.0, ""contribution"": 0.0825}, {""key"": ""htf_bias"", ""weight"": 1.0, ""strength"": 0.3, ""contribution"": 0.0309}, {""key"": ""delta_flip"", ""note"": ""excluded: taker unavailable"", ""weight"": 0.0, ""excluded_weight"": 1.5}, {""key"": ""absorption"", ""note"": ""excluded: taker unavailable"", ""weight"": 0.0, ""excluded_weight"": 1.0}, {""key"": ""cohort"", ""note"": ""excluded: cohort unavailable"", ""weight"": 0.0, ""excluded_weight"": 1.0}]"
M1,ETH,adverse,2026-08-11 15:45:05,equal_lows_4h,1855.165,long,1864.44,2026-08-11 15:45:00,1851.1587410876057,1866.14,2026-08-11 16:29:59,1864.44,stop_be,-0.01618463116049753,0.8612,full,"[{""key"": ""location"", ""weight"": 2.0, ""strength"": 1.0, ""contribution"": 0.2062}, {""key"": ""reclaim"", ""weight"": 2.0, ""strength"": 0.8241, ""contribution"": 0.1699}, {""key"": ""fuel"", ""weight"": 1.5, ""strength"": 0.588, ""contribution"": 0.0909}, {""key"": ""cleared"", ""weight"": 1.2, ""strength"": 1.0, ""contribution"": 0.1237}, {""key"": ""discount"", ""weight"": 1.2, ""strength"": 0.9031, ""contribution"": 0.1117}, {""key"": ""session"", ""weight"": 0.8, ""strength"": 0.6, ""contribution"": 0.0495}, {""key"": ""htf_bias"", ""weight"": 1.0, ""strength"": 0.3, ""contribution"": 0.0309}, {""key"": ""delta_flip"", ""note"": ""excluded: taker unavailable"", ""weight"": 0.0, ""excluded_weight"": 1.5}, {""key"": ""absorption"", ""note"": ""excluded: taker unavailable"", ""weight"": 0.0, ""excluded_weight"": 1.0}, {""key"": ""cohort"", ""note"": ""excluded: cohort unavailable"", ""weight"": 0.0, ""excluded_weight"": 1.0}]"
M1,ETH,adverse,2026-08-12 12:30:05,equal_highs_1h,1923.08,short,1919.03,2026-08-12 12:30:00,1925.684596132533,1909.56,2026-08-12 14:10:00,1889.07,target,3.182108220718796,0.6405,half,"[{""key"": ""location"", ""weight"": 2.0, ""strength"": 0.8, ""contribution"": 0.1649}, {""key"": ""reclaim"", ""weight"": 2.0, ""strength"": 0.7347, ""contribution"": 0.1515}, {""key"": ""fuel"", ""weight"": 1.5, ""strength"": 0.0674, ""contribution"": 0.0104}, {""key"": ""cleared"", ""weight"": 1.2, ""strength"": 0.2018, ""contribution"": 0.025}, {""key"": ""discount"", ""weight"": 1.2, ""strength"": 0.6295, ""contribution"": 0.0779}, {""key"": ""session"", ""weight"": 0.8, ""strength"": 0.6, ""contribution"": 0.0495}, {""key"": ""htf_bias"", ""weight"": 1.0, ""strength"": 1.0, ""contribution"": 0.1031}, {""key"": ""delta_flip"", ""note"": ""excluded: taker unavailable"", ""weight"": 0.0, ""excluded_weight"": 1.5}, {""key"": ""absorption"", ""note"": ""excluded: taker unavailable"", ""weight"": 0.0, ""excluded_weight"": 1.0}, {""key"": ""cohort"", ""note"": ""excluded: cohort unavailable"", ""weight"": 0.0, ""excluded_weight"": 1.0}]"
M1,ETH,adverse,2026-08-18 14:30:05,pdh,1918.0,short,1907.9,2026-08-18 14:30:00,1920.328610848326,1904.99,2026-08-18 14:35:00,1920.33,stop,-1.092227645344733,0.8218,full,"[{""key"": ""location"", ""weight"": 2.0, ""strength"": 1.0, ""contribution"": 0.2062}, {""key"": ""reclaim"", ""weight"": 2.0, ""strength"": 1.0, ""contribution"": 0.2062}, {""key"": ""fuel"", ""weight"": 1.5, ""strength"": 0.0155, ""contribution"": 0.0024}, {""key"": ""cleared"", ""weight"": 1.2, ""strength"": 0.0, ""contribution"": 0.0}, {""key"": ""discount"", ""weight"": 1.2, ""strength"": 0.9704, ""contribution"": 0.1201}, {""key"": ""session"", ""weight"": 0.8, ""strength"": 1.0, ""contribution"": 0.0825}, {""key"": ""htf_bias"", ""weight"": 1.0, ""strength"": 0.6, ""contribution"": 0.0619}, {""key"": ""delta_flip"", ""note"": ""excluded: taker unavailable"", ""weight"": 0.0, ""excluded_weight"": 1.5}, {""key"": ""absorption"", ""note"": ""excluded: taker unavailable"", ""weight"": 0.0, ""excluded_weight"": 1.0}, {""key"": ""cohort"", ""note"": ""excluded: cohort unavailable"", ""weight"": 0.0, ""excluded_weight"": 1.0}]"
M1,ETH,adverse,2026-08-19 07:30:05,equal_highs_1h,1919.5,short,1918.7,2026-08-19 07:35:00,1920.9557196507965,1917.09,2026-08-19 07:44:59,1918.7,stop_be,-0.12274548386463631,0.7297,full,"[{""key"": ""location"", ""weight"": 2.0, ""strength"": 0.8, ""contribution"": 0.1649}, {""key"": ""reclaim"", ""weight"": 2.0, ""strength"": 1.0, ""contribution"": 0.2062}, {""key"": ""fuel"", ""weight"": 1.5, ""strength"": 0.0, ""contribution"": 0.0}, {""key"": ""cleared"", ""weight"": 1.2, ""strength"": 0.0, ""contribution"": 0.0}, {""key"": ""discount"", ""weight"": 1.2, ""strength"": 0.7082, ""contribution"": 0.0876}, {""key"": ""session"", ""weight"": 0.8, ""strength"": 1.0, ""contribution"": 0.0825}, {""key"": ""htf_bias"", ""weight"": 1.0, ""strength"": 0.6, ""contribution"": 0.0619}, {""key"": ""delta_flip"", ""note"": ""excluded: taker unavailable"", ""weight"": 0.0, ""excluded_weight"": 1.5}, {""key"": ""absorption"", ""note"": ""excluded: taker unavailable"", ""weight"": 0.0, ""excluded_weight"": 1.0}, {""key"": ""cohort"", ""note"": ""excluded: cohort unavailable"", ""weight"": 0.0, ""excluded_weight"": 1.0}]"
M3,BTC,adverse,2026-03-11 10:00:05,4h_fvg,69391.0,long,69347.1,,69289.5618644995,69586.08887934894,2026-03-11 10:45:05,,cancelled:entry_expired,,0.5894,half,"[{""key"": ""location"", ""weight"": 1.8, ""strength"": 1.0, ""contribution"": 0.2169}, {""key"": ""failure_quality"", ""weight"": 1.2, ""strength"": 0.5385, ""contribution"": 0.0779}, {""key"": ""thin_bids"", ""weight"": 1.0, ""strength"": 0.0, ""contribution"": 0.0}, {""key"": ""funding_up"", ""weight"": 0.8, ""strength"": 0.0, ""contribution"": 0.0}, {""key"": ""premium"", ""weight"": 1.0, ""strength"": 0.8077, ""contribution"": 0.0973}, {""key"": ""second_failure"", ""weight"": 1.5, ""strength"": 0.0, ""contribution"": 0.0}, {""key"": ""day_type_fit"", ""weight"": 1.0, ""strength"": 1.0, ""contribution"": 0.1205}, {""key"": ""trap"", ""note"": ""excluded: oi unavailable"", ""weight"": 0.0, ""excluded_weight"": 2.0}, {""key"": ""cvd_divergence"", ""note"": ""excluded: taker unavailable"", ""weight"": 0.0, ""excluded_weight"": 2.0}, {""key"": ""cluster_fuel"", ""note"": ""excluded: oi unavailable"", ""weight"": 0.0, ""excluded_weight"": 1.2}]"
M3,BTC,adverse,2026-03-11 10:15:05,4h_fvg,69391.0,long,,,,,,,"no_trade (trade #389 open at evaluation, its exit_ts 2026-03-11 10:45:05)",,0.5886,half,"[{""key"": ""location"", ""weight"": 1.8, ""strength"": 1.0, ""contribution"": 0.2169}, {""key"": ""failure_quality"", ""weight"": 1.2, ""strength"": 0.5531, ""contribution"": 0.08}, {""key"": ""thin_bids"", ""weight"": 1.0, ""strength"": 0.0, ""contribution"": 0.0}, {""key"": ""funding_up"", ""weight"": 0.8, ""strength"": 0.0, ""contribution"": 0.0}, {""key"": ""premium"", ""weight"": 1.0, ""strength"": 0.7845, ""contribution"": 0.0945}, {""key"": ""second_failure"", ""weight"": 1.5, ""strength"": 0.0, ""contribution"": 0.0}, {""key"": ""day_type_fit"", ""weight"": 1.0, ""strength"": 1.0, ""contribution"": 0.1205}, {""key"": ""trap"", ""note"": ""excluded: oi unavailable"", ""weight"": 0.0, ""excluded_weight"": 2.0}, {""key"": ""cvd_divergence"", ""note"": ""excluded: taker unavailable"", ""weight"": 0.0, ""excluded_weight"": 2.0}, {""key"": ""cluster_fuel"", ""note"": ""excluded: oi unavailable"", ""weight"": 0.0, ""excluded_weight"": 1.2}]"
M3,BTC,adverse,2026-03-11 12:45:05,4h_swing_low,69184.8,long,69146.2,2026-03-11 12:50:00,69081.12131983519,69437.42786776315,2026-03-11 18:50:00,70355.0,time_stop,11.033192299651803,0.6214,half,"[{""key"": ""location"", ""weight"": 1.8, ""strength"": 1.0, ""contribution"": 0.2169}, {""key"": ""failure_quality"", ""weight"": 1.2, ""strength"": 0.5957, ""contribution"": 0.0861}, {""key"": ""thin_bids"", ""weight"": 1.0, ""strength"": 0.0, ""contribution"": 0.0}, {""key"": ""funding_up"", ""weight"": 0.8, ""strength"": 0.0, ""contribution"": 0.0}, {""key"": ""premium"", ""weight"": 1.0, ""strength"": 0.9698, ""contribution"": 0.1168}, {""key"": ""second_failure"", ""weight"": 1.5, ""strength"": 0.0, ""contribution"": 0.0}, {""key"": ""day_type_fit"", ""weight"": 1.0, ""strength"": 1.0, ""contribution"": 0.1205}, {""key"": ""trap"", ""note"": ""excluded: oi unavailable"", ""weight"": 0.0, ""excluded_weight"": 2.0}, {""key"": ""cvd_divergence"", ""note"": ""excluded: taker unavailable"", ""weight"": 0.0, ""excluded_weight"": 2.0}, {""key"": ""cluster_fuel"", ""note"": ""excluded: oi unavailable"", ""weight"": 0.0, ""excluded_weight"": 1.2}]"
M3,BTC,adverse,2026-03-20 13:00:05,4h_swing_low,70256.0,long,70234.2,2026-03-20 13:05:00,70174.00838335883,71803.1,2026-03-20 13:35:00,70174.0,stop,-1.7008952137091378,0.5836,half,"[{""key"": ""location"", ""weight"": 1.8, ""strength"": 1.0, ""contribution"": 0.2169}, {""key"": ""failure_quality"", ""weight"": 1.2, ""strength"": 0.4489, ""contribution"": 0.0649}, {""key"": ""thin_bids"", ""weight"": 1.0, ""strength"": 0.0, ""contribution"": 0.0}, {""key"": ""funding_up"", ""weight"": 0.8, ""strength"": 0.0, ""contribution"": 0.0}, {""key"": ""premium"", ""weight"": 1.0, ""strength"": 0.4908, ""contribution"": 0.0591}, {""key"": ""second_failure"", ""weight"": 1.5, ""strength"": 0.0, ""contribution"": 0.0}, {""key"": ""day_type_fit"", ""weight"": 1.0, ""strength"": 1.0, ""contribution"": 0.1205}, {""key"": ""trap"", ""note"": ""excluded: oi unavailable"", ""weight"": 0.0, ""excluded_weight"": 2.0}, {""key"": ""cvd_divergence"", ""note"": ""excluded: taker unavailable"", ""weight"": 0.0, ""excluded_weight"": 2.0}, {""key"": ""cluster_fuel"", ""note"": ""excluded: oi unavailable"", ""weight"": 0.0, ""excluded_weight"": 1.2}]"
M3,BTC,adverse,2026-03-23 15:15:05,london_high,71468.0,short,71650.0,,71769.28589356178,71264.6791349246,2026-03-23 16:00:05,,cancelled:entry_expired,,0.5882,half,"[{""key"": ""location"", ""weight"": 1.8, ""strength"": 0.6, ""contribution"": 0.1301}, {""key"": ""failure_quality"", ""weight"": 1.2, ""strength"": 0.6525, ""contribution"": 0.0943}, {""key"": ""thin_bids"", ""weight"": 1.0, ""strength"": 0.0, ""contribution"": 0.0}, {""key"": ""funding_up"", ""weight"": 0.8, ""strength"": 0.0, ""contribution"": 0.0}, {""key"": ""premium"", ""weight"": 1.0, ""strength"": 0.9965, ""contribution"": 0.1201}, {""key"": ""second_failure"", ""weight"": 1.5, ""strength"": 0.0, ""contribution"": 0.0}, {""key"": ""day_type_fit"", ""weight"": 1.0, ""strength"": 1.0, ""contribution"": 0.1205}, {""key"": ""trap"", ""note"": ""excluded: oi unavailable"", ""weight"": 0.0, ""excluded_weight"": 2.0}, {""key"": ""cvd_divergence"", ""note"": ""excluded: taker unavailable"", ""weight"": 0.0, ""excluded_weight"": 2.0}, {""key"": ""cluster_fuel"", ""note"": ""excluded: oi unavailable"", ""weight"": 0.0, ""excluded_weight"": 1.2}]"
M3,BTC,adverse,2026-04-01 15:15:05,4h_swing_high,68600.0,short,68628.1,2026-04-01 15:20:00,68700.62014133876,68303.72413067809,2026-04-01 15:20:00,68700.6,stop,-1.5676808232064416,0.677,half,"[{""key"": ""location"", ""weight"": 1.8, ""strength"": 1.0, ""contribution"": 0.2169}, {""key"": ""failure_quality"", ""weight"": 1.2, ""strength"": 0.6266, ""contribution"": 0.0906}, {""key"": ""thin_bids"", ""weight"": 1.0, ""strength"": 0.0, ""contribution"": 0.0}, {""key"": ""funding_up"", ""weight"": 0.8, ""strength"": 0.0, ""contribution"": 0.0}, {""key"": ""premium"", ""weight"": 1.0, ""strength"": 0.8903, ""contribution"": 0.1073}, {""key"": ""second_failure"", ""weight"": 1.5, ""strength"": 0.0, ""contribution"": 0.0}, {""key"": ""day_type_fit"", ""weight"": 1.0, ""strength"": 1.0, ""contribution"": 0.1205}, {""key"": ""trap"", ""note"": ""excluded: oi unavailable"", ""weight"": 0.0, ""excluded_weight"": 2.0}, {""key"": ""cvd_divergence"", ""note"": ""excluded: taker unavailable"", ""weight"": 0.0, ""excluded_weight"": 2.0}, {""key"": ""cluster_fuel"", ""note"": ""excluded: oi unavailable"", ""weight"": 0.0, ""excluded_weight"": 1.2}]"
M3,BTC,adverse,2026-04-02 11:15:05,4h_swing_low,66200.1,long,66210.4,2026-04-02 11:20:00,66163.67463773543,66505.41686717817,2026-04-02 11:20:00,66163.7,stop,-1.849864937001774,0.6434,half,"[{""key"": ""location"", ""weight"": 1.8, ""strength"": 1.0, ""contribution"": 0.2169}, {""key"": ""failure_quality"", ""weight"": 1.2, ""strength"": 0.8671, ""contribution"": 0.1254}, {""key"": ""thin_bids"", ""weight"": 1.0, ""strength"": 0.0, ""contribution"": 0.0}, {""key"": ""funding_up"", ""weight"": 0.8, ""strength"": 0.0, ""contribution"": 0.0}, {""key"": ""premium"", ""weight"": 1.0, ""strength"": 0.8032, ""contribution"": 0.0968}, {""key"": ""second_failure"", ""weight"": 1.5, ""strength"": 0.0, ""contribution"": 0.0}, {""key"": ""day_type_fit"", ""weight"": 1.0, ""strength"": 1.0, ""contribution"": 0.1205}, {""key"": ""trap"", ""note"": ""excluded: oi unavailable"", ""weight"": 0.0, ""excluded_weight"": 2.0}, {""key"": ""cvd_divergence"", ""note"": ""excluded: taker unavailable"", ""weight"": 0.0, ""excluded_weight"": 2.0}, {""key"": ""cluster_fuel"", ""note"": ""excluded: oi unavailable"", ""weight"": 0.0, ""excluded_weight"": 1.2}]"
M3,BTC,adverse,2026-05-12 16:30:05,4h_swing_low,80225.1,long,80156.7,2026-05-12 16:50:00,80095.73782536315,80495.37485376574,2026-05-12 16:50:00,80095.7,stop,-1.7898263068313018,0.6064,half,"[{""key"": ""location"", ""weight"": 1.8, ""strength"": 1.0, ""contribution"": 0.2169}, {""key"": ""failure_quality"", ""weight"": 1.2, ""strength"": 1.0, ""contribution"": 0.1446}, {""key"": ""thin_bids"", ""weight"": 1.0, ""strength"": 0.0, ""contribution"": 0.0}, {""key"": ""funding_up"", ""weight"": 0.8, ""strength"": 0.0, ""contribution"": 0.0}, {""key"": ""premium"", ""weight"": 1.0, ""strength"": 0.9734, ""contribution"": 0.1173}, {""key"": ""second_failure"", ""weight"": 1.5, ""strength"": 0.0, ""contribution"": 0.0}, {""key"": ""day_type_fit"", ""weight"": 1.0, ""strength"": 1.0, ""contribution"": 0.1205}, {""key"": ""trap"", ""note"": ""excluded: oi unavailable"", ""weight"": 0.0, ""excluded_weight"": 2.0}, {""key"": ""cvd_divergence"", ""note"": ""excluded: taker unavailable"", ""weight"": 0.0, ""excluded_weight"": 2.0}, {""key"": ""cluster_fuel"", ""note"": ""excluded: oi unavailable"", ""weight"": 0.0, ""excluded_weight"": 1.2}]"
M3,BTC,adverse,2026-06-08 14:00:05,asia_high,63849.5,short,63884.0,2026-06-08 14:35:00,63973.98200398118,63644.19100824367,2026-06-08 14:50:00,63974.0,stop,-1.4268188344184074,0.6693,half,"[{""key"": ""location"", ""weight"": 1.8, ""strength"": 0.6, ""contribution"": 0.1301}, {""key"": ""failure_quality"", ""weight"": 1.2, ""strength"": 0.6263, ""contribution"": 0.0906}, {""key"": ""thin_bids"", ""weight"": 1.0, ""strength"": 0.0, ""contribution"": 0.0}, {""key"": ""funding_up"", ""weight"": 0.8, ""strength"": 0.0, ""contribution"": 0.0}, {""key"": ""premium"", ""weight"": 1.0, ""strength"": 0.6584, ""contribution"": 0.0793}, {""key"": ""second_failure"", ""weight"": 1.5, ""strength"": 1.0, ""contribution"": 0.1807}, {""key"": ""day_type_fit"", ""weight"": 1.0, ""strength"": 1.0, ""contribution"": 0.1205}, {""key"": ""trap"", ""note"": ""excluded: oi unavailable"", ""weight"": 0.0, ""excluded_weight"": 2.0}, {""key"": ""cvd_divergence"", ""note"": ""excluded: taker unavailable"", ""weight"": 0.0, ""excluded_weight"": 2.0}, {""key"": ""cluster_fuel"", ""note"": ""excluded: oi unavailable"", ""weight"": 0.0, ""excluded_weight"": 1.2}]"
M3,BTC,adverse,2026-07-06 18:30:05,asia_high,63900.0,short,63893.2,,63970.25727657778,63200.399999999994,2026-07-06 19:15:05,,cancelled:entry_expired,,0.7802,full,"[{""key"": ""location"", ""weight"": 1.8, ""strength"": 0.8, ""contribution"": 0.1735}, {""key"": ""failure_quality"", ""weight"": 1.2, ""strength"": 1.0, ""contribution"": 0.1446}, {""key"": ""thin_bids"", ""weight"": 1.0, ""strength"": 0.0, ""contribution"": 0.0}, {""key"": ""funding_up"", ""weight"": 0.8, ""strength"": 0.0, ""contribution"": 0.0}, {""key"": ""premium"", ""weight"": 1.0, ""strength"": 0.6768, ""contribution"": 0.0815}, {""key"": ""second_failure"", ""weight"": 1.5, ""strength"": 1.0, ""contribution"": 0.1807}, {""key"": ""day_type_fit"", ""weight"": 1.0, ""strength"": 1.0, ""contribution"": 0.1205}, {""key"": ""trap"", ""note"": ""excluded: oi unavailable"", ""weight"": 0.0, ""excluded_weight"": 2.0}, {""key"": ""cvd_divergence"", ""note"": ""excluded: taker unavailable"", ""weight"": 0.0, ""excluded_weight"": 2.0}, {""key"": ""cluster_fuel"", ""note"": ""excluded: oi unavailable"", ""weight"": 0.0, ""excluded_weight"": 1.2}]"
M3,ETH,adverse,2026-04-06 15:00:05,4h_swing_high,2157.99,short,2157.26,2026-04-06 15:05:00,2160.002930476918,2148.244518742972,2026-04-06 15:05:00,2160.0,stop,-1.4738014992223767,0.5899,half,"[{""key"": ""location"", ""weight"": 1.8, ""strength"": 1.0, ""contribution"": 0.2169}, {""key"": ""failure_quality"", ""weight"": 1.2, ""strength"": 1.0, ""contribution"": 0.1446}, {""key"": ""thin_bids"", ""weight"": 1.0, ""strength"": 0.0, ""contribution"": 0.0}, {""key"": ""funding_up"", ""weight"": 0.8, ""strength"": 0.0, ""contribution"": 0.0}, {""key"": ""premium"", ""weight"": 1.0, ""strength"": 0.8383, ""contribution"": 0.101}, {""key"": ""second_failure"", ""weight"": 1.5, ""strength"": 0.0, ""contribution"": 0.0}, {""key"": ""day_type_fit"", ""weight"": 1.0, ""strength"": 1.0, ""contribution"": 0.1205}, {""key"": ""trap"", ""note"": ""excluded: oi unavailable"", ""weight"": 0.0, ""excluded_weight"": 2.0}, {""key"": ""cvd_divergence"", ""note"": ""excluded: taker unavailable"", ""weight"": 0.0, ""excluded_weight"": 2.0}, {""key"": ""cluster_fuel"", ""note"": ""excluded: oi unavailable"", ""weight"": 0.0, ""excluded_weight"": 1.2}]"
M3,ETH,adverse,2026-04-06 16:15:05,4h_swing_high,2167.2,short,2168.08,,2170.6510276997055,2152.790378862067,2026-04-06 17:00:05,,cancelled:entry_expired,,0.7558,full,"[{""key"": ""location"", ""weight"": 1.8, ""strength"": 1.0, ""contribution"": 0.2169}, {""key"": ""failure_quality"", ""weight"": 1.2, ""strength"": 0.2998, ""contribution"": 0.0433}, {""key"": ""thin_bids"", ""weight"": 1.0, ""strength"": 0.0, ""contribution"": 0.0}, {""key"": ""funding_up"", ""weight"": 0.8, ""strength"": 0.0, ""contribution"": 0.0}, {""key"": ""premium"", ""weight"": 1.0, ""strength"": 0.9756, ""contribution"": 0.1175}, {""key"": ""second_failure"", ""weight"": 1.5, ""strength"": 1.0, ""contribution"": 0.1807}, {""key"": ""day_type_fit"", ""weight"": 1.0, ""strength"": 1.0, ""contribution"": 0.1205}, {""key"": ""trap"", ""note"": ""excluded: oi unavailable"", ""weight"": 0.0, ""excluded_weight"": 2.0}, {""key"": ""cvd_divergence"", ""note"": ""excluded: taker unavailable"", ""weight"": 0.0, ""excluded_weight"": 2.0}, {""key"": ""cluster_fuel"", ""note"": ""excluded: oi unavailable"", ""weight"": 0.0, ""excluded_weight"": 1.2}]"
M3,ETH,adverse,2026-05-06 17:30:05,4h_swing_low,2352.42,long,2350.24,2026-05-06 17:35:00,2347.7092276395474,2366.691374443956,2026-05-06 17:50:00,2347.71,stop,-1.5540809140537333,0.604,half,"[{""key"": ""location"", ""weight"": 1.8, ""strength"": 1.0, ""contribution"": 0.2169}, {""key"": ""failure_quality"", ""weight"": 1.2, ""strength"": 0.9646, ""contribution"": 0.1395}, {""key"": ""thin_bids"", ""weight"": 1.0, ""strength"": 0.0, ""contribution"": 0.0}, {""key"": ""funding_up"", ""weight"": 0.8, ""strength"": 0.0, ""contribution"": 0.0}, {""key"": ""premium"", ""weight"": 1.0, ""strength"": 0.9961, ""contribution"": 0.12}, {""key"": ""second_failure"", ""weight"": 1.5, ""strength"": 0.0, ""contribution"": 0.0}, {""key"": ""day_type_fit"", ""weight"": 1.0, ""strength"": 1.0, ""contribution"": 0.1205}, {""key"": ""trap"", ""note"": ""excluded: oi unavailable"", ""weight"": 0.0, ""excluded_weight"": 2.0}, {""key"": ""cvd_divergence"", ""note"": ""excluded: taker unavailable"", ""weight"": 0.0, ""excluded_weight"": 2.0}, {""key"": ""cluster_fuel"", ""note"": ""excluded: oi unavailable"", ""weight"": 0.0, ""excluded_weight"": 1.2}]"
M3,ETH,adverse,2026-05-16 13:45:05,equal_lows_4h,2173.7633333333333,long,2172.01,,2170.4875225536157,2174.991831322906,2026-05-16 14:30:05,,cancelled:entry_expired,,0.6061,half,"[{""key"": ""location"", ""weight"": 1.8, ""strength"": 1.0, ""contribution"": 0.2169}, {""key"": ""failure_quality"", ""weight"": 1.2, ""strength"": 1.0, ""contribution"": 0.1446}, {""key"": ""thin_bids"", ""weight"": 1.0, ""strength"": 0.0, ""contribution"": 0.0}, {""key"": ""funding_up"", ""weight"": 0.8, ""strength"": 0.0, ""contribution"": 0.0}, {""key"": ""premium"", ""weight"": 1.0, ""strength"": 0.9709, ""contribution"": 0.117}, {""key"": ""second_failure"", ""weight"": 1.5, ""strength"": 0.0, ""contribution"": 0.0}, {""key"": ""day_type_fit"", ""weight"": 1.0, ""strength"": 1.0, ""contribution"": 0.1205}, {""key"": ""trap"", ""note"": ""excluded: oi unavailable"", ""weight"": 0.0, ""excluded_weight"": 2.0}, {""key"": ""cvd_divergence"", ""note"": ""excluded: taker unavailable"", ""weight"": 0.0, ""excluded_weight"": 2.0}, {""key"": ""cluster_fuel"", ""note"": ""excluded: oi unavailable"", ""weight"": 0.0, ""excluded_weight"": 1.2}]"
M3,ETH,adverse,2026-08-05 15:45:05,4h_swing_high,1881.72,short,1881.38,2026-08-05 16:05:00,1883.1040835670035,1871.4629210054652,2026-08-05 16:20:00,1883.1,stop,-1.6534071854117267,0.5562,half,"[{""key"": ""location"", ""weight"": 1.8, ""strength"": 1.0, ""contribution"": 0.2169}, {""key"": ""failure_quality"", ""weight"": 1.2, ""strength"": 1.0, ""contribution"": 0.1446}, {""key"": ""thin_bids"", ""weight"": 1.0, ""strength"": 0.0, ""contribution"": 0.0}, {""key"": ""funding_up"", ""weight"": 0.8, ""strength"": 0.0, ""contribution"": 0.0}, {""key"": ""premium"", ""weight"": 1.0, ""strength"": 0.5621, ""contribution"": 0.0677}, {""key"": ""second_failure"", ""weight"": 1.5, ""strength"": 0.0, ""contribution"": 0.0}, {""key"": ""day_type_fit"", ""weight"": 1.0, ""strength"": 1.0, ""contribution"": 0.1205}, {""key"": ""trap"", ""note"": ""excluded: oi unavailable"", ""weight"": 0.0, ""excluded_weight"": 2.0}, {""key"": ""cvd_divergence"", ""note"": ""excluded: taker unavailable"", ""weight"": 0.0, ""excluded_weight"": 2.0}, {""key"": ""cluster_fuel"", ""note"": ""excluded: oi unavailable"", ""weight"": 0.0, ""excluded_weight"": 1.2}]"
M5,BTC,adverse,2026-03-11 13:15:05,asia_low,69329.7,long,69623.7,,69250.69233700076,69789.4,2026-03-11 14:00:05,,cancelled:entry_expired,,0.9081,full,"[{""key"": ""bias_alignment"", ""weight"": 2.0, ""strength"": 1.0, ""contribution"": 0.2353}, {""key"": ""range_quality"", ""weight"": 1.5, ""strength"": 0.6, ""contribution"": 0.1059}, {""key"": ""reclaim"", ""weight"": 1.8, ""strength"": 0.8852, ""contribution"": 0.1875}, {""key"": ""early_in_window"", ""weight"": 1.0, ""strength"": 1.0, ""contribution"": 0.1176}, {""key"": ""open_location"", ""weight"": 1.0, ""strength"": 0.3, ""contribution"": 0.0353}, {""key"": ""no_pre_drift"", ""weight"": 1.2, ""strength"": 0.7413, ""contribution"": 0.1047}, {""key"": ""fuel"", ""note"": ""excluded: oi unavailable"", ""weight"": 0.0, ""excluded_weight"": 1.3}, {""key"": ""cleared"", ""note"": ""excluded: oi unavailable"", ""weight"": 0.0, ""excluded_weight"": 1.0}, {""key"": ""delta_flip"", ""note"": ""excluded: taker unavailable"", ""weight"": 0.0, ""excluded_weight"": 1.3}, {""key"": ""cohort"", ""note"": ""excluded: cohort unavailable"", ""weight"": 0.0, ""excluded_weight"": 0.8}]"
M5,BTC,adverse,2026-03-20 14:00:05,asia_low,69801.3,long,70055.0,2026-03-20 14:00:00,69710.33710516742,70373.1,2026-03-20 14:05:00,69710.3,stop,-1.1216115537698816,0.8214,full,"[{""key"": ""bias_alignment"", ""weight"": 2.0, ""strength"": 1.0, ""contribution"": 0.2353}, {""key"": ""range_quality"", ""weight"": 1.5, ""strength"": 0.6, ""contribution"": 0.1059}, {""key"": ""reclaim"", ""weight"": 1.8, ""strength"": 0.9237, ""contribution"": 0.1956}, {""key"": ""early_in_window"", ""weight"": 1.0, ""strength"": 0.6, ""contribution"": 0.0706}, {""key"": ""open_location"", ""weight"": 1.0, ""strength"": 1.0, ""contribution"": 0.1176}, {""key"": ""no_pre_drift"", ""weight"": 1.2, ""strength"": 0.4617, ""contribution"": 0.0652}, {""key"": ""fuel"", ""note"": ""excluded: oi unavailable"", ""weight"": 0.0, ""excluded_weight"": 1.3}, {""key"": ""cleared"", ""note"": ""excluded: oi unavailable"", ""weight"": 0.0, ""excluded_weight"": 1.0}, {""key"": ""delta_flip"", ""note"": ""excluded: taker unavailable"", ""weight"": 0.0, ""excluded_weight"": 1.3}, {""key"": ""cohort"", ""note"": ""excluded: cohort unavailable"", ""weight"": 0.0, ""excluded_weight"": 0.8}]"
M5,BTC,adverse,2026-03-21 07:45:05,asia_high,70803.1,short,70779.0,,70866.99512387482,70603.15,2026-03-21 08:30:05,,cancelled:entry_expired,,0.6255,half,"[{""key"": ""bias_alignment"", ""weight"": 2.0, ""strength"": 0.2, ""contribution"": 0.0471}, {""key"": ""range_quality"", ""weight"": 1.5, ""strength"": 0.6, ""contribution"": 0.1059}, {""key"": ""reclaim"", ""weight"": 1.8, ""strength"": 1.0, ""contribution"": 0.2118}, {""key"": ""early_in_window"", ""weight"": 1.0, ""strength"": 1.0, ""contribution"": 0.1176}, {""key"": ""open_location"", ""weight"": 1.0, ""strength"": 0.7, ""contribution"": 0.0824}, {""key"": ""no_pre_drift"", ""weight"": 1.2, ""strength"": 0.4307, ""contribution"": 0.0608}, {""key"": ""fuel"", ""note"": ""excluded: oi unavailable"", ""weight"": 0.0, ""excluded_weight"": 1.3}, {""key"": ""cleared"", ""note"": ""excluded: oi unavailable"", ""weight"": 0.0, ""excluded_weight"": 1.0}, {""key"": ""delta_flip"", ""note"": ""excluded: taker unavailable"", ""weight"": 0.0, ""excluded_weight"": 1.3}, {""key"": ""cohort"", ""note"": ""excluded: cohort unavailable"", ""weight"": 0.0, ""excluded_weight"": 0.8}]"
M5,BTC,adverse,2026-04-06 14:30:05,asia_high,69583.0,short,69471.9,2026-04-06 14:30:00,69662.6114311349,69161.6,2026-04-06 14:35:00,69662.6,stop,-1.2186370883097022,0.8475,full,"[{""key"": ""bias_alignment"", ""weight"": 2.0, ""strength"": 0.6, ""contribution"": 0.1412}, {""key"": ""range_quality"", ""weight"": 1.5, ""strength"": 0.6, ""contribution"": 0.1059}, {""key"": ""reclaim"", ""weight"": 1.8, ""strength"": 0.5778, ""contribution"": 0.1224}, {""key"": ""early_in_window"", ""weight"": 1.0, ""strength"": 0.6, ""contribution"": 0.0706}, {""key"": ""open_location"", ""weight"": 1.0, ""strength"": 1.0, ""contribution"": 0.1176}, {""key"": ""no_pre_drift"", ""weight"": 1.2, ""strength"": 1.0, ""contribution"": 0.1412}, {""key"": ""fuel"", ""note"": ""excluded: oi unavailable"", ""weight"": 0.0, ""excluded_weight"": 1.3}, {""key"": ""cleared"", ""note"": ""excluded: oi unavailable"", ""weight"": 0.0, ""excluded_weight"": 1.0}, {""key"": ""delta_flip"", ""note"": ""excluded: taker unavailable"", ""weight"": 0.0, ""excluded_weight"": 1.3}, {""key"": ""cohort"", ""note"": ""excluded: cohort unavailable"", ""weight"": 0.0, ""excluded_weight"": 0.8}]"
M5,BTC,adverse,2026-04-15 14:00:05,asia_low,73822.0,long,73930.0,2026-04-15 14:05:00,73734.84727113215,74280.6,2026-04-15 14:35:00,73930.0,stop_be,0.5368072738282613,0.7768,full,"[{""key"": ""bias_alignment"", ""weight"": 2.0, ""strength"": 0.6, ""contribution"": 0.1412}, {""key"": ""range_quality"", ""weight"": 1.5, ""strength"": 0.6, ""contribution"": 0.1059}, {""key"": ""reclaim"", ""weight"": 1.8, ""strength"": 0.4537, ""contribution"": 0.0961}, {""key"": ""early_in_window"", ""weight"": 1.0, ""strength"": 0.6, ""contribution"": 0.0706}, {""key"": ""open_location"", ""weight"": 1.0, ""strength"": 1.0, ""contribution"": 0.1176}, {""key"": ""no_pre_drift"", ""weight"": 1.2, ""strength"": 1.0, ""contribution"": 0.1412}, {""key"": ""fuel"", ""note"": ""excluded: oi unavailable"", ""weight"": 0.0, ""excluded_weight"": 1.3}, {""key"": ""cleared"", ""note"": ""excluded: oi unavailable"", ""weight"": 0.0, ""excluded_weight"": 1.0}, {""key"": ""delta_flip"", ""note"": ""excluded: taker unavailable"", ""weight"": 0.0, ""excluded_weight"": 1.3}, {""key"": ""cohort"", ""note"": ""excluded: cohort unavailable"", ""weight"": 0.0, ""excluded_weight"": 0.8}]"
M5,BTC,adverse,2026-04-21 14:30:05,asia_high,76232.3,short,76050.5,2026-04-21 14:30:00,76350.31463611546,75832.70000000001,2026-04-21 14:35:00,76350.3,stop,-1.1524040129458188,0.6478,half,"[{""key"": ""bias_alignment"", ""weight"": 2.0, ""strength"": 0.2, ""contribution"": 0.0471}, {""key"": ""range_quality"", ""weight"": 1.5, ""strength"": 0.6, ""contribution"": 0.1059}, {""key"": ""reclaim"", ""weight"": 1.8, ""strength"": 0.3706, ""contribution"": 0.0785}, {""key"": ""early_in_window"", ""weight"": 1.0, ""strength"": 0.6, ""contribution"": 0.0706}, {""key"": ""open_location"", ""weight"": 1.0, ""strength"": 1.0, ""contribution"": 0.1176}, {""key"": ""no_pre_drift"", ""weight"": 1.2, ""strength"": 1.0, ""contribution"": 0.1412}, {""key"": ""fuel"", ""note"": ""excluded: oi unavailable"", ""weight"": 0.0, ""excluded_weight"": 1.3}, {""key"": ""cleared"", ""note"": ""excluded: oi unavailable"", ""weight"": 0.0, ""excluded_weight"": 1.0}, {""key"": ""delta_flip"", ""note"": ""excluded: taker unavailable"", ""weight"": 0.0, ""excluded_weight"": 1.3}, {""key"": ""cohort"", ""note"": ""excluded: cohort unavailable"", ""weight"": 0.0, ""excluded_weight"": 0.8}]"
M5,BTC,adverse,2026-05-10 08:30:05,asia_high,80859.9,short,80792.6,2026-05-10 08:30:00,80885.45807860946,80696.79999999999,2026-05-10 10:35:00,80792.6,stop_be,-0.004896719884819143,0.6247,half,"[{""key"": ""bias_alignment"", ""weight"": 2.0, ""strength"": 0.2, ""contribution"": 0.0471}, {""key"": ""range_quality"", ""weight"": 1.5, ""strength"": 0.6, ""contribution"": 0.1059}, {""key"": ""reclaim"", ""weight"": 1.8, ""strength"": 0.6724, ""contribution"": 0.1424}, {""key"": ""early_in_window"", ""weight"": 1.0, ""strength"": 0.6, ""contribution"": 0.0706}, {""key"": ""open_location"", ""weight"": 1.0, ""strength"": 1.0, ""contribution"": 0.1176}, {""key"": ""no_pre_drift"", ""weight"": 1.2, ""strength"": 1.0, ""contribution"": 0.1412}, {""key"": ""fuel"", ""note"": ""excluded: oi unavailable"", ""weight"": 0.0, ""excluded_weight"": 1.3}, {""key"": ""cleared"", ""note"": ""excluded: oi unavailable"", ""weight"": 0.0, ""excluded_weight"": 1.0}, {""key"": ""delta_flip"", ""note"": ""excluded: taker unavailable"", ""weight"": 0.0, ""excluded_weight"": 1.3}, {""key"": ""cohort"", ""note"": ""excluded: cohort unavailable"", ""weight"": 0.0, ""excluded_weight"": 0.8}]"
M5,BTC,adverse,2026-07-03 09:00:05,asia_high,61825.1,short,61685.4,2026-07-03 09:05:00,61897.87960980149,61527.05,2026-07-03 09:20:00,61685.4,stop_be,0.158756744679086,0.7765,full,"[{""key"": ""bias_alignment"", ""weight"": 2.0, ""strength"": 1.0, ""contribution"": 0.2353}, {""key"": ""range_quality"", ""weight"": 1.5, ""strength"": 0.6, ""contribution"": 0.1059}, {""key"": ""reclaim"", ""weight"": 1.8, ""strength"": 1.0, ""contribution"": 0.2118}, {""key"": ""early_in_window"", ""weight"": 1.0, ""strength"": 0.3, ""contribution"": 0.0353}, {""key"": ""open_location"", ""weight"": 1.0, ""strength"": 1.0, ""contribution"": 0.1176}, {""key"": ""no_pre_drift"", ""weight"": 1.2, ""strength"": 0.0, ""contribution"": 0.0}, {""key"": ""fuel"", ""note"": ""excluded: oi unavailable"", ""weight"": 0.0, ""excluded_weight"": 1.3}, {""key"": ""cleared"", ""note"": ""excluded: oi unavailable"", ""weight"": 0.0, ""excluded_weight"": 1.0}, {""key"": ""delta_flip"", ""note"": ""excluded: taker unavailable"", ""weight"": 0.0, ""excluded_weight"": 1.3}, {""key"": ""cohort"", ""note"": ""excluded: cohort unavailable"", ""weight"": 0.0, ""excluded_weight"": 0.8}]"
M5,BTC,adverse,2026-08-06 14:45:05,asia_low,64386.3,long,64573.1,,64308.98043426199,64679.0,2026-08-06 15:30:05,,cancelled:entry_expired,,0.6641,half,"[{""key"": ""bias_alignment"", ""weight"": 2.0, ""strength"": 0.6, ""contribution"": 0.1412}, {""key"": ""range_quality"", ""weight"": 1.5, ""strength"": 0.6, ""contribution"": 0.1059}, {""key"": ""reclaim"", ""weight"": 1.8, ""strength"": 0.9928, ""contribution"": 0.2102}, {""key"": ""early_in_window"", ""weight"": 1.0, ""strength"": 0.3, ""contribution"": 0.0353}, {""key"": ""open_location"", ""weight"": 1.0, ""strength"": 0.7, ""contribution"": 0.0824}, {""key"": ""no_pre_drift"", ""weight"": 1.2, ""strength"": 0.0, ""contribution"": 0.0}, {""key"": ""fuel"", ""note"": ""excluded: oi unavailable"", ""weight"": 0.0, ""excluded_weight"": 1.3}, {""key"": ""cleared"", ""note"": ""excluded: oi unavailable"", ""weight"": 0.0, ""excluded_weight"": 1.0}, {""key"": ""delta_flip"", ""note"": ""excluded: taker unavailable"", ""weight"": 0.0, ""excluded_weight"": 1.3}, {""key"": ""cohort"", ""note"": ""excluded: cohort unavailable"", ""weight"": 0.0, ""excluded_weight"": 0.8}]"
M5,ETH,adverse,2026-03-11 07:45:05,asia_low,2010.0,long,2012.59,2026-03-11 07:45:00,2004.723825364845,2025.5,2026-03-11 11:00:00,2027.81,time_stop,1.6928950782626806,0.9188,full,"[{""key"": ""bias_alignment"", ""weight"": 2.0, ""strength"": 1.0, ""contribution"": 0.2353}, {""key"": ""range_quality"", ""weight"": 1.5, ""strength"": 0.6, ""contribution"": 0.1059}, {""key"": ""reclaim"", ""weight"": 1.8, ""strength"": 0.5553, ""contribution"": 0.1176}, {""key"": ""early_in_window"", ""weight"": 1.0, ""strength"": 1.0, ""contribution"": 0.1176}, {""key"": ""open_location"", ""weight"": 1.0, ""strength"": 1.0, ""contribution"": 0.1176}, {""key"": ""no_pre_drift"", ""weight"": 1.2, ""strength"": 1.0, ""contribution"": 0.1412}, {""key"": ""fuel"", ""note"": ""excluded: oi unavailable"", ""weight"": 0.0, ""excluded_weight"": 1.3}, {""key"": ""cleared"", ""note"": ""excluded: oi unavailable"", ""weight"": 0.0, ""excluded_weight"": 1.0}, {""key"": ""delta_flip"", ""note"": ""excluded: taker unavailable"", ""weight"": 0.0, ""excluded_weight"": 1.3}, {""key"": ""cohort"", ""note"": ""excluded: cohort unavailable"", ""weight"": 0.0, ""excluded_weight"": 0.8}]"
M5,ETH,adverse,2026-03-21 07:45:05,asia_high,2159.0,short,2157.38,,2161.3155655847177,2150.94,2026-03-21 08:30:05,,cancelled:entry_expired,,0.6658,half,"[{""key"": ""bias_alignment"", ""weight"": 2.0, ""strength"": 0.2, ""contribution"": 0.0471}, {""key"": ""range_quality"", ""weight"": 1.5, ""strength"": 0.6, ""contribution"": 0.1059}, {""key"": ""reclaim"", ""weight"": 1.8, ""strength"": 0.8861, ""contribution"": 0.1876}, {""key"": ""early_in_window"", ""weight"": 1.0, ""strength"": 1.0, ""contribution"": 0.1176}, {""key"": ""open_location"", ""weight"": 1.0, ""strength"": 1.0, ""contribution"": 0.1176}, {""key"": ""no_pre_drift"", ""weight"": 1.2, ""strength"": 0.6367, ""contribution"": 0.0899}, {""key"": ""fuel"", ""note"": ""excluded: oi unavailable"", ""weight"": 0.0, ""excluded_weight"": 1.3}, {""key"": ""cleared"", ""note"": ""excluded: oi unavailable"", ""weight"": 0.0, ""excluded_weight"": 1.0}, {""key"": ""delta_flip"", ""note"": ""excluded: taker unavailable"", ""weight"": 0.0, ""excluded_weight"": 1.3}, {""key"": ""cohort"", ""note"": ""excluded: cohort unavailable"", ""weight"": 0.0, ""excluded_weight"": 0.8}]"
M5,ETH,adverse,2026-04-21 15:00:05,asia_low,2297.51,long,2307.42,2026-04-21 15:00:00,2291.5227982157767,2312.3100000000004,2026-04-21 15:05:00,2291.52,stop,-1.0871556524755326,0.5893,half,"[{""key"": ""bias_alignment"", ""weight"": 2.0, ""strength"": 0.6, ""contribution"": 0.1412}, {""key"": ""range_quality"", ""weight"": 1.5, ""strength"": 0.0, ""contribution"": 0.0}, {""key"": ""reclaim"", ""weight"": 1.8, ""strength"": 1.0, ""contribution"": 0.2118}, {""key"": ""early_in_window"", ""weight"": 1.0, ""strength"": 0.3, ""contribution"": 0.0353}, {""key"": ""open_location"", ""weight"": 1.0, ""strength"": 1.0, ""contribution"": 0.1176}, {""key"": ""no_pre_drift"", ""weight"": 1.2, ""strength"": 0.0309, ""contribution"": 0.0044}, {""key"": ""fuel"", ""note"": ""excluded: oi unavailable"", ""weight"": 0.0, ""excluded_weight"": 1.3}, {""key"": ""cleared"", ""note"": ""excluded: oi unavailable"", ""weight"": 0.0, ""excluded_weight"": 1.0}, {""key"": ""delta_flip"", ""note"": ""excluded: taker unavailable"", ""weight"": 0.0, ""excluded_weight"": 1.3}, {""key"": ""cohort"", ""note"": ""excluded: cohort unavailable"", ""weight"": 0.0, ""excluded_weight"": 0.8}]"
M5,ETH,adverse,2026-05-25 08:15:05,asia_high,2112.67,short,2113.19,2026-05-25 08:35:00,2116.563486513526,2101.755,2026-05-25 08:50:00,2116.56,stop,-1.3752627975233573,0.6848,half,"[{""key"": ""bias_alignment"", ""weight"": 2.0, ""strength"": 1.0, ""contribution"": 0.2353}, {""key"": ""range_quality"", ""weight"": 1.5, ""strength"": 0.6, ""contribution"": 0.1059}, {""key"": ""reclaim"", ""weight"": 1.8, ""strength"": 1.0, ""contribution"": 0.2118}, {""key"": ""early_in_window"", ""weight"": 1.0, ""strength"": 0.6, ""contribution"": 0.0706}, {""key"": ""open_location"", ""weight"": 1.0, ""strength"": 1.0, ""contribution"": 0.1176}, {""key"": ""no_pre_drift"", ""weight"": 1.2, ""strength"": 0.0, ""contribution"": 0.0}, {""key"": ""fuel"", ""note"": ""excluded: oi unavailable"", ""weight"": 0.0, ""excluded_weight"": 1.3}, {""key"": ""cleared"", ""note"": ""excluded: oi unavailable"", ""weight"": 0.0, ""excluded_weight"": 1.0}, {""key"": ""delta_flip"", ""note"": ""excluded: taker unavailable"", ""weight"": 0.0, ""excluded_weight"": 1.3}, {""key"": ""cohort"", ""note"": ""excluded: cohort unavailable"", ""weight"": 0.0, ""excluded_weight"": 0.8}]"
M5,ETH,adverse,2026-05-27 14:00:05,asia_low,2055.0,long,2058.51,2026-05-27 14:20:00,2049.787923752557,2069.27,2026-05-27 17:00:00,2069.33,time_stop,1.1240842113566656,0.6354,half,"[{""key"": ""bias_alignment"", ""weight"": 2.0, ""strength"": 0.2, ""contribution"": 0.0471}, {""key"": ""range_quality"", ""weight"": 1.5, ""strength"": 0.6, ""contribution"": 0.1059}, {""key"": ""reclaim"", ""weight"": 1.8, ""strength"": 1.0, ""contribution"": 0.2118}, {""key"": ""early_in_window"", ""weight"": 1.0, ""strength"": 1.0, ""contribution"": 0.1176}, {""key"": ""open_location"", ""weight"": 1.0, ""strength"": 1.0, ""contribution"": 0.1176}, {""key"": ""no_pre_drift"", ""weight"": 1.2, ""strength"": 0.6213, ""contribution"": 0.0877}, {""key"": ""fuel"", ""note"": ""excluded: oi unavailable"", ""weight"": 0.0, ""excluded_weight"": 1.3}, {""key"": ""cleared"", ""note"": ""excluded: oi unavailable"", ""weight"": 0.0, ""excluded_weight"": 1.0}, {""key"": ""delta_flip"", ""note"": ""excluded: taker unavailable"", ""weight"": 0.0, ""excluded_weight"": 1.3}, {""key"": ""cohort"", ""note"": ""excluded: cohort unavailable"", ""weight"": 0.0, ""excluded_weight"": 0.8}]"
M5,ETH,adverse,2026-07-16 08:00:05,asia_low,1907.07,long,1907.21,2026-07-16 08:05:00,1903.2033303885944,1917.88,2026-07-16 08:05:00,1903.2,stop,-1.2843833114647913,0.9051,full,"[{""key"": ""bias_alignment"", ""weight"": 2.0, ""strength"": 1.0, ""contribution"": 0.2353}, {""key"": ""range_quality"", ""weight"": 1.5, ""strength"": 0.6, ""contribution"": 0.1059}, {""key"": ""reclaim"", ""weight"": 1.8, ""strength"": 0.4968, ""contribution"": 0.1052}, {""key"": ""early_in_window"", ""weight"": 1.0, ""strength"": 1.0, ""contribution"": 0.1176}, {""key"": ""open_location"", ""weight"": 1.0, ""strength"": 1.0, ""contribution"": 0.1176}, {""key"": ""no_pre_drift"", ""weight"": 1.2, ""strength"": 1.0, ""contribution"": 0.1412}, {""key"": ""fuel"", ""note"": ""excluded: oi unavailable"", ""weight"": 0.0, ""excluded_weight"": 1.3}, {""key"": ""cleared"", ""note"": ""excluded: oi unavailable"", ""weight"": 0.0, ""excluded_weight"": 1.0}, {""key"": ""delta_flip"", ""note"": ""excluded: taker unavailable"", ""weight"": 0.0, ""excluded_weight"": 1.3}, {""key"": ""cohort"", ""note"": ""excluded: cohort unavailable"", ""weight"": 0.0, ""excluded_weight"": 0.8}]"
M5,ETH,adverse,2026-08-01 07:30:05,asia_high,1870.32,short,1869.51,,1871.5499710533136,1865.815,2026-08-01 08:15:05,,cancelled:entry_expired,,0.6868,half,"[{""key"": ""bias_alignment"", ""weight"": 2.0, ""strength"": 0.2, ""contribution"": 0.0471}, {""key"": ""range_quality"", ""weight"": 1.5, ""strength"": 0.6, ""contribution"": 0.1059}, {""key"": ""reclaim"", ""weight"": 1.8, ""strength"": 1.0, ""contribution"": 0.2118}, {""key"": ""early_in_window"", ""weight"": 1.0, ""strength"": 1.0, ""contribution"": 0.1176}, {""key"": ""open_location"", ""weight"": 1.0, ""strength"": 0.7, ""contribution"": 0.0824}, {""key"": ""no_pre_drift"", ""weight"": 1.2, ""strength"": 0.8647, ""contribution"": 0.1221}, {""key"": ""fuel"", ""note"": ""excluded: oi unavailable"", ""weight"": 0.0, ""excluded_weight"": 1.3}, {""key"": ""cleared"", ""note"": ""excluded: oi unavailable"", ""weight"": 0.0, ""excluded_weight"": 1.0}, {""key"": ""delta_flip"", ""note"": ""excluded: taker unavailable"", ""weight"": 0.0, ""excluded_weight"": 1.3}, {""key"": ""cohort"", ""note"": ""excluded: cohort unavailable"", ""weight"": 0.0, ""excluded_weight"": 0.8}]"
M5,ETH,adverse,2026-08-19 07:30:05,asia_high,1918.42,short,1918.7,2026-08-19 07:35:00,1920.9557196507965,1911.81,2026-08-19 08:35:00,1920.96,stop,-1.512704381856833,0.5704,half,"[{""key"": ""bias_alignment"", ""weight"": 2.0, ""strength"": 0.6, ""contribution"": 0.1111}, {""key"": ""range_quality"", ""weight"": 1.5, ""strength"": 0.6, ""contribution"": 0.0833}, {""key"": ""reclaim"", ""weight"": 1.8, ""strength"": 1.0, ""contribution"": 0.1667}, {""key"": ""fuel"", ""weight"": 1.3, ""strength"": 0.0, ""contribution"": 0.0}, {""key"": ""cleared"", ""weight"": 1.0, ""strength"": 0.0, ""contribution"": 0.0}, {""key"": ""early_in_window"", ""weight"": 1.0, ""strength"": 1.0, ""contribution"": 0.0926}, {""key"": ""open_location"", ""weight"": 1.0, ""strength"": 0.7, ""contribution"": 0.0648}, {""key"": ""no_pre_drift"", ""weight"": 1.2, ""strength"": 0.0, ""contribution"": 0.0}, {""key"": ""delta_flip"", ""note"": ""excluded: taker unavailable"", ""weight"": 0.0, ""excluded_weight"": 1.3}, {""key"": ""cohort"", ""note"": ""excluded: cohort unavailable"", ""weight"": 0.0, ""excluded_weight"": 0.8}]"
M5,ETH,adverse,2026-08-24 07:30:05,asia_high,2466.36,short,2464.22,,2475.7953886958367,2444.705,2026-08-24 08:15:05,,cancelled:entry_expired,,0.627,half,"[{""key"": ""bias_alignment"", ""weight"": 2.0, ""strength"": 0.6, ""contribution"": 0.1111}, {""key"": ""range_quality"", ""weight"": 1.5, ""strength"": 0.6, ""contribution"": 0.0833}, {""key"": ""reclaim"", ""weight"": 1.8, ""strength"": 0.9792, ""contribution"": 0.1632}, {""key"": ""fuel"", ""weight"": 1.3, ""strength"": 0.0, ""contribution"": 0.0}, {""key"": ""cleared"", ""weight"": 1.0, ""strength"": 0.0, ""contribution"": 0.0}, {""key"": ""early_in_window"", ""weight"": 1.0, ""strength"": 1.0, ""contribution"": 0.0926}, {""key"": ""open_location"", ""weight"": 1.0, ""strength"": 1.0, ""contribution"": 0.0926}, {""key"": ""no_pre_drift"", ""weight"": 1.2, ""strength"": 0.0, ""contribution"": 0.0}, {""key"": ""delta_flip"", ""note"": ""excluded: taker unavailable"", ""weight"": 0.0, ""excluded_weight"": 1.3}, {""key"": ""cohort"", ""note"": ""excluded: cohort unavailable"", ""weight"": 0.0, ""excluded_weight"": 0.8}]"
M6,BTC,adverse,2026-04-07 11:00:05,weekly_open,68997.9,short,68174.8,2026-04-07 15:20:00,69307.25587680696,68480.83144562173,2026-04-07 15:20:00,68174.8,stop_be,-0.469355812463437,0.7183,full,"[{""key"": ""loss_depth"", ""weight"": 1.8, ""strength"": 0.6698, ""contribution"": 0.1418}, {""key"": ""funding_room"", ""weight"": 1.2, ""strength"": 0.0, ""contribution"": 0.0}, {""key"": ""reward"", ""weight"": 1.2, ""strength"": 1.0, ""contribution"": 0.1412}, {""key"": ""timing"", ""weight"": 1.0, ""strength"": 1.0, ""contribution"": 0.1176}, {""key"": ""htf_bias"", ""weight"": 1.5, ""strength"": 0.6, ""contribution"": 0.1059}, {""key"": ""reclaim_quality"", ""weight"": 1.0, ""strength"": 1.0, ""contribution"": 0.1176}, {""key"": ""pwh_untested"", ""weight"": 0.8, ""strength"": 1.0, ""contribution"": 0.0941}, {""key"": ""oi_commitment"", ""note"": ""excluded: oi unavailable"", ""weight"": 0.0, ""excluded_weight"": 2.0}, {""key"": ""delta_reclaim"", ""note"": ""excluded: taker unavailable"", ""weight"": 0.0, ""excluded_weight"": 1.5}, {""key"": ""cohort"", ""note"": ""excluded: cohort unavailable"", ""weight"": 0.0, ""excluded_weight"": 1.8}]"
M6,BTC,adverse,2026-05-20 10:00:05,weekly_open,77430.4,long,77443.4,2026-05-20 11:05:00,77086.91142883552,77978.17231086454,2026-05-20 12:15:05,77413.9,thesis_failed,-0.2130486329296988,0.5688,half,"[{""key"": ""loss_depth"", ""weight"": 1.8, ""strength"": 0.9281, ""contribution"": 0.1965}, {""key"": ""funding_room"", ""weight"": 1.2, ""strength"": 0.0, ""contribution"": 0.0}, {""key"": ""reward"", ""weight"": 1.2, ""strength"": 1.0, ""contribution"": 0.1412}, {""key"": ""timing"", ""weight"": 1.0, ""strength"": 1.0, ""contribution"": 0.1176}, {""key"": ""htf_bias"", ""weight"": 1.5, ""strength"": 0.6, ""contribution"": 0.1059}, {""key"": ""reclaim_quality"", ""weight"": 1.0, ""strength"": 0.1173, ""contribution"": 0.0138}, {""key"": ""pwh_untested"", ""weight"": 0.8, ""strength"": 1.0, ""contribution"": 0.0941}, {""key"": ""oi_commitment"", ""note"": ""excluded: oi unavailable"", ""weight"": 0.0, ""excluded_weight"": 2.0}, {""key"": ""delta_reclaim"", ""note"": ""excluded: taker unavailable"", ""weight"": 0.0, ""excluded_weight"": 1.5}, {""key"": ""cohort"", ""note"": ""excluded: cohort unavailable"", ""weight"": 0.0, ""excluded_weight"": 1.8}]"
M6,BTC,adverse,2026-05-26 01:00:05,weekly_open,77030.3,short,76733.4,2026-05-26 05:05:00,77496.40972992423,76289.4200832957,2026-05-26 10:35:00,77496.4,stop,-1.6764505649672254,0.6408,half,"[{""key"": ""loss_depth"", ""weight"": 1.8, ""strength"": 0.3349, ""contribution"": 0.0709}, {""key"": ""funding_room"", ""weight"": 1.2, ""strength"": 0.0, ""contribution"": 0.0}, {""key"": ""reward"", ""weight"": 1.2, ""strength"": 1.0, ""contribution"": 0.1412}, {""key"": ""timing"", ""weight"": 1.0, ""strength"": 1.0, ""contribution"": 0.1176}, {""key"": ""htf_bias"", ""weight"": 1.5, ""strength"": 1.0, ""contribution"": 0.1765}, {""key"": ""reclaim_quality"", ""weight"": 1.0, ""strength"": 1.0, ""contribution"": 0.1176}, {""key"": ""pwh_untested"", ""weight"": 0.8, ""strength"": 1.0, ""contribution"": 0.0941}, {""key"": ""oi_commitment"", ""note"": ""excluded: oi unavailable"", ""weight"": 0.0, ""excluded_weight"": 2.0}, {""key"": ""delta_reclaim"", ""note"": ""excluded: taker unavailable"", ""weight"": 0.0, ""excluded_weight"": 1.5}, {""key"": ""cohort"", ""note"": ""excluded: cohort unavailable"", ""weight"": 0.0, ""excluded_weight"": 1.8}]"
M6,BTC,adverse,2026-06-16 20:00:05,weekly_open,65702.1,short,65681.7,2026-06-16 20:05:00,66328.61613035132,64711.25401025412,2026-06-16 21:15:05,65885.3,thesis_failed,-0.37576717820217537,0.5807,half,"[{""key"": ""loss_depth"", ""weight"": 1.8, ""strength"": 0.9277, ""contribution"": 0.1964}, {""key"": ""funding_room"", ""weight"": 1.2, ""strength"": 0.0, ""contribution"": 0.0}, {""key"": ""reward"", ""weight"": 1.2, ""strength"": 1.0, ""contribution"": 0.1412}, {""key"": ""timing"", ""weight"": 1.0, ""strength"": 1.0, ""contribution"": 0.1176}, {""key"": ""htf_bias"", ""weight"": 1.5, ""strength"": 0.6, ""contribution"": 0.1059}, {""key"": ""reclaim_quality"", ""weight"": 1.0, ""strength"": 0.237, ""contribution"": 0.0279}, {""key"": ""pwh_untested"", ""weight"": 0.8, ""strength"": 1.0, ""contribution"": 0.0941}, {""key"": ""oi_commitment"", ""note"": ""excluded: oi unavailable"", ""weight"": 0.0, ""excluded_weight"": 2.0}, {""key"": ""delta_reclaim"", ""note"": ""excluded: taker unavailable"", ""weight"": 0.0, ""excluded_weight"": 1.5}, {""key"": ""cohort"", ""note"": ""excluded: cohort unavailable"", ""weight"": 0.0, ""excluded_weight"": 1.8}]"
M6,BTC,adverse,2026-06-23 07:00:05,weekly_open,63287.2,short,62883.7,,64255.77680688525,62748.73929942924,2026-06-23 15:00:05,,cancelled:entry_expired,,0.5775,half,"[{""key"": ""loss_depth"", ""weight"": 1.8, ""strength"": 1.0, ""contribution"": 0.2118}, {""key"": ""funding_room"", ""weight"": 1.2, ""strength"": 0.0, ""contribution"": 0.0}, {""key"": ""reward"", ""weight"": 1.2, ""strength"": 0.0, ""contribution"": 0.0}, {""key"": ""timing"", ""weight"": 1.0, ""strength"": 1.0, ""contribution"": 0.1176}, {""key"": ""htf_bias"", ""weight"": 1.5, ""strength"": 0.6, ""contribution"": 0.1059}, {""key"": ""reclaim_quality"", ""weight"": 1.0, ""strength"": 1.0, ""contribution"": 0.1176}, {""key"": ""pwh_untested"", ""weight"": 0.8, ""strength"": 1.0, ""contribution"": 0.0941}, {""key"": ""oi_commitment"", ""note"": ""excluded: oi unavailable"", ""weight"": 0.0, ""excluded_weight"": 2.0}, {""key"": ""delta_reclaim"", ""note"": ""excluded: taker unavailable"", ""weight"": 0.0, ""excluded_weight"": 1.5}, {""key"": ""cohort"", ""note"": ""excluded: cohort unavailable"", ""weight"": 0.0, ""excluded_weight"": 1.8}]"
M6,BTC,adverse,2026-06-30 08:00:05,weekly_open,59550.2,short,59482.5,,59777.82323636192,59170.83318906004,2026-06-30 16:00:05,,cancelled:entry_expired,,0.5957,half,"[{""key"": ""loss_depth"", ""weight"": 1.8, ""strength"": 0.5041, ""contribution"": 0.1067}, {""key"": ""funding_room"", ""weight"": 1.2, ""strength"": 0.0, ""contribution"": 0.0}, {""key"": ""reward"", ""weight"": 1.2, ""strength"": 1.0, ""contribution"": 0.1412}, {""key"": ""timing"", ""weight"": 1.0, ""strength"": 1.0, ""contribution"": 0.1176}, {""key"": ""htf_bias"", ""weight"": 1.5, ""strength"": 1.0, ""contribution"": 0.1765}, {""key"": ""reclaim_quality"", ""weight"": 1.0, ""strength"": 0.2661, ""contribution"": 0.0313}, {""key"": ""pwh_untested"", ""weight"": 0.8, ""strength"": 1.0, ""contribution"": 0.0941}, {""key"": ""oi_commitment"", ""note"": ""excluded: oi unavailable"", ""weight"": 0.0, ""excluded_weight"": 2.0}, {""key"": ""delta_reclaim"", ""note"": ""excluded: taker unavailable"", ""weight"": 0.0, ""excluded_weight"": 1.5}, {""key"": ""cohort"", ""note"": ""excluded: cohort unavailable"", ""weight"": 0.0, ""excluded_weight"": 1.8}]"
M6,BTC,adverse,2026-07-07 03:00:05,weekly_open,63617.2,short,63275.8,2026-07-07 07:00:00,64423.89191470259,62351.16083314289,2026-07-07 16:15:05,63852.5,thesis_failed,-0.7416844863170499,0.5651,half,"[{""key"": ""loss_depth"", ""weight"": 1.8, ""strength"": 0.4325, ""contribution"": 0.0916}, {""key"": ""funding_room"", ""weight"": 1.2, ""strength"": 0.0, ""contribution"": 0.0}, {""key"": ""reward"", ""weight"": 1.2, ""strength"": 1.0, ""contribution"": 0.1412}, {""key"": ""timing"", ""weight"": 1.0, ""strength"": 1.0, ""contribution"": 0.1176}, {""key"": ""htf_bias"", ""weight"": 1.5, ""strength"": 1.0, ""contribution"": 0.1765}, {""key"": ""reclaim_quality"", ""weight"": 1.0, ""strength"": 1.0, ""contribution"": 0.1176}, {""key"": ""pwh_untested"", ""weight"": 0.8, ""strength"": 1.0, ""contribution"": 0.0941}, {""key"": ""oi_commitment"", ""note"": ""excluded: oi unavailable"", ""weight"": 0.0, ""excluded_weight"": 2.0}, {""key"": ""delta_reclaim"", ""note"": ""excluded: taker unavailable"", ""weight"": 0.0, ""excluded_weight"": 1.5}, {""key"": ""cohort"", ""note"": ""excluded: cohort unavailable"", ""weight"": 0.0, ""excluded_weight"": 1.8}]"
M6,BTC,adverse,2026-07-23 19:00:05,weekly_open,64694.8,long,64709.5,2026-07-23 19:50:00,64576.563112544914,64908.9739986526,2026-07-24 07:10:00,65589.7,target,4.425288006591548,0.661,half,"[{""key"": ""loss_depth"", ""weight"": 1.8, ""strength"": 0.6426, ""contribution"": 0.1361}, {""key"": ""funding_room"", ""weight"": 1.2, ""strength"": 0.0, ""contribution"": 0.0}, {""key"": ""reward"", ""weight"": 1.2, ""strength"": 1.0, ""contribution"": 0.1412}, {""key"": ""timing"", ""weight"": 1.0, ""strength"": 0.5, ""contribution"": 0.0588}, {""key"": ""htf_bias"", ""weight"": 1.5, ""strength"": 1.0, ""contribution"": 0.1765}, {""key"": ""reclaim_quality"", ""weight"": 1.0, ""strength"": 0.994, ""contribution"": 0.1169}, {""key"": ""pwh_untested"", ""weight"": 0.8, ""strength"": 0.0, ""contribution"": 0.0}, {""key"": ""oi_commitment"", ""note"": ""excluded: oi unavailable"", ""weight"": 0.0, ""excluded_weight"": 2.0}, {""key"": ""delta_reclaim"", ""note"": ""excluded: taker unavailable"", ""weight"": 0.0, ""excluded_weight"": 1.5}, {""key"": ""cohort"", ""note"": ""excluded: cohort unavailable"", ""weight"": 0.0, ""excluded_weight"": 1.8}]"
M6,BTC,adverse,2026-09-03 03:00:05,weekly_open,77634.6,long,77655.5,2026-09-03 03:35:00,76836.23203024581,78884.41029287304,2026-09-03 08:15:05,77898.0,thesis_failed,0.23898990943889803,0.7017,full,"[{""key"": ""loss_depth"", ""weight"": 1.8, ""strength"": 0.768, ""contribution"": 0.1317}, {""key"": ""oi_commitment"", ""weight"": 2.0, ""strength"": 0.6658, ""contribution"": 0.1268}, {""key"": ""funding_room"", ""weight"": 1.2, ""strength"": 0.0, ""contribution"": 0.0}, {""key"": ""reward"", ""weight"": 1.2, ""strength"": 1.0, ""contribution"": 0.1143}, {""key"": ""timing"", ""weight"": 1.0, ""strength"": 0.5, ""contribution"": 0.0476}, {""key"": ""htf_bias"", ""weight"": 1.5, ""strength"": 1.0, ""contribution"": 0.1429}, {""key"": ""reclaim_quality"", ""weight"": 1.0, ""strength"": 0.6536, ""contribution"": 0.0622}, {""key"": ""pwh_untested"", ""weight"": 0.8, ""strength"": 1.0, ""contribution"": 0.0762}, {""key"": ""delta_reclaim"", ""note"": ""excluded: taker unavailable"", ""weight"": 0.0, ""excluded_weight"": 1.5}, {""key"": ""cohort"", ""note"": ""excluded: cohort unavailable"", ""weight"": 0.0, ""excluded_weight"": 1.8}]"
M6,ETH,adverse,2026-04-07 02:00:05,weekly_open,2109.36,short,2108.33,2026-04-07 02:35:00,2144.046093899993,2054.75720987926,2026-04-07 05:15:05,2109.79,thesis_failed,-0.07631563071633676,0.73,full,"[{""key"": ""loss_depth"", ""weight"": 1.8, ""strength"": 0.8736, ""contribution"": 0.185}, {""key"": ""funding_room"", ""weight"": 1.2, ""strength"": 0.0, ""contribution"": 0.0}, {""key"": ""reward"", ""weight"": 1.2, ""strength"": 0.8518, ""contribution"": 0.1203}, {""key"": ""timing"", ""weight"": 1.0, ""strength"": 1.0, ""contribution"": 0.1176}, {""key"": ""htf_bias"", ""weight"": 1.5, ""strength"": 1.0, ""contribution"": 0.1765}, {""key"": ""reclaim_quality"", ""weight"": 1.0, ""strength"": 1.0, ""contribution"": 0.1176}, {""key"": ""pwh_untested"", ""weight"": 0.8, ""strength"": 1.0, ""contribution"": 0.0941}, {""key"": ""oi_commitment"", ""note"": ""excluded: oi unavailable"", ""weight"": 0.0, ""excluded_weight"": 2.0}, {""key"": ""delta_reclaim"", ""note"": ""excluded: taker unavailable"", ""weight"": 0.0, ""excluded_weight"": 1.5}, {""key"": ""cohort"", ""note"": ""excluded: cohort unavailable"", ""weight"": 0.0, ""excluded_weight"": 1.8}]"
M6,ETH,adverse,2026-05-07 03:00:05,weekly_open,2321.67,short,2320.86,2026-05-07 03:05:00,2354.638185603643,2270.194564708116,2026-05-07 05:15:05,2330.02,thesis_failed,-0.3125350940676882,0.5744,half,"[{""key"": ""loss_depth"", ""weight"": 1.8, ""strength"": 1.0, ""contribution"": 0.2118}, {""key"": ""funding_room"", ""weight"": 1.2, ""strength"": 0.0, ""contribution"": 0.0}, {""key"": ""reward"", ""weight"": 1.2, ""strength"": 0.6083, ""contribution"": 0.0859}, {""key"": ""timing"", ""weight"": 1.0, ""strength"": 0.5, ""contribution"": 0.0588}, {""key"": ""htf_bias"", ""weight"": 1.5, ""strength"": 1.0, ""contribution"": 0.1765}, {""key"": ""reclaim_quality"", ""weight"": 1.0, ""strength"": 0.141, ""contribution"": 0.0166}, {""key"": ""pwh_untested"", ""weight"": 0.8, ""strength"": 1.0, ""contribution"": 0.0941}, {""key"": ""oi_commitment"", ""note"": ""excluded: oi unavailable"", ""weight"": 0.0, ""excluded_weight"": 2.0}, {""key"": ""delta_reclaim"", ""note"": ""excluded: taker unavailable"", ""weight"": 0.0, ""excluded_weight"": 1.5}, {""key"": ""cohort"", ""note"": ""excluded: cohort unavailable"", ""weight"": 0.0, ""excluded_weight"": 1.8}]"
M6,ETH,adverse,2026-05-26 01:00:05,weekly_open,2098.99,short,2098.33,2026-05-26 01:05:00,2117.3912629202932,2069.749975827535,2026-05-26 06:15:05,2099.19,thesis_failed,-0.11121577151524314,0.6232,half,"[{""key"": ""loss_depth"", ""weight"": 1.8, ""strength"": 0.5948, ""contribution"": 0.126}, {""key"": ""funding_room"", ""weight"": 1.2, ""strength"": 0.0, ""contribution"": 0.0}, {""key"": ""reward"", ""weight"": 1.2, ""strength"": 1.0, ""contribution"": 0.1412}, {""key"": ""timing"", ""weight"": 1.0, ""strength"": 1.0, ""contribution"": 0.1176}, {""key"": ""htf_bias"", ""weight"": 1.5, ""strength"": 1.0, ""contribution"": 0.1765}, {""key"": ""reclaim_quality"", ""weight"": 1.0, ""strength"": 0.365, ""contribution"": 0.0429}, {""key"": ""pwh_untested"", ""weight"": 0.8, ""strength"": 1.0, ""contribution"": 0.0941}, {""key"": ""oi_commitment"", ""note"": ""excluded: oi unavailable"", ""weight"": 0.0, ""excluded_weight"": 2.0}, {""key"": ""delta_reclaim"", ""note"": ""excluded: taker unavailable"", ""weight"": 0.0, ""excluded_weight"": 1.5}, {""key"": ""cohort"", ""note"": ""excluded: cohort unavailable"", ""weight"": 0.0, ""excluded_weight"": 1.8}]"
M6,ETH,adverse,2026-06-18 16:00:05,weekly_open,1724.74,short,1680.06,2026-06-18 20:00:00,1756.277883031762,1674.5531038893018,2026-06-19 20:00:00,1700.44,time_stop,-0.6545507747014253,0.6665,half,"[{""key"": ""loss_depth"", ""weight"": 1.8, ""strength"": 1.0, ""contribution"": 0.2118}, {""key"": ""funding_room"", ""weight"": 1.2, ""strength"": 0.0, ""contribution"": 0.0}, {""key"": ""reward"", ""weight"": 1.2, ""strength"": 0.8872, ""contribution"": 0.1252}, {""key"": ""timing"", ""weight"": 1.0, ""strength"": 0.5, ""contribution"": 0.0588}, {""key"": ""htf_bias"", ""weight"": 1.5, ""strength"": 1.0, ""contribution"": 0.1765}, {""key"": ""reclaim_quality"", ""weight"": 1.0, ""strength"": 1.0, ""contribution"": 0.1176}, {""key"": ""pwh_untested"", ""weight"": 0.8, ""strength"": 1.0, ""contribution"": 0.0941}, {""key"": ""oi_commitment"", ""note"": ""excluded: oi unavailable"", ""weight"": 0.0, ""excluded_weight"": 2.0}, {""key"": ""delta_reclaim"", ""note"": ""excluded: taker unavailable"", ""weight"": 0.0, ""excluded_weight"": 1.5}, {""key"": ""cohort"", ""note"": ""excluded: cohort unavailable"", ""weight"": 0.0, ""excluded_weight"": 1.8}]"
M6,ETH,adverse,2026-06-23 07:00:05,weekly_open,1706.3,short,1690.55,,1735.230377588104,1688.0622112056549,2026-06-23 15:00:05,,cancelled:entry_expired,,0.5775,half,"[{""key"": ""loss_depth"", ""weight"": 1.8, ""strength"": 1.0, ""contribution"": 0.2118}, {""key"": ""funding_room"", ""weight"": 1.2, ""strength"": 0.0, ""contribution"": 0.0}, {""key"": ""reward"", ""weight"": 1.2, ""strength"": 0.0, ""contribution"": 0.0}, {""key"": ""timing"", ""weight"": 1.0, ""strength"": 1.0, ""contribution"": 0.1176}, {""key"": ""htf_bias"", ""weight"": 1.5, ""strength"": 0.6, ""contribution"": 0.1059}, {""key"": ""reclaim_quality"", ""weight"": 1.0, ""strength"": 1.0, ""contribution"": 0.1176}, {""key"": ""pwh_untested"", ""weight"": 0.8, ""strength"": 1.0, ""contribution"": 0.0941}, {""key"": ""oi_commitment"", ""note"": ""excluded: oi unavailable"", ""weight"": 0.0, ""excluded_weight"": 2.0}, {""key"": ""delta_reclaim"", ""note"": ""excluded: taker unavailable"", ""weight"": 0.0, ""excluded_weight"": 1.5}, {""key"": ""cohort"", ""note"": ""excluded: cohort unavailable"", ""weight"": 0.0, ""excluded_weight"": 1.8}]"
M6,ETH,adverse,2026-06-30 13:00:05,weekly_open,1571.11,short,1570.53,2026-06-30 14:05:00,1589.1009382203645,1542.665722374707,2026-06-30 17:15:05,1569.81,thesis_failed,-0.011951812646776635,0.7268,full,"[{""key"": ""loss_depth"", ""weight"": 1.8, ""strength"": 1.0, ""contribution"": 0.2118}, {""key"": ""funding_room"", ""weight"": 1.2, ""strength"": 0.0, ""contribution"": 0.0}, {""key"": ""reward"", ""weight"": 1.2, ""strength"": 0.6847, ""contribution"": 0.0967}, {""key"": ""timing"", ""weight"": 1.0, ""strength"": 1.0, ""contribution"": 0.1176}, {""key"": ""htf_bias"", ""weight"": 1.5, ""strength"": 1.0, ""contribution"": 0.1765}, {""key"": ""reclaim_quality"", ""weight"": 1.0, ""strength"": 1.0, ""contribution"": 0.1176}, {""key"": ""pwh_untested"", ""weight"": 0.8, ""strength"": 1.0, ""contribution"": 0.0941}, {""key"": ""oi_commitment"", ""note"": ""excluded: oi unavailable"", ""weight"": 0.0, ""excluded_weight"": 2.0}, {""key"": ""delta_reclaim"", ""note"": ""excluded: taker unavailable"", ""weight"": 0.0, ""excluded_weight"": 1.5}, {""key"": ""cohort"", ""note"": ""excluded: cohort unavailable"", ""weight"": 0.0, ""excluded_weight"": 1.8}]"
M6,ETH,adverse,2026-07-14 13:00:05,weekly_open,1805.92,long,1861.71,2026-07-14 17:05:00,1778.5904654065853,1819.9667388533096,2026-07-14 17:05:00,1861.71,stop_be,-0.6205557996736498,0.5565,half,"[{""key"": ""loss_depth"", ""weight"": 1.8, ""strength"": 1.0, ""contribution"": 0.2118}, {""key"": ""funding_room"", ""weight"": 1.2, ""strength"": 0.0, ""contribution"": 0.0}, {""key"": ""reward"", ""weight"": 1.2, ""strength"": 0.0, ""contribution"": 0.0}, {""key"": ""timing"", ""weight"": 1.0, ""strength"": 1.0, ""contribution"": 0.1176}, {""key"": ""htf_bias"", ""weight"": 1.5, ""strength"": 1.0, ""contribution"": 0.1765}, {""key"": ""reclaim_quality"", ""weight"": 1.0, ""strength"": 1.0, ""contribution"": 0.1176}, {""key"": ""pwh_untested"", ""weight"": 0.8, ""strength"": 0.0, ""contribution"": 0.0}, {""key"": ""oi_commitment"", ""note"": ""excluded: oi unavailable"", ""weight"": 0.0, ""excluded_weight"": 2.0}, {""key"": ""delta_reclaim"", ""note"": ""excluded: taker unavailable"", ""weight"": 0.0, ""excluded_weight"": 1.5}, {""key"": ""cohort"", ""note"": ""excluded: cohort unavailable"", ""weight"": 0.0, ""excluded_weight"": 1.8}]"
M6,ETH,adverse,2026-07-20 16:00:05,weekly_open,1871.49,long,1902.56,2026-07-20 20:00:00,1849.1951540635291,1907.3790163764645,2026-07-21 08:25:00,1946.75,target,1.1973497118378862,0.5596,half,"[{""key"": ""loss_depth"", ""weight"": 1.8, ""strength"": 0.2873, ""contribution"": 0.0608}, {""key"": ""funding_room"", ""weight"": 1.2, ""strength"": 0.0, ""contribution"": 0.0}, {""key"": ""reward"", ""weight"": 1.2, ""strength"": 0.6767, ""contribution"": 0.0955}, {""key"": ""timing"", ""weight"": 1.0, ""strength"": 0.7, ""contribution"": 0.0824}, {""key"": ""htf_bias"", ""weight"": 1.5, ""strength"": 1.0, ""contribution"": 0.1765}, {""key"": ""reclaim_quality"", ""weight"": 1.0, ""strength"": 1.0, ""contribution"": 0.1176}, {""key"": ""pwh_untested"", ""weight"": 0.8, ""strength"": 1.0, ""contribution"": 0.0941}, {""key"": ""oi_commitment"", ""note"": ""excluded: oi unavailable"", ""weight"": 0.0, ""excluded_weight"": 2.0}, {""key"": ""delta_reclaim"", ""note"": ""excluded: taker unavailable"", ""weight"": 0.0, ""excluded_weight"": 1.5}, {""key"": ""cohort"", ""note"": ""excluded: cohort unavailable"", ""weight"": 0.0, ""excluded_weight"": 1.8}]"
M6,ETH,adverse,2026-09-02 06:00:05,weekly_open,2415.57,long,2416.35,2026-09-02 06:20:00,2389.8741190866763,2456.073998187966,2026-09-02 08:50:00,2389.87,stop,-1.0543030583667639,0.6269,half,"[{""key"": ""loss_depth"", ""weight"": 1.8, ""strength"": 0.0521, ""contribution"": 0.0089}, {""key"": ""oi_commitment"", ""weight"": 2.0, ""strength"": 0.6851, ""contribution"": 0.1305}, {""key"": ""funding_room"", ""weight"": 1.2, ""strength"": 0.0, ""contribution"": 0.0}, {""key"": ""reward"", ""weight"": 1.2, ""strength"": 1.0, ""contribution"": 0.1143}, {""key"": ""timing"", ""weight"": 1.0, ""strength"": 1.0, ""contribution"": 0.0952}, {""key"": ""htf_bias"", ""weight"": 1.5, ""strength"": 1.0, ""contribution"": 0.1429}, {""key"": ""reclaim_quality"", ""weight"": 1.0, ""strength"": 0.6179, ""contribution"": 0.0588}, {""key"": ""pwh_untested"", ""weight"": 0.8, ""strength"": 1.0, ""contribution"": 0.0762}, {""key"": ""delta_reclaim"", ""note"": ""excluded: taker unavailable"", ""weight"": 0.0, ""excluded_weight"": 1.5}, {""key"": ""cohort"", ""note"": ""excluded: cohort unavailable"", ""weight"": 0.0, ""excluded_weight"": 1.8}]"
M1,BTC,neutral,2026-03-19 13:00:05,equal_lows_4h,69182.33333333333,long,69351.0,2026-03-19 13:00:00,69028.99310392127,69834.0103441181,2026-03-19 14:20:00,69351.0,stop_be,0.49653184131652633,0.8275,full,"[{""key"": ""location"", ""weight"": 2.0, ""strength"": 1.0, ""contribution"": 0.2857}, {""key"": ""reclaim"", ""weight"": 2.0, ""strength"": 0.516, ""contribution"": 0.1474}, {""key"": ""discount"", ""weight"": 1.2, ""strength"": 0.9598, ""contribution"": 0.1645}, {""key"": ""session"", ""weight"": 0.8, ""strength"": 1.0, ""contribution"": 0.1143}, {""key"": ""htf_bias"", ""weight"": 1.0, ""strength"": 1.0, ""contribution"": 0.1429}, {""key"": ""fuel"", ""note"": ""excluded: oi unavailable"", ""weight"": 0.0, ""excluded_weight"": 1.5}, {""key"": ""cleared"", ""note"": ""excluded: oi unavailable"", ""weight"": 0.0, ""excluded_weight"": 1.2}, {""key"": ""delta_flip"", ""note"": ""excluded: taker unavailable"", ""weight"": 0.0, ""excluded_weight"": 1.5}, {""key"": ""absorption"", ""note"": ""excluded: taker unavailable"", ""weight"": 0.0, ""excluded_weight"": 1.0}, {""key"": ""cohort"", ""note"": ""excluded: cohort unavailable"", ""weight"": 0.0, ""excluded_weight"": 1.0}]"
M1,BTC,neutral,2026-03-19 13:30:05,equal_lows_4h,69182.33333333333,long,,,,,,,"no_trade (trade #396 open at evaluation, its exit_ts 2026-03-19 14:20:00)",,0.6337,half,"[{""key"": ""location"", ""weight"": 2.0, ""strength"": 1.0, ""contribution"": 0.2857}, {""key"": ""reclaim"", ""weight"": 2.0, ""strength"": 0.398, ""contribution"": 0.1137}, {""key"": ""discount"", ""weight"": 1.2, ""strength"": 0.9432, ""contribution"": 0.1617}, {""key"": ""session"", ""weight"": 0.8, ""strength"": 1.0, ""contribution"": 0.1143}, {""key"": ""htf_bias"", ""weight"": 1.0, ""strength"": 1.0, ""contribution"": 0.1429}, {""key"": ""fuel"", ""note"": ""excluded: oi unavailable"", ""weight"": 0.0, ""excluded_weight"": 1.5}, {""key"": ""cleared"", ""note"": ""excluded: oi unavailable"", ""weight"": 0.0, ""excluded_weight"": 1.2}, {""key"": ""delta_flip"", ""note"": ""excluded: taker unavailable"", ""weight"": 0.0, ""excluded_weight"": 1.5}, {""key"": ""absorption"", ""note"": ""excluded: taker unavailable"", ""weight"": 0.0, ""excluded_weight"": 1.0}, {""key"": ""cohort"", ""note"": ""excluded: cohort unavailable"", ""weight"": 0.0, ""excluded_weight"": 1.0}]"
M1,BTC,neutral,2026-03-20 14:00:05,asia_low,69801.3,long,70055.0,2026-03-20 14:00:00,69710.33710516742,70161.0,2026-03-20 14:05:00,69710.3,stop,-1.1216115537698816,0.799,full,"[{""key"": ""location"", ""weight"": 2.0, ""strength"": 0.6, ""contribution"": 0.1714}, {""key"": ""reclaim"", ""weight"": 2.0, ""strength"": 0.9237, ""contribution"": 0.2639}, {""key"": ""discount"", ""weight"": 1.2, ""strength"": 0.6459, ""contribution"": 0.1107}, {""key"": ""session"", ""weight"": 0.8, ""strength"": 1.0, ""contribution"": 0.1143}, {""key"": ""htf_bias"", ""weight"": 1.0, ""strength"": 0.0, ""contribution"": 0.0}, {""key"": ""fuel"", ""note"": ""excluded: oi unavailable"", ""weight"": 0.0, ""excluded_weight"": 1.5}, {""key"": ""cleared"", ""note"": ""excluded: oi unavailable"", ""weight"": 0.0, ""excluded_weight"": 1.2}, {""key"": ""delta_flip"", ""note"": ""excluded: taker unavailable"", ""weight"": 0.0, ""excluded_weight"": 1.5}, {""key"": ""absorption"", ""note"": ""excluded: taker unavailable"", ""weight"": 0.0, ""excluded_weight"": 1.0}, {""key"": ""cohort"", ""note"": ""excluded: cohort unavailable"", ""weight"": 0.0, ""excluded_weight"": 1.0}]"
M1,BTC,neutral,2026-03-22 20:15:05,asia_low,68189.0,long,68253.5,2026-03-22 20:20:00,68079.57227274607,68511.3,2026-03-22 20:50:00,68079.6,stop,-1.2352004387906548,0.699,half,"[{""key"": ""location"", ""weight"": 2.0, ""strength"": 0.6, ""contribution"": 0.1714}, {""key"": ""reclaim"", ""weight"": 2.0, ""strength"": 0.9463, ""contribution"": 0.2704}, {""key"": ""discount"", ""weight"": 1.2, ""strength"": 0.8231, ""contribution"": 0.1411}, {""key"": ""session"", ""weight"": 0.8, ""strength"": 0.6, ""contribution"": 0.0686}, {""key"": ""htf_bias"", ""weight"": 1.0, ""strength"": 1.0, ""contribution"": 0.1429}, {""key"": ""fuel"", ""note"": ""excluded: oi unavailable"", ""weight"": 0.0, ""excluded_weight"": 1.5}, {""key"": ""cleared"", ""note"": ""excluded: oi unavailable"", ""weight"": 0.0, ""excluded_weight"": 1.2}, {""key"": ""delta_flip"", ""note"": ""excluded: taker unavailable"", ""weight"": 0.0, ""excluded_weight"": 1.5}, {""key"": ""absorption"", ""note"": ""excluded: taker unavailable"", ""weight"": 0.0, ""excluded_weight"": 1.0}, {""key"": ""cohort"", ""note"": ""excluded: cohort unavailable"", ""weight"": 0.0, ""excluded_weight"": 1.0}]"
M1,BTC,neutral,2026-03-23 13:45:05,equal_highs_4h,71314.1,short,71004.0,2026-03-23 13:45:00,71465.53249262208,70842.1,2026-03-23 13:50:00,71465.5,stop,-1.092685960494118,0.6671,half,"[{""key"": ""location"", ""weight"": 2.0, ""strength"": 1.0, ""contribution"": 0.2857}, {""key"": ""reclaim"", ""weight"": 2.0, ""strength"": 0.3096, ""contribution"": 0.0884}, {""key"": ""discount"", ""weight"": 1.2, ""strength"": 0.9208, ""contribution"": 0.1579}, {""key"": ""session"", ""weight"": 0.8, ""strength"": 1.0, ""contribution"": 0.1143}, {""key"": ""htf_bias"", ""weight"": 1.0, ""strength"": 0.3, ""contribution"": 0.0429}, {""key"": ""fuel"", ""note"": ""excluded: oi unavailable"", ""weight"": 0.0, ""excluded_weight"": 1.5}, {""key"": ""cleared"", ""note"": ""excluded: oi unavailable"", ""weight"": 0.0, ""excluded_weight"": 1.2}, {""key"": ""delta_flip"", ""note"": ""excluded: taker unavailable"", ""weight"": 0.0, ""excluded_weight"": 1.5}, {""key"": ""absorption"", ""note"": ""excluded: taker unavailable"", ""weight"": 0.0, ""excluded_weight"": 1.0}, {""key"": ""cohort"", ""note"": ""excluded: cohort unavailable"", ""weight"": 0.0, ""excluded_weight"": 1.0}]"
M1,BTC,neutral,2026-03-24 08:00:05,equal_highs_4h,71314.1,short,71088.8,2026-03-24 08:00:00,71413.65661942524,70866.0,2026-03-24 09:35:00,71088.8,stop_be,0.16931247537312613,0.7328,full,"[{""key"": ""location"", ""weight"": 2.0, ""strength"": 1.0, ""contribution"": 0.2857}, {""key"": ""reclaim"", ""weight"": 2.0, ""strength"": 0.6424, ""contribution"": 0.1835}, {""key"": ""discount"", ""weight"": 1.2, ""strength"": 0.7619, ""contribution"": 0.1306}, {""key"": ""session"", ""weight"": 0.8, ""strength"": 1.0, ""contribution"": 0.1143}, {""key"": ""htf_bias"", ""weight"": 1.0, ""strength"": 0.3, ""contribution"": 0.0429}, {""key"": ""fuel"", ""note"": ""excluded: oi unavailable"", ""weight"": 0.0, ""excluded_weight"": 1.5}, {""key"": ""cleared"", ""note"": ""excluded: oi unavailable"", ""weight"": 0.0, ""excluded_weight"": 1.2}, {""key"": ""delta_flip"", ""note"": ""excluded: taker unavailable"", ""weight"": 0.0, ""excluded_weight"": 1.5}, {""key"": ""absorption"", ""note"": ""excluded: taker unavailable"", ""weight"": 0.0, ""excluded_weight"": 1.0}, {""key"": ""cohort"", ""note"": ""excluded: cohort unavailable"", ""weight"": 0.0, ""excluded_weight"": 1.0}]"
M1,BTC,neutral,2026-03-25 05:15:05,4h_ob_top,71255.2,short,71110.0,2026-03-25 05:15:00,71355.29896919537,71061.90000000001,2026-03-25 05:29:59,71110.0,stop_be,-0.06071346211506888,0.605,half,"[{""key"": ""location"", ""weight"": 2.0, ""strength"": 1.0, ""contribution"": 0.2857}, {""key"": ""reclaim"", ""weight"": 2.0, ""strength"": 0.6172, ""contribution"": 0.1764}, {""key"": ""discount"", ""weight"": 1.2, ""strength"": 0.8653, ""contribution"": 0.1483}, {""key"": ""session"", ""weight"": 0.8, ""strength"": 0.3, ""contribution"": 0.0343}, {""key"": ""htf_bias"", ""weight"": 1.0, ""strength"": 0.3, ""contribution"": 0.0429}, {""key"": ""fuel"", ""note"": ""excluded: oi unavailable"", ""weight"": 0.0, ""excluded_weight"": 1.5}, {""key"": ""cleared"", ""note"": ""excluded: oi unavailable"", ""weight"": 0.0, ""excluded_weight"": 1.2}, {""key"": ""delta_flip"", ""note"": ""excluded: taker unavailable"", ""weight"": 0.0, ""excluded_weight"": 1.5}, {""key"": ""absorption"", ""note"": ""excluded: taker unavailable"", ""weight"": 0.0, ""excluded_weight"": 1.0}, {""key"": ""cohort"", ""note"": ""excluded: cohort unavailable"", ""weight"": 0.0, ""excluded_weight"": 1.0}]"
M1,BTC,neutral,2026-03-26 06:00:05,4h_fvg_bottom,69979.0,long,70125.4,2026-03-26 06:00:00,69873.2910916534,70375.0,2026-03-26 06:05:00,69873.3,stop,-1.1664077914919349,0.6159,half,"[{""key"": ""location"", ""weight"": 2.0, ""strength"": 1.0, ""contribution"": 0.2857}, {""key"": ""reclaim"", ""weight"": 2.0, ""strength"": 0.6549, ""contribution"": 0.1871}, {""key"": ""discount"", ""weight"": 1.2, ""strength"": 0.2911, ""contribution"": 0.0499}, {""key"": ""session"", ""weight"": 0.8, ""strength"": 0.3, ""contribution"": 0.0343}, {""key"": ""htf_bias"", ""weight"": 1.0, ""strength"": 1.0, ""contribution"": 0.1429}, {""key"": ""fuel"", ""note"": ""excluded: oi unavailable"", ""weight"": 0.0, ""excluded_weight"": 1.5}, {""key"": ""cleared"", ""note"": ""excluded: oi unavailable"", ""weight"": 0.0, ""excluded_weight"": 1.2}, {""key"": ""delta_flip"", ""note"": ""excluded: taker unavailable"", ""weight"": 0.0, ""excluded_weight"": 1.5}, {""key"": ""absorption"", ""note"": ""excluded: taker unavailable"", ""weight"": 0.0, ""excluded_weight"": 1.0}, {""key"": ""cohort"", ""note"": ""excluded: cohort unavailable"", ""weight"": 0.0, ""excluded_weight"": 1.0}]"
M1,BTC,neutral,2026-03-26 08:45:05,asia_low,69815.4,long,69843.0,2026-03-26 09:20:00,69738.5056396432,69999.7415405352,2026-03-26 09:35:00,69843.0,stop_be,0.2790827334802536,0.5991,half,"[{""key"": ""location"", ""weight"": 2.0, ""strength"": 0.6, ""contribution"": 0.1714}, {""key"": ""reclaim"", ""weight"": 2.0, ""strength"": 1.0, ""contribution"": 0.2857}, {""key"": ""discount"", ""weight"": 1.2, ""strength"": 0.3459, ""contribution"": 0.0593}, {""key"": ""session"", ""weight"": 0.8, ""strength"": 1.0, ""contribution"": 0.1143}, {""key"": ""htf_bias"", ""weight"": 1.0, ""strength"": 1.0, ""contribution"": 0.1429}, {""key"": ""fuel"", ""note"": ""excluded: oi unavailable"", ""weight"": 0.0, ""excluded_weight"": 1.5}, {""key"": ""cleared"", ""note"": ""excluded: oi unavailable"", ""weight"": 0.0, ""excluded_weight"": 1.2}, {""key"": ""delta_flip"", ""note"": ""excluded: taker unavailable"", ""weight"": 0.0, ""excluded_weight"": 1.5}, {""key"": ""absorption"", ""note"": ""excluded: taker unavailable"", ""weight"": 0.0, ""excluded_weight"": 1.0}, {""key"": ""cohort"", ""note"": ""excluded: cohort unavailable"", ""weight"": 0.0, ""excluded_weight"": 1.0}]"
M1,BTC,neutral,2026-03-26 15:15:05,equal_lows_4h,68908.7,long,69139.7,2026-03-26 15:15:00,68765.90039842344,69700.39940236486,2026-03-26 15:20:00,68765.9,stop,-1.1105298353694806,1.0396,full,"[{""key"": ""location"", ""weight"": 2.0, ""strength"": 1.0, ""contribution"": 0.2857}, {""key"": ""reclaim"", ""weight"": 2.0, ""strength"": 0.9822, ""contribution"": 0.2806}, {""key"": ""discount"", ""weight"": 1.2, ""strength"": 0.9759, ""contribution"": 0.1673}, {""key"": ""session"", ""weight"": 0.8, ""strength"": 0.6, ""contribution"": 0.0686}, {""key"": ""htf_bias"", ""weight"": 1.0, ""strength"": 1.0, ""contribution"": 0.1429}, {""key"": ""fuel"", ""note"": ""excluded: oi unavailable"", ""weight"": 0.0, ""excluded_weight"": 1.5}, {""key"": ""cleared"", ""note"": ""excluded: oi unavailable"", ""weight"": 0.0, ""excluded_weight"": 1.2}, {""key"": ""delta_flip"", ""note"": ""excluded: taker unavailable"", ""weight"": 0.0, ""excluded_weight"": 1.5}, {""key"": ""absorption"", ""note"": ""excluded: taker unavailable"", ""weight"": 0.0, ""excluded_weight"": 1.0}, {""key"": ""cohort"", ""note"": ""excluded: cohort unavailable"", ""weight"": 0.0, ""excluded_weight"": 1.0}]"
M1,BTC,neutral,2026-03-28 08:45:05,asia_high,66472.4,short,66377.9,2026-03-28 10:05:00,66541.20479770355,66364.1,2026-03-28 10:05:00,66377.9,stop_be,-0.2923325357953416,0.75,full,"[{""key"": ""location"", ""weight"": 2.0, ""strength"": 0.6, ""contribution"": 0.1714}, {""key"": ""reclaim"", ""weight"": 2.0, ""strength"": 1.0, ""contribution"": 0.2857}, {""key"": ""discount"", ""weight"": 1.2, ""strength"": 0.6865, ""contribution"": 0.1177}, {""key"": ""session"", ""weight"": 0.8, ""strength"": 1.0, ""contribution"": 0.1143}, {""key"": ""htf_bias"", ""weight"": 1.0, ""strength"": 0.6, ""contribution"": 0.0857}, {""key"": ""fuel"", ""note"": ""excluded: oi unavailable"", ""weight"": 0.0, ""excluded_weight"": 1.5}, {""key"": ""cleared"", ""note"": ""excluded: oi unavailable"", ""weight"": 0.0, ""excluded_weight"": 1.2}, {""key"": ""delta_flip"", ""note"": ""excluded: taker unavailable"", ""weight"": 0.0, ""excluded_weight"": 1.5}, {""key"": ""absorption"", ""note"": ""excluded: taker unavailable"", ""weight"": 0.0, ""excluded_weight"": 1.0}, {""key"": ""cohort"", ""note"": ""excluded: cohort unavailable"", ""weight"": 0.0, ""excluded_weight"": 1.0}]"
M1,BTC,neutral,2026-03-30 08:30:05,asia_high,67777.0,short,67784.5,2026-03-30 08:35:00,67924.32723839514,67574.63414240727,2026-03-30 11:20:00,67784.5,stop_be,0.36762503734368235,0.928,full,"[{""key"": ""location"", ""weight"": 2.0, ""strength"": 0.6, ""contribution"": 0.1714}, {""key"": ""reclaim"", ""weight"": 2.0, ""strength"": 0.8053, ""contribution"": 0.2301}, {""key"": ""discount"", ""weight"": 1.2, ""strength"": 0.965, ""contribution"": 0.1654}, {""key"": ""session"", ""weight"": 0.8, ""strength"": 1.0, ""contribution"": 0.1143}, {""key"": ""htf_bias"", ""weight"": 1.0, ""strength"": 0.6, ""contribution"": 0.0857}, {""key"": ""fuel"", ""note"": ""excluded: oi unavailable"", ""weight"": 0.0, ""excluded_weight"": 1.5}, {""key"": ""cleared"", ""note"": ""excluded: oi unavailable"", ""weight"": 0.0, ""excluded_weight"": 1.2}, {""key"": ""delta_flip"", ""note"": ""excluded: taker unavailable"", ""weight"": 0.0, ""excluded_weight"": 1.5}, {""key"": ""absorption"", ""note"": ""excluded: taker unavailable"", ""weight"": 0.0, ""excluded_weight"": 1.0}, {""key"": ""cohort"", ""note"": ""excluded: cohort unavailable"", ""weight"": 0.0, ""excluded_weight"": 1.0}]"
M1,BTC,neutral,2026-03-31 09:30:05,equal_lows_1h,66376.3,long,66503.6,2026-03-31 09:30:00,66283.23041671868,66764.4,2026-03-31 09:50:00,66283.2,stop,-1.1804893926685351,0.8275,full,"[{""key"": ""location"", ""weight"": 2.0, ""strength"": 0.8, ""contribution"": 0.2286}, {""key"": ""reclaim"", ""weight"": 2.0, ""strength"": 0.8184, ""contribution"": 0.2338}, {""key"": ""discount"", ""weight"": 1.2, ""strength"": 0.7908, ""contribution"": 0.1356}, {""key"": ""session"", ""weight"": 0.8, ""strength"": 0.6, ""contribution"": 0.0686}, {""key"": ""htf_bias"", ""weight"": 1.0, ""strength"": 0.6, ""contribution"": 0.0857}, {""key"": ""fuel"", ""note"": ""excluded: oi unavailable"", ""weight"": 0.0, ""excluded_weight"": 1.5}, {""key"": ""cleared"", ""note"": ""excluded: oi unavailable"", ""weight"": 0.0, ""excluded_weight"": 1.2}, {""key"": ""delta_flip"", ""note"": ""excluded: taker unavailable"", ""weight"": 0.0, ""excluded_weight"": 1.5}, {""key"": ""absorption"", ""note"": ""excluded: taker unavailable"", ""weight"": 0.0, ""excluded_weight"": 1.0}, {""key"": ""cohort"", ""note"": ""excluded: cohort unavailable"", ""weight"": 0.0, ""excluded_weight"": 1.0}]"
M1,BTC,neutral,2026-03-31 10:00:05,4h_ob_bottom,65977.9,long,,,,,,,no_trade (no open trade found),,0.7615,full,"[{""key"": ""location"", ""weight"": 2.0, ""strength"": 1.0, ""contribution"": 0.2857}, {""key"": ""reclaim"", ""weight"": 2.0, ""strength"": 0.7218, ""contribution"": 0.2062}, {""key"": ""discount"", ""weight"": 1.2, ""strength"": 0.2687, ""contribution"": 0.0461}, {""key"": ""session"", ""weight"": 0.8, ""strength"": 0.6, ""contribution"": 0.0686}, {""key"": ""htf_bias"", ""weight"": 1.0, ""strength"": 0.6, ""contribution"": 0.0857}, {""key"": ""fuel"", ""note"": ""excluded: oi unavailable"", ""weight"": 0.0, ""excluded_weight"": 1.5}, {""key"": ""cleared"", ""note"": ""excluded: oi unavailable"", ""weight"": 0.0, ""excluded_weight"": 1.2}, {""key"": ""delta_flip"", ""note"": ""excluded: taker unavailable"", ""weight"": 0.0, ""excluded_weight"": 1.5}, {""key"": ""absorption"", ""note"": ""excluded: taker unavailable"", ""weight"": 0.0, ""excluded_weight"": 1.0}, {""key"": ""cohort"", ""note"": ""excluded: cohort unavailable"", ""weight"": 0.0, ""excluded_weight"": 1.0}]"
M1,BTC,neutral,2026-03-31 17:30:05,equal_highs_4h,68370.925,short,67850.1,2026-03-31 18:20:00,68670.65564452218,68148.4,2026-03-31 18:20:00,67850.1,stop_be,-0.3845178473116821,0.8147,full,"[{""key"": ""location"", ""weight"": 2.0, ""strength"": 1.0, ""contribution"": 0.2857}, {""key"": ""reclaim"", ""weight"": 2.0, ""strength"": 0.6588, ""contribution"": 0.1882}, {""key"": ""discount"", ""weight"": 1.2, ""strength"": 0.6557, ""contribution"": 0.1124}, {""key"": ""session"", ""weight"": 0.8, ""strength"": 0.6, ""contribution"": 0.0686}, {""key"": ""htf_bias"", ""weight"": 1.0, ""strength"": 0.6, ""contribution"": 0.0857}, {""key"": ""fuel"", ""note"": ""excluded: oi unavailable"", ""weight"": 0.0, ""excluded_weight"": 1.5}, {""key"": ""cleared"", ""note"": ""excluded: oi unavailable"", ""weight"": 0.0, ""excluded_weight"": 1.2}, {""key"": ""delta_flip"", ""note"": ""excluded: taker unavailable"", ""weight"": 0.0, ""excluded_weight"": 1.5}, {""key"": ""absorption"", ""note"": ""excluded: taker unavailable"", ""weight"": 0.0, ""excluded_weight"": 1.0}, {""key"": ""cohort"", ""note"": ""excluded: cohort unavailable"", ""weight"": 0.0, ""excluded_weight"": 1.0}]"
M1,BTC,neutral,2026-04-04 16:15:05,pdh,67350.0,short,67330.6,2026-04-04 16:20:00,67384.2615163007,67250.10772554897,2026-04-04 16:20:00,67384.3,stop,-1.754004200563011,0.6477,half,"[{""key"": ""location"", ""weight"": 2.0, ""strength"": 0.8, ""contribution"": 0.2286}, {""key"": ""reclaim"", ""weight"": 2.0, ""strength"": 0.5137, ""contribution"": 0.1468}, {""key"": ""discount"", ""weight"": 1.2, ""strength"": 0.8706, ""contribution"": 0.1493}, {""key"": ""session"", ""weight"": 0.8, ""strength"": 0.6, ""contribution"": 0.0686}, {""key"": ""htf_bias"", ""weight"": 1.0, ""strength"": 1.0, ""contribution"": 0.1429}, {""key"": ""fuel"", ""note"": ""excluded: oi unavailable"", ""weight"": 0.0, ""excluded_weight"": 1.5}, {""key"": ""cleared"", ""note"": ""excluded: oi unavailable"", ""weight"": 0.0, ""excluded_weight"": 1.2}, {""key"": ""delta_flip"", ""note"": ""excluded: taker unavailable"", ""weight"": 0.0, ""excluded_weight"": 1.5}, {""key"": ""absorption"", ""note"": ""excluded: taker unavailable"", ""weight"": 0.0, ""excluded_weight"": 1.0}, {""key"": ""cohort"", ""note"": ""excluded: cohort unavailable"", ""weight"": 0.0, ""excluded_weight"": 1.0}]"
M1,BTC,neutral,2026-04-08 13:15:05,pdh,72743.4,short,72411.8,2026-04-08 13:15:00,72836.78020575856,72169.5,2026-04-08 13:20:00,72836.8,stop,-1.1027297828224987,0.7989,full,"[{""key"": ""location"", ""weight"": 2.0, ""strength"": 0.8, ""contribution"": 0.2286}, {""key"": ""reclaim"", ""weight"": 2.0, ""strength"": 0.8251, ""contribution"": 0.2357}, {""key"": ""discount"", ""weight"": 1.2, ""strength"": 0.9392, ""contribution"": 0.161}, {""key"": ""session"", ""weight"": 0.8, ""strength"": 1.0, ""contribution"": 0.1143}, {""key"": ""htf_bias"", ""weight"": 1.0, ""strength"": 0.6, ""contribution"": 0.0857}, {""key"": ""fuel"", ""note"": ""excluded: oi unavailable"", ""weight"": 0.0, ""excluded_weight"": 1.5}, {""key"": ""cleared"", ""note"": ""excluded: oi unavailable"", ""weight"": 0.0, ""excluded_weight"": 1.2}, {""key"": ""delta_flip"", ""note"": ""excluded: taker unavailable"", ""weight"": 0.0, ""excluded_weight"": 1.5}, {""key"": ""absorption"", ""note"": ""excluded: taker unavailable"", ""weight"": 0.0, ""excluded_weight"": 1.0}, {""key"": ""cohort"", ""note"": ""excluded: cohort unavailable"", ""weight"": 0.0, ""excluded_weight"": 1.0}]"
M1,BTC,neutral,2026-04-10 19:30:05,pdh,73128.0,short,73037.2,2026-04-10 19:50:00,73261.4231391579,72700.86529126315,2026-04-10 20:15:05,73199.0,thesis_failed,-0.9173679878558527,0.5672,half,"[{""key"": ""location"", ""weight"": 2.0, ""strength"": 0.8, ""contribution"": 0.2286}, {""key"": ""reclaim"", ""weight"": 2.0, ""strength"": 1.0, ""contribution"": 0.2857}, {""key"": ""discount"", ""weight"": 1.2, ""strength"": 0.7994, ""contribution"": 0.137}, {""key"": ""session"", ""weight"": 0.8, ""strength"": 0.6, ""contribution"": 0.0686}, {""key"": ""htf_bias"", ""weight"": 1.0, ""strength"": 0.6, ""contribution"": 0.0857}, {""key"": ""fuel"", ""note"": ""excluded: oi unavailable"", ""weight"": 0.0, ""excluded_weight"": 1.5}, {""key"": ""cleared"", ""note"": ""excluded: oi unavailable"", ""weight"": 0.0, ""excluded_weight"": 1.2}, {""key"": ""delta_flip"", ""note"": ""excluded: taker unavailable"", ""weight"": 0.0, ""excluded_weight"": 1.5}, {""key"": ""absorption"", ""note"": ""excluded: taker unavailable"", ""weight"": 0.0, ""excluded_weight"": 1.0}, {""key"": ""cohort"", ""note"": ""excluded: cohort unavailable"", ""weight"": 0.0, ""excluded_weight"": 1.0}]"
M1,BTC,neutral,2026-04-13 09:00:05,asia_low,70574.0,long,70588.0,,70493.9394677583,70711.2,2026-04-13 09:45:05,,cancelled:entry_expired_no_fvg,,0.6327,half,"[{""key"": ""location"", ""weight"": 2.0, ""strength"": 0.6, ""contribution"": 0.1714}, {""key"": ""reclaim"", ""weight"": 2.0, ""strength"": 0.4551, ""contribution"": 0.13}, {""key"": ""discount"", ""weight"": 1.2, ""strength"": 0.8874, ""contribution"": 0.1521}, {""key"": ""session"", ""weight"": 0.8, ""strength"": 1.0, ""contribution"": 0.1143}, {""key"": ""htf_bias"", ""weight"": 1.0, ""strength"": 0.6, ""contribution"": 0.0857}, {""key"": ""fuel"", ""note"": ""excluded: oi unavailable"", ""weight"": 0.0, ""excluded_weight"": 1.5}, {""key"": ""cleared"", ""note"": ""excluded: oi unavailable"", ""weight"": 0.0, ""excluded_weight"": 1.2}, {""key"": ""delta_flip"", ""note"": ""excluded: taker unavailable"", ""weight"": 0.0, ""excluded_weight"": 1.5}, {""key"": ""absorption"", ""note"": ""excluded: taker unavailable"", ""weight"": 0.0, ""excluded_weight"": 1.0}, {""key"": ""cohort"", ""note"": ""excluded: cohort unavailable"", ""weight"": 0.0, ""excluded_weight"": 1.0}]"
M1,BTC,neutral,2026-04-14 07:15:05,pdh,74870.0,short,74647.8,2026-04-14 07:15:00,74928.90575776882,74583.1,2026-04-14 07:35:00,74647.8,stop_be,-0.03538547939733635,0.6436,half,"[{""key"": ""location"", ""weight"": 2.0, ""strength"": 0.8, ""contribution"": 0.2286}, {""key"": ""reclaim"", ""weight"": 2.0, ""strength"": 0.2594, ""contribution"": 0.0741}, {""key"": ""discount"", ""weight"": 1.2, ""strength"": 0.9461, ""contribution"": 0.1622}, {""key"": ""session"", ""weight"": 0.8, ""strength"": 1.0, ""contribution"": 0.1143}, {""key"": ""htf_bias"", ""weight"": 1.0, ""strength"": 0.6, ""contribution"": 0.0857}, {""key"": ""fuel"", ""note"": ""excluded: oi unavailable"", ""weight"": 0.0, ""excluded_weight"": 1.5}, {""key"": ""cleared"", ""note"": ""excluded: oi unavailable"", ""weight"": 0.0, ""excluded_weight"": 1.2}, {""key"": ""delta_flip"", ""note"": ""excluded: taker unavailable"", ""weight"": 0.0, ""excluded_weight"": 1.5}, {""key"": ""absorption"", ""note"": ""excluded: taker unavailable"", ""weight"": 0.0, ""excluded_weight"": 1.0}, {""key"": ""cohort"", ""note"": ""excluded: cohort unavailable"", ""weight"": 0.0, ""excluded_weight"": 1.0}]"
M1,BTC,neutral,2026-04-16 19:45:05,equal_highs_1h,75236.35,short,75105.1,2026-04-16 19:45:00,75330.06606157073,74776.3,2026-04-16 19:50:00,75330.1,stop,-1.20117837789469,0.6359,half,"[{""key"": ""location"", ""weight"": 2.0, ""strength"": 1.0, ""contribution"": 0.2857}, {""key"": ""reclaim"", ""weight"": 2.0, ""strength"": 0.5313, ""contribution"": 0.1518}, {""key"": ""discount"", ""weight"": 1.2, ""strength"": 0.7628, ""contribution"": 0.1308}, {""key"": ""session"", ""weight"": 0.8, ""strength"": 0.6, ""contribution"": 0.0686}, {""key"": ""htf_bias"", ""weight"": 1.0, ""strength"": 0.6, ""contribution"": 0.0857}, {""key"": ""fuel"", ""note"": ""excluded: oi unavailable"", ""weight"": 0.0, ""excluded_weight"": 1.5}, {""key"": ""cleared"", ""note"": ""excluded: oi unavailable"", ""weight"": 0.0, ""excluded_weight"": 1.2}, {""key"": ""delta_flip"", ""note"": ""excluded: taker unavailable"", ""weight"": 0.0, ""excluded_weight"": 1.5}, {""key"": ""absorption"", ""note"": ""excluded: taker unavailable"", ""weight"": 0.0, ""excluded_weight"": 1.0}, {""key"": ""cohort"", ""note"": ""excluded: cohort unavailable"", ""weight"": 0.0, ""excluded_weight"": 1.0}]"
M1,BTC,neutral,2026-04-20 14:30:05,london_high,75633.0,short,75365.5,2026-04-20 14:30:00,75782.09849456017,74860.0,2026-04-20 15:20:00,75365.5,stop_be,0.3985969516652148,0.6251,half,"[{""key"": ""location"", ""weight"": 2.0, ""strength"": 0.6, ""contribution"": 0.1714}, {""key"": ""reclaim"", ""weight"": 2.0, ""strength"": 0.6771, ""contribution"": 0.1934}, {""key"": ""discount"", ""weight"": 1.2, ""strength"": 0.4717, ""contribution"": 0.0809}, {""key"": ""session"", ""weight"": 0.8, ""strength"": 1.0, ""contribution"": 0.1143}, {""key"": ""htf_bias"", ""weight"": 1.0, ""strength"": 0.6, ""contribution"": 0.0857}, {""key"": ""fuel"", ""note"": ""excluded: oi unavailable"", ""weight"": 0.0, ""excluded_weight"": 1.5}, {""key"": ""cleared"", ""note"": ""excluded: oi unavailable"", ""weight"": 0.0, ""excluded_weight"": 1.2}, {""key"": ""delta_flip"", ""note"": ""excluded: taker unavailable"", ""weight"": 0.0, ""excluded_weight"": 1.5}, {""key"": ""absorption"", ""note"": ""excluded: taker unavailable"", ""weight"": 0.0, ""excluded_weight"": 1.0}, {""key"": ""cohort"", ""note"": ""excluded: cohort unavailable"", ""weight"": 0.0, ""excluded_weight"": 1.0}]"
M1,BTC,neutral,2026-04-20 18:30:05,pdh,76200.0,short,76159.2,2026-04-20 18:35:00,76332.01419580882,75900.10370628677,2026-04-20 18:50:00,76332.0,stop,-1.2651538067637245,0.835,full,"[{""key"": ""location"", ""weight"": 2.0, ""strength"": 0.8, ""contribution"": 0.2286}, {""key"": ""reclaim"", ""weight"": 2.0, ""strength"": 0.7805, ""contribution"": 0.223}, {""key"": ""discount"", ""weight"": 1.2, ""strength"": 0.8936, ""contribution"": 0.1532}, {""key"": ""session"", ""weight"": 0.8, ""strength"": 0.6, ""contribution"": 0.0686}, {""key"": ""htf_bias"", ""weight"": 1.0, ""strength"": 0.6, ""contribution"": 0.0857}, {""key"": ""fuel"", ""note"": ""excluded: oi unavailable"", ""weight"": 0.0, ""excluded_weight"": 1.5}, {""key"": ""cleared"", ""note"": ""excluded: oi unavailable"", ""weight"": 0.0, ""excluded_weight"": 1.2}, {""key"": ""delta_flip"", ""note"": ""excluded: taker unavailable"", ""weight"": 0.0, ""excluded_weight"": 1.5}, {""key"": ""absorption"", ""note"": ""excluded: taker unavailable"", ""weight"": 0.0, ""excluded_weight"": 1.0}, {""key"": ""cohort"", ""note"": ""excluded: cohort unavailable"", ""weight"": 0.0, ""excluded_weight"": 1.0}]"
M1,BTC,neutral,2026-04-21 07:30:05,equal_highs_1h,76216.15,short,76081.8,2026-04-21 07:30:00,76303.57684418895,75790.1,2026-04-21 08:20:00,76303.6,stop,-1.2063878489137452,0.8942,full,"[{""key"": ""location"", ""weight"": 2.0, ""strength"": 1.0, ""contribution"": 0.2857}, {""key"": ""reclaim"", ""weight"": 2.0, ""strength"": 0.4652, ""contribution"": 0.1329}, {""key"": ""discount"", ""weight"": 1.2, ""strength"": 0.9521, ""contribution"": 0.1632}, {""key"": ""session"", ""weight"": 0.8, ""strength"": 1.0, ""contribution"": 0.1143}, {""key"": ""htf_bias"", ""weight"": 1.0, ""strength"": 0.3, ""contribution"": 0.0429}, {""key"": ""fuel"", ""note"": ""excluded: oi unavailable"", ""weight"": 0.0, ""excluded_weight"": 1.5}, {""key"": ""cleared"", ""note"": ""excluded: oi unavailable"", ""weight"": 0.0, ""excluded_weight"": 1.2}, {""key"": ""delta_flip"", ""note"": ""excluded: taker unavailable"", ""weight"": 0.0, ""excluded_weight"": 1.5}, {""key"": ""absorption"", ""note"": ""excluded: taker unavailable"", ""weight"": 0.0, ""excluded_weight"": 1.0}, {""key"": ""cohort"", ""note"": ""excluded: cohort unavailable"", ""weight"": 0.0, ""excluded_weight"": 1.0}]"
M1,BTC,neutral,2026-04-24 09:15:05,equal_lows_1h,77406.1,long,77564.9,2026-04-24 09:15:00,77325.60287522862,77923.72068715708,2026-04-24 13:15:00,78315.8,time_stop,2.326518453057651,0.601,half,"[{""key"": ""location"", ""weight"": 2.0, ""strength"": 1.0, ""contribution"": 0.2857}, {""key"": ""reclaim"", ""weight"": 2.0, ""strength"": 0.5953, ""contribution"": 0.1701}, {""key"": ""discount"", ""weight"": 1.2, ""strength"": 0.0919, ""contribution"": 0.0158}, {""key"": ""session"", ""weight"": 0.8, ""strength"": 0.6, ""contribution"": 0.0686}, {""key"": ""htf_bias"", ""weight"": 1.0, ""strength"": 1.0, ""contribution"": 0.1429}, {""key"": ""fuel"", ""note"": ""excluded: oi unavailable"", ""weight"": 0.0, ""excluded_weight"": 1.5}, {""key"": ""cleared"", ""note"": ""excluded: oi unavailable"", ""weight"": 0.0, ""excluded_weight"": 1.2}, {""key"": ""delta_flip"", ""note"": ""excluded: taker unavailable"", ""weight"": 0.0, ""excluded_weight"": 1.5}, {""key"": ""absorption"", ""note"": ""excluded: taker unavailable"", ""weight"": 0.0, ""excluded_weight"": 1.0}, {""key"": ""cohort"", ""note"": ""excluded: cohort unavailable"", ""weight"": 0.0, ""excluded_weight"": 1.0}]"
M1,BTC,neutral,2026-04-27 15:15:05,pdl,77280.0,long,77509.1,2026-04-27 15:15:00,77186.34959658307,77949.9,2026-04-27 15:20:00,77186.4,stop,-1.1433078803291785,0.9834,full,"[{""key"": ""location"", ""weight"": 2.0, ""strength"": 1.0, ""contribution"": 0.2857}, {""key"": ""reclaim"", ""weight"": 2.0, ""strength"": 0.9097, ""contribution"": 0.2599}, {""key"": ""discount"", ""weight"": 1.2, ""strength"": 0.7986, ""contribution"": 0.1369}, {""key"": ""session"", ""weight"": 0.8, ""strength"": 0.6, ""contribution"": 0.0686}, {""key"": ""htf_bias"", ""weight"": 1.0, ""strength"": 1.0, ""contribution"": 0.1429}, {""key"": ""fuel"", ""note"": ""excluded: oi unavailable"", ""weight"": 0.0, ""excluded_weight"": 1.5}, {""key"": ""cleared"", ""note"": ""excluded: oi unavailable"", ""weight"": 0.0, ""excluded_weight"": 1.2}, {""key"": ""delta_flip"", ""note"": ""excluded: taker unavailable"", ""weight"": 0.0, ""excluded_weight"": 1.5}, {""key"": ""absorption"", ""note"": ""excluded: taker unavailable"", ""weight"": 0.0, ""excluded_weight"": 1.0}, {""key"": ""cohort"", ""note"": ""excluded: cohort unavailable"", ""weight"": 0.0, ""excluded_weight"": 1.0}]"
M1,BTC,neutral,2026-04-29 18:15:05,4h_ob_bottom,74988.6,long,75544.0,2026-04-29 18:15:00,74817.33687864702,75635.6,2026-04-29 20:14:59,75544.0,stop_be,0.0005138336995926362,0.7566,full,"[{""key"": ""location"", ""weight"": 2.0, ""strength"": 1.0, ""contribution"": 0.2857}, {""key"": ""reclaim"", ""weight"": 2.0, ""strength"": 0.8351, ""contribution"": 0.2386}, {""key"": ""discount"", ""weight"": 1.2, ""strength"": 0.7238, ""contribution"": 0.1241}, {""key"": ""session"", ""weight"": 0.8, ""strength"": 0.6, ""contribution"": 0.0686}, {""key"": ""htf_bias"", ""weight"": 1.0, ""strength"": 1.0, ""contribution"": 0.1429}, {""key"": ""fuel"", ""note"": ""excluded: oi unavailable"", ""weight"": 0.0, ""excluded_weight"": 1.5}, {""key"": ""cleared"", ""note"": ""excluded: oi unavailable"", ""weight"": 0.0, ""excluded_weight"": 1.2}, {""key"": ""delta_flip"", ""note"": ""excluded: taker unavailable"", ""weight"": 0.0, ""excluded_weight"": 1.5}, {""key"": ""absorption"", ""note"": ""excluded: taker unavailable"", ""weight"": 0.0, ""excluded_weight"": 1.0}, {""key"": ""cohort"", ""note"": ""excluded: cohort unavailable"", ""weight"": 0.0, ""excluded_weight"": 1.0}]"
M1,BTC,neutral,2026-05-01 08:30:05,equal_highs_1h,77434.43333333333,short,77336.4,2026-05-01 08:30:00,77504.14690043306,77084.7796493504,2026-05-01 11:00:05,77268.9,dead_trade,0.12595484593428302,0.821,full,"[{""key"": ""location"", ""weight"": 2.0, ""strength"": 1.0, ""contribution"": 0.2857}, {""key"": ""reclaim"", ""weight"": 2.0, ""strength"": 0.5912, ""contribution"": 0.1689}, {""key"": ""discount"", ""weight"": 1.2, ""strength"": 0.6394, ""contribution"": 0.1096}, {""key"": ""session"", ""weight"": 0.8, ""strength"": 1.0, ""contribution"": 0.1143}, {""key"": ""htf_bias"", ""weight"": 1.0, ""strength"": 0.0, ""contribution"": 0.0}, {""key"": ""fuel"", ""note"": ""excluded: oi unavailable"", ""weight"": 0.0, ""excluded_weight"": 1.5}, {""key"": ""cleared"", ""note"": ""excluded: oi unavailable"", ""weight"": 0.0, ""excluded_weight"": 1.2}, {""key"": ""delta_flip"", ""note"": ""excluded: taker unavailable"", ""weight"": 0.0, ""excluded_weight"": 1.5}, {""key"": ""absorption"", ""note"": ""excluded: taker unavailable"", ""weight"": 0.0, ""excluded_weight"": 1.0}, {""key"": ""cohort"", ""note"": ""excluded: cohort unavailable"", ""weight"": 0.0, ""excluded_weight"": 1.0}]"
M1,BTC,neutral,2026-05-01 13:15:05,4h_fvg_top,78319.1,short,78123.5,2026-05-01 13:15:00,78430.61433496418,77860.1,2026-05-01 13:35:00,78430.6,stop,-1.1532185756490374,0.9238,full,"[{""key"": ""location"", ""weight"": 2.0, ""strength"": 1.0, ""contribution"": 0.2857}, {""key"": ""reclaim"", ""weight"": 2.0, ""strength"": 1.0, ""contribution"": 0.2857}, {""key"": ""discount"", ""weight"": 1.2, ""strength"": 0.4537, ""contribution"": 0.0778}, {""key"": ""session"", ""weight"": 0.8, ""strength"": 1.0, ""contribution"": 0.1143}, {""key"": ""htf_bias"", ""weight"": 1.0, ""strength"": 0.0, ""contribution"": 0.0}, {""key"": ""fuel"", ""note"": ""excluded: oi unavailable"", ""weight"": 0.0, ""excluded_weight"": 1.5}, {""key"": ""cleared"", ""note"": ""excluded: oi unavailable"", ""weight"": 0.0, ""excluded_weight"": 1.2}, {""key"": ""delta_flip"", ""note"": ""excluded: taker unavailable"", ""weight"": 0.0, ""excluded_weight"": 1.5}, {""key"": ""absorption"", ""note"": ""excluded: taker unavailable"", ""weight"": 0.0, ""excluded_weight"": 1.0}, {""key"": ""cohort"", ""note"": ""excluded: cohort unavailable"", ""weight"": 0.0, ""excluded_weight"": 1.0}]"
M1,BTC,neutral,2026-05-07 00:00:05,4h_ob_bottom,81333.3,long,81345.2,2026-05-07 00:05:00,81249.30466589553,81489.04300115671,2026-05-07 00:20:00,81249.3,stop,-1.5085610405444378,0.6218,half,"[{""key"": ""location"", ""weight"": 2.0, ""strength"": 1.0, ""contribution"": 0.2857}, {""key"": ""reclaim"", ""weight"": 2.0, ""strength"": 0.6603, ""contribution"": 0.1887}, {""key"": ""discount"", ""weight"": 1.2, ""strength"": 0.3213, ""contribution"": 0.0551}, {""key"": ""session"", ""weight"": 0.8, ""strength"": 0.3, ""contribution"": 0.0343}, {""key"": ""htf_bias"", ""weight"": 1.0, ""strength"": 1.0, ""contribution"": 0.1429}, {""key"": ""fuel"", ""note"": ""excluded: oi unavailable"", ""weight"": 0.0, ""excluded_weight"": 1.5}, {""key"": ""cleared"", ""note"": ""excluded: oi unavailable"", ""weight"": 0.0, ""excluded_weight"": 1.2}, {""key"": ""delta_flip"", ""note"": ""excluded: taker unavailable"", ""weight"": 0.0, ""excluded_weight"": 1.5}, {""key"": ""absorption"", ""note"": ""excluded: taker unavailable"", ""weight"": 0.0, ""excluded_weight"": 1.0}, {""key"": ""cohort"", ""note"": ""excluded: cohort unavailable"", ""weight"": 0.0, ""excluded_weight"": 1.0}]"
M1,BTC,neutral,2026-05-12 11:15:05,equal_lows_1h,80527.75,long,80573.0,2026-05-12 11:15:00,80461.83222899832,80649.86,2026-05-12 11:20:00,80461.8,stop,-1.434712224261339,0.5842,half,"[{""key"": ""location"", ""weight"": 2.0, ""strength"": 0.8, ""contribution"": 0.2286}, {""key"": ""reclaim"", ""weight"": 2.0, ""strength"": 0.2879, ""contribution"": 0.0823}, {""key"": ""discount"", ""weight"": 1.2, ""strength"": 0.826, ""contribution"": 0.1416}, {""key"": ""session"", ""weight"": 0.8, ""strength"": 0.6, ""contribution"": 0.0686}, {""key"": ""htf_bias"", ""weight"": 1.0, ""strength"": 1.0, ""contribution"": 0.1429}, {""key"": ""fuel"", ""note"": ""excluded: oi unavailable"", ""weight"": 0.0, ""excluded_weight"": 1.5}, {""key"": ""cleared"", ""note"": ""excluded: oi unavailable"", ""weight"": 0.0, ""excluded_weight"": 1.2}, {""key"": ""delta_flip"", ""note"": ""excluded: taker unavailable"", ""weight"": 0.0, ""excluded_weight"": 1.5}, {""key"": ""absorption"", ""note"": ""excluded: taker unavailable"", ""weight"": 0.0, ""excluded_weight"": 1.0}, {""key"": ""cohort"", ""note"": ""excluded: cohort unavailable"", ""weight"": 0.0, ""excluded_weight"": 1.0}]"
M1,BTC,neutral,2026-05-12 14:00:05,pdl,80394.0,long,80605.1,2026-05-12 14:00:00,80332.67444238023,80661.2,2026-05-12 14:20:00,80605.1,stop_be,-0.059652374480816624,0.7892,full,"[{""key"": ""location"", ""weight"": 2.0, ""strength"": 0.8, ""contribution"": 0.2286}, {""key"": ""reclaim"", ""weight"": 2.0, ""strength"": 0.5814, ""contribution"": 0.1661}, {""key"": ""discount"", ""weight"": 1.2, ""strength"": 0.9535, ""contribution"": 0.1635}, {""key"": ""session"", ""weight"": 0.8, ""strength"": 1.0, ""contribution"": 0.1143}, {""key"": ""htf_bias"", ""weight"": 1.0, ""strength"": 1.0, ""contribution"": 0.1429}, {""key"": ""fuel"", ""note"": ""excluded: oi unavailable"", ""weight"": 0.0, ""excluded_weight"": 1.5}, {""key"": ""cleared"", ""note"": ""excluded: oi unavailable"", ""weight"": 0.0, ""excluded_weight"": 1.2}, {""key"": ""delta_flip"", ""note"": ""excluded: taker unavailable"", ""weight"": 0.0, ""excluded_weight"": 1.5}, {""key"": ""absorption"", ""note"": ""excluded: taker unavailable"", ""weight"": 0.0, ""excluded_weight"": 1.0}, {""key"": ""cohort"", ""note"": ""excluded: cohort unavailable"", ""weight"": 0.0, ""excluded_weight"": 1.0}]"
M1,BTC,neutral,2026-05-12 14:15:05,pdl,80394.0,long,,,,,,,"no_trade (trade #467 open at evaluation, its exit_ts 2026-05-12 14:20:00)",,0.6499,half,"[{""key"": ""location"", ""weight"": 2.0, ""strength"": 0.8, ""contribution"": 0.2286}, {""key"": ""reclaim"", ""weight"": 2.0, ""strength"": 0.8346, ""contribution"": 0.2385}, {""key"": ""discount"", ""weight"": 1.2, ""strength"": 0.6712, ""contribution"": 0.1151}, {""key"": ""session"", ""weight"": 0.8, ""strength"": 1.0, ""contribution"": 0.1143}, {""key"": ""htf_bias"", ""weight"": 1.0, ""strength"": 1.0, ""contribution"": 0.1429}, {""key"": ""fuel"", ""note"": ""excluded: oi unavailable"", ""weight"": 0.0, ""excluded_weight"": 1.5}, {""key"": ""cleared"", ""note"": ""excluded: oi unavailable"", ""weight"": 0.0, ""excluded_weight"": 1.2}, {""key"": ""delta_flip"", ""note"": ""excluded: taker unavailable"", ""weight"": 0.0, ""excluded_weight"": 1.5}, {""key"": ""absorption"", ""note"": ""excluded: taker unavailable"", ""weight"": 0.0, ""excluded_weight"": 1.0}, {""key"": ""cohort"", ""note"": ""excluded: cohort unavailable"", ""weight"": 0.0, ""excluded_weight"": 1.0}]"
M1,BTC,neutral,2026-05-12 15:45:05,equal_lows_1h,80207.55,long,80317.8,2026-05-12 15:50:00,80105.55266399475,80394.0,2026-05-12 15:59:59,80317.8,stop_be,-0.038055205554152344,0.6199,half,"[{""key"": ""location"", ""weight"": 2.0, ""strength"": 0.8, ""contribution"": 0.2286}, {""key"": ""reclaim"", ""weight"": 2.0, ""strength"": 0.3945, ""contribution"": 0.1127}, {""key"": ""discount"", ""weight"": 1.2, ""strength"": 0.8848, ""contribution"": 0.1517}, {""key"": ""session"", ""weight"": 0.8, ""strength"": 0.6, ""contribution"": 0.0686}, {""key"": ""htf_bias"", ""weight"": 1.0, ""strength"": 1.0, ""contribution"": 0.1429}, {""key"": ""fuel"", ""note"": ""excluded: oi unavailable"", ""weight"": 0.0, ""excluded_weight"": 1.5}, {""key"": ""cleared"", ""note"": ""excluded: oi unavailable"", ""weight"": 0.0, ""excluded_weight"": 1.2}, {""key"": ""delta_flip"", ""note"": ""excluded: taker unavailable"", ""weight"": 0.0, ""excluded_weight"": 1.5}, {""key"": ""absorption"", ""note"": ""excluded: taker unavailable"", ""weight"": 0.0, ""excluded_weight"": 1.0}, {""key"": ""cohort"", ""note"": ""excluded: cohort unavailable"", ""weight"": 0.0, ""excluded_weight"": 1.0}]"
M1,BTC,neutral,2026-05-13 13:45:05,pdl,79801.0,long,79957.3,2026-05-13 13:45:00,79704.50120516226,80316.6,2026-05-13 13:50:00,79704.5,stop,-1.1893277426144337,0.7326,full,"[{""key"": ""location"", ""weight"": 2.0, ""strength"": 1.0, ""contribution"": 0.2857}, {""key"": ""reclaim"", ""weight"": 2.0, ""strength"": 0.6544, ""contribution"": 0.187}, {""key"": ""discount"", ""weight"": 1.2, ""strength"": 0.9904, ""contribution"": 0.1698}, {""key"": ""session"", ""weight"": 0.8, ""strength"": 1.0, ""contribution"": 0.1143}, {""key"": ""htf_bias"", ""weight"": 1.0, ""strength"": 0.0, ""contribution"": 0.0}, {""key"": ""fuel"", ""note"": ""excluded: oi unavailable"", ""weight"": 0.0, ""excluded_weight"": 1.5}, {""key"": ""cleared"", ""note"": ""excluded: oi unavailable"", ""weight"": 0.0, ""excluded_weight"": 1.2}, {""key"": ""delta_flip"", ""note"": ""excluded: taker unavailable"", ""weight"": 0.0, ""excluded_weight"": 1.5}, {""key"": ""absorption"", ""note"": ""excluded: taker unavailable"", ""weight"": 0.0, ""excluded_weight"": 1.0}, {""key"": ""cohort"", ""note"": ""excluded: cohort unavailable"", ""weight"": 0.0, ""excluded_weight"": 1.0}]"
M1,BTC,neutral,2026-05-14 16:15:05,4h_fvg_top,81521.5,short,81404.5,2026-05-14 16:15:00,81605.52333996269,81284.1,2026-05-14 16:44:59,81404.5,stop_be,0.045245125555886986,0.7366,full,"[{""key"": ""location"", ""weight"": 2.0, ""strength"": 1.0, ""contribution"": 0.2857}, {""key"": ""reclaim"", ""weight"": 2.0, ""strength"": 1.0, ""contribution"": 0.2857}, {""key"": ""discount"", ""weight"": 1.2, ""strength"": 0.6493, ""contribution"": 0.1113}, {""key"": ""session"", ""weight"": 0.8, ""strength"": 0.6, ""contribution"": 0.0686}, {""key"": ""htf_bias"", ""weight"": 1.0, ""strength"": 0.6, ""contribution"": 0.0857}, {""key"": ""fuel"", ""note"": ""excluded: oi unavailable"", ""weight"": 0.0, ""excluded_weight"": 1.5}, {""key"": ""cleared"", ""note"": ""excluded: oi unavailable"", ""weight"": 0.0, ""excluded_weight"": 1.2}, {""key"": ""delta_flip"", ""note"": ""excluded: taker unavailable"", ""weight"": 0.0, ""excluded_weight"": 1.5}, {""key"": ""absorption"", ""note"": ""excluded: taker unavailable"", ""weight"": 0.0, ""excluded_weight"": 1.0}, {""key"": ""cohort"", ""note"": ""excluded: cohort unavailable"", ""weight"": 0.0, ""excluded_weight"": 1.0}]"
M1,BTC,neutral,2026-05-16 07:15:05,pwl,78128.3,long,78336.8,2026-05-16 07:15:00,78040.28428453923,78393.9,2026-05-16 07:25:00,78336.8,stop_be,-0.04979530335199654,1.0565,full,"[{""key"": ""location"", ""weight"": 2.0, ""strength"": 1.0, ""contribution"": 0.2857}, {""key"": ""reclaim"", ""weight"": 2.0, ""strength"": 0.7843, ""contribution"": 0.2241}, {""key"": ""discount"", ""weight"": 1.2, ""strength"": 0.9527, ""contribution"": 0.1633}, {""key"": ""session"", ""weight"": 0.8, ""strength"": 1.0, ""contribution"": 0.1143}, {""key"": ""htf_bias"", ""weight"": 1.0, ""strength"": 0.6, ""contribution"": 0.0857}, {""key"": ""fuel"", ""note"": ""excluded: oi unavailable"", ""weight"": 0.0, ""excluded_weight"": 1.5}, {""key"": ""cleared"", ""note"": ""excluded: oi unavailable"", ""weight"": 0.0, ""excluded_weight"": 1.2}, {""key"": ""delta_flip"", ""note"": ""excluded: taker unavailable"", ""weight"": 0.0, ""excluded_weight"": 1.5}, {""key"": ""absorption"", ""note"": ""excluded: taker unavailable"", ""weight"": 0.0, ""excluded_weight"": 1.0}, {""key"": ""cohort"", ""note"": ""excluded: cohort unavailable"", ""weight"": 0.0, ""excluded_weight"": 1.0}]"
M1,BTC,neutral,2026-05-21 08:15:05,equal_highs_1h,78146.6,short,78013.0,2026-05-21 08:15:00,78203.35876798298,77825.8,2026-05-21 12:15:00,77161.5,time_stop,2.8825518803687955,1.028,full,"[{""key"": ""location"", ""weight"": 2.0, ""strength"": 1.0, ""contribution"": 0.2857}, {""key"": ""reclaim"", ""weight"": 2.0, ""strength"": 0.9003, ""contribution"": 0.2572}, {""key"": ""discount"", ""weight"": 1.2, ""strength"": 0.622, ""contribution"": 0.1066}, {""key"": ""session"", ""weight"": 0.8, ""strength"": 1.0, ""contribution"": 0.1143}, {""key"": ""htf_bias"", ""weight"": 1.0, ""strength"": 0.6, ""contribution"": 0.0857}, {""key"": ""fuel"", ""note"": ""excluded: oi unavailable"", ""weight"": 0.0, ""excluded_weight"": 1.5}, {""key"": ""cleared"", ""note"": ""excluded: oi unavailable"", ""weight"": 0.0, ""excluded_weight"": 1.2}, {""key"": ""delta_flip"", ""note"": ""excluded: taker unavailable"", ""weight"": 0.0, ""excluded_weight"": 1.5}, {""key"": ""absorption"", ""note"": ""excluded: taker unavailable"", ""weight"": 0.0, ""excluded_weight"": 1.0}, {""key"": ""cohort"", ""note"": ""excluded: cohort unavailable"", ""weight"": 0.0, ""excluded_weight"": 1.0}]"
M1,BTC,neutral,2026-05-25 02:15:05,equal_highs_4h,77420.53333333334,short,77178.0,2026-05-25 02:15:00,77484.3290067927,77030.3,2026-05-25 04:30:05,77141.5,dead_trade,0.14350731204293143,0.7887,full,"[{""key"": ""location"", ""weight"": 2.0, ""strength"": 1.0, ""contribution"": 0.2857}, {""key"": ""reclaim"", ""weight"": 2.0, ""strength"": 1.0, ""contribution"": 0.2857}, {""key"": ""discount"", ""weight"": 1.2, ""strength"": 0.8613, ""contribution"": 0.1477}, {""key"": ""session"", ""weight"": 0.8, ""strength"": 0.3, ""contribution"": 0.0343}, {""key"": ""htf_bias"", ""weight"": 1.0, ""strength"": 1.0, ""contribution"": 0.1429}, {""key"": ""fuel"", ""note"": ""excluded: oi unavailable"", ""weight"": 0.0, ""excluded_weight"": 1.5}, {""key"": ""cleared"", ""note"": ""excluded: oi unavailable"", ""weight"": 0.0, ""excluded_weight"": 1.2}, {""key"": ""delta_flip"", ""note"": ""excluded: taker unavailable"", ""weight"": 0.0, ""excluded_weight"": 1.5}, {""key"": ""absorption"", ""note"": ""excluded: taker unavailable"", ""weight"": 0.0, ""excluded_weight"": 1.0}, {""key"": ""cohort"", ""note"": ""excluded: cohort unavailable"", ""weight"": 0.0, ""excluded_weight"": 1.0}]"
M1,BTC,neutral,2026-05-25 05:00:05,4h_ob_top,77394.8,short,77309.0,2026-05-25 05:00:00,77445.19634257606,77104.7054861359,2026-05-25 05:20:00,77445.2,stop,-1.3410542937156584,0.5558,half,"[{""key"": ""location"", ""weight"": 2.0, ""strength"": 1.0, ""contribution"": 0.2857}, {""key"": ""reclaim"", ""weight"": 2.0, ""strength"": 0.6292, ""contribution"": 0.1798}, {""key"": ""discount"", ""weight"": 1.2, ""strength"": 0.8569, ""contribution"": 0.1469}, {""key"": ""session"", ""weight"": 0.8, ""strength"": 0.3, ""contribution"": 0.0343}, {""key"": ""htf_bias"", ""weight"": 1.0, ""strength"": 1.0, ""contribution"": 0.1429}, {""key"": ""fuel"", ""note"": ""excluded: oi unavailable"", ""weight"": 0.0, ""excluded_weight"": 1.5}, {""key"": ""cleared"", ""note"": ""excluded: oi unavailable"", ""weight"": 0.0, ""excluded_weight"": 1.2}, {""key"": ""delta_flip"", ""note"": ""excluded: taker unavailable"", ""weight"": 0.0, ""excluded_weight"": 1.5}, {""key"": ""absorption"", ""note"": ""excluded: taker unavailable"", ""weight"": 0.0, ""excluded_weight"": 1.0}, {""key"": ""cohort"", ""note"": ""excluded: cohort unavailable"", ""weight"": 0.0, ""excluded_weight"": 1.0}]"
M1,BTC,neutral,2026-05-25 05:45:05,equal_highs_1h,77438.8,short,77409.7,2026-05-25 05:45:00,77494.83221925642,77282.0016711154,2026-05-25 06:10:00,77409.7,stop_be,0.16363179035206446,0.6307,half,"[{""key"": ""location"", ""weight"": 2.0, ""strength"": 1.0, ""contribution"": 0.2857}, {""key"": ""reclaim"", ""weight"": 2.0, ""strength"": 0.3507, ""contribution"": 0.1002}, {""key"": ""discount"", ""weight"": 1.2, ""strength"": 0.8967, ""contribution"": 0.1537}, {""key"": ""session"", ""weight"": 0.8, ""strength"": 0.3, ""contribution"": 0.0343}, {""key"": ""htf_bias"", ""weight"": 1.0, ""strength"": 1.0, ""contribution"": 0.1429}, {""key"": ""fuel"", ""note"": ""excluded: oi unavailable"", ""weight"": 0.0, ""excluded_weight"": 1.5}, {""key"": ""cleared"", ""note"": ""excluded: oi unavailable"", ""weight"": 0.0, ""excluded_weight"": 1.2}, {""key"": ""delta_flip"", ""note"": ""excluded: taker unavailable"", ""weight"": 0.0, ""excluded_weight"": 1.5}, {""key"": ""absorption"", ""note"": ""excluded: taker unavailable"", ""weight"": 0.0, ""excluded_weight"": 1.0}, {""key"": ""cohort"", ""note"": ""excluded: cohort unavailable"", ""weight"": 0.0, ""excluded_weight"": 1.0}]"
M1,BTC,neutral,2026-05-25 15:00:05,equal_highs_1h,77688.3,short,77639.1,2026-05-25 15:00:00,77762.80100268697,77600.0,2026-05-25 15:05:00,77762.8,stop,-1.3775798117157776,0.8891,full,"[{""key"": ""location"", ""weight"": 2.0, ""strength"": 1.0, ""contribution"": 0.2857}, {""key"": ""reclaim"", ""weight"": 2.0, ""strength"": 0.6954, ""contribution"": 0.1987}, {""key"": ""discount"", ""weight"": 1.2, ""strength"": 0.7938, ""contribution"": 0.1361}, {""key"": ""session"", ""weight"": 0.8, ""strength"": 1.0, ""contribution"": 0.1143}, {""key"": ""htf_bias"", ""weight"": 1.0, ""strength"": 0.0, ""contribution"": 0.0}, {""key"": ""fuel"", ""note"": ""excluded: oi unavailable"", ""weight"": 0.0, ""excluded_weight"": 1.5}, {""key"": ""cleared"", ""note"": ""excluded: oi unavailable"", ""weight"": 0.0, ""excluded_weight"": 1.2}, {""key"": ""delta_flip"", ""note"": ""excluded: taker unavailable"", ""weight"": 0.0, ""excluded_weight"": 1.5}, {""key"": ""absorption"", ""note"": ""excluded: taker unavailable"", ""weight"": 0.0, ""excluded_weight"": 1.0}, {""key"": ""cohort"", ""note"": ""excluded: cohort unavailable"", ""weight"": 0.0, ""excluded_weight"": 1.0}]"
M1,BTC,neutral,2026-05-29 16:30:05,equal_highs_1h,73920.4,short,73733.8,2026-05-29 16:35:00,74033.65454117395,73591.4,2026-05-29 16:35:00,74033.7,stop,-1.1479493896703237,0.7348,full,"[{""key"": ""location"", ""weight"": 2.0, ""strength"": 1.0, ""contribution"": 0.2857}, {""key"": ""reclaim"", ""weight"": 2.0, ""strength"": 0.8575, ""contribution"": 0.245}, {""key"": ""discount"", ""weight"": 1.2, ""strength"": 0.5418, ""contribution"": 0.0929}, {""key"": ""session"", ""weight"": 0.8, ""strength"": 0.6, ""contribution"": 0.0686}, {""key"": ""htf_bias"", ""weight"": 1.0, ""strength"": 1.0, ""contribution"": 0.1429}, {""key"": ""fuel"", ""note"": ""excluded: oi unavailable"", ""weight"": 0.0, ""excluded_weight"": 1.5}, {""key"": ""cleared"", ""note"": ""excluded: oi unavailable"", ""weight"": 0.0, ""excluded_weight"": 1.2}, {""key"": ""delta_flip"", ""note"": ""excluded: taker unavailable"", ""weight"": 0.0, ""excluded_weight"": 1.5}, {""key"": ""absorption"", ""note"": ""excluded: taker unavailable"", ""weight"": 0.0, ""excluded_weight"": 1.0}, {""key"": ""cohort"", ""note"": ""excluded: cohort unavailable"", ""weight"": 0.0, ""excluded_weight"": 1.0}]"
M1,BTC,neutral,2026-06-01 07:30:05,asia_low,72917.0,long,72994.5,2026-06-01 07:30:00,72850.53104337167,73177.8,2026-06-01 07:35:00,72850.5,stop,-1.3039748595570013,0.6745,half,"[{""key"": ""location"", ""weight"": 2.0, ""strength"": 0.6, ""contribution"": 0.1714}, {""key"": ""reclaim"", ""weight"": 2.0, ""strength"": 0.5415, ""contribution"": 0.1547}, {""key"": ""discount"", ""weight"": 1.2, ""strength"": 0.4327, ""contribution"": 0.0742}, {""key"": ""session"", ""weight"": 0.8, ""strength"": 1.0, ""contribution"": 0.1143}, {""key"": ""htf_bias"", ""weight"": 1.0, ""strength"": 0.3, ""contribution"": 0.0429}, {""key"": ""fuel"", ""note"": ""excluded: oi unavailable"", ""weight"": 0.0, ""excluded_weight"": 1.5}, {""key"": ""cleared"", ""note"": ""excluded: oi unavailable"", ""weight"": 0.0, ""excluded_weight"": 1.2}, {""key"": ""delta_flip"", ""note"": ""excluded: taker unavailable"", ""weight"": 0.0, ""excluded_weight"": 1.5}, {""key"": ""absorption"", ""note"": ""excluded: taker unavailable"", ""weight"": 0.0, ""excluded_weight"": 1.0}, {""key"": ""cohort"", ""note"": ""excluded: cohort unavailable"", ""weight"": 0.0, ""excluded_weight"": 1.0}]"
M1,BTC,neutral,2026-06-02 07:45:05,asia_low,69889.1,long,70042.6,2026-06-02 07:50:00,69751.13878078674,70249.6,2026-06-02 08:50:00,69751.1,stop,-1.143675999502818,0.7139,full,"[{""key"": ""location"", ""weight"": 2.0, ""strength"": 0.6, ""contribution"": 0.1714}, {""key"": ""reclaim"", ""weight"": 2.0, ""strength"": 1.0, ""contribution"": 0.2857}, {""key"": ""discount"", ""weight"": 1.2, ""strength"": 0.7185, ""contribution"": 0.1232}, {""key"": ""session"", ""weight"": 0.8, ""strength"": 1.0, ""contribution"": 0.1143}, {""key"": ""htf_bias"", ""weight"": 1.0, ""strength"": 0.3, ""contribution"": 0.0429}, {""key"": ""fuel"", ""note"": ""excluded: oi unavailable"", ""weight"": 0.0, ""excluded_weight"": 1.5}, {""key"": ""cleared"", ""note"": ""excluded: oi unavailable"", ""weight"": 0.0, ""excluded_weight"": 1.2}, {""key"": ""delta_flip"", ""note"": ""excluded: taker unavailable"", ""weight"": 0.0, ""excluded_weight"": 1.5}, {""key"": ""absorption"", ""note"": ""excluded: taker unavailable"", ""weight"": 0.0, ""excluded_weight"": 1.0}, {""key"": ""cohort"", ""note"": ""excluded: cohort unavailable"", ""weight"": 0.0, ""excluded_weight"": 1.0}]"
M1,BTC,neutral,2026-06-11 04:00:05,equal_highs_4h,62891.3,short,62630.4,2026-06-11 04:00:00,62961.023665084685,62134.464502372975,2026-06-11 06:15:05,62754.5,dead_trade,-0.4891787917195005,0.6246,half,"[{""key"": ""location"", ""weight"": 2.0, ""strength"": 1.0, ""contribution"": 0.2857}, {""key"": ""reclaim"", ""weight"": 2.0, ""strength"": 0.3662, ""contribution"": 0.1046}, {""key"": ""discount"", ""weight"": 1.2, ""strength"": 0.8299, ""contribution"": 0.1423}, {""key"": ""session"", ""weight"": 0.8, ""strength"": 0.3, ""contribution"": 0.0343}, {""key"": ""htf_bias"", ""weight"": 1.0, ""strength"": 1.0, ""contribution"": 0.1429}, {""key"": ""fuel"", ""note"": ""excluded: oi unavailable"", ""weight"": 0.0, ""excluded_weight"": 1.5}, {""key"": ""cleared"", ""note"": ""excluded: oi unavailable"", ""weight"": 0.0, ""excluded_weight"": 1.2}, {""key"": ""delta_flip"", ""note"": ""excluded: taker unavailable"", ""weight"": 0.0, ""excluded_weight"": 1.5}, {""key"": ""absorption"", ""note"": ""excluded: taker unavailable"", ""weight"": 0.0, ""excluded_weight"": 1.0}, {""key"": ""cohort"", ""note"": ""excluded: cohort unavailable"", ""weight"": 0.0, ""excluded_weight"": 1.0}]"
M1,BTC,neutral,2026-06-12 10:00:05,equal_highs_1h,63837.85,short,63816.4,2026-06-12 10:05:00,63958.001618037386,63604.12257294392,2026-06-12 11:05:00,63816.4,stop_be,0.3835479680191049,0.7271,full,"[{""key"": ""location"", ""weight"": 2.0, ""strength"": 1.0, ""contribution"": 0.2857}, {""key"": ""reclaim"", ""weight"": 2.0, ""strength"": 0.6128, ""contribution"": 0.1751}, {""key"": ""discount"", ""weight"": 1.2, ""strength"": 0.7678, ""contribution"": 0.1316}, {""key"": ""session"", ""weight"": 0.8, ""strength"": 0.6, ""contribution"": 0.0686}, {""key"": ""htf_bias"", ""weight"": 1.0, ""strength"": 0.0, ""contribution"": 0.0}, {""key"": ""fuel"", ""note"": ""excluded: oi unavailable"", ""weight"": 0.0, ""excluded_weight"": 1.5}, {""key"": ""cleared"", ""note"": ""excluded: oi unavailable"", ""weight"": 0.0, ""excluded_weight"": 1.2}, {""key"": ""delta_flip"", ""note"": ""excluded: taker unavailable"", ""weight"": 0.0, ""excluded_weight"": 1.5}, {""key"": ""absorption"", ""note"": ""excluded: taker unavailable"", ""weight"": 0.0, ""excluded_weight"": 1.0}, {""key"": ""cohort"", ""note"": ""excluded: cohort unavailable"", ""weight"": 0.0, ""excluded_weight"": 1.0}]"
M1,BTC,neutral,2026-06-18 04:15:05,pdl,63881.2,long,64054.2,2026-06-18 04:15:00,63751.09062417578,64472.9,2026-06-18 05:00:05,63850.1,thesis_failed,-0.7998455156352373,0.6332,half,"[{""key"": ""location"", ""weight"": 2.0, ""strength"": 1.0, ""contribution"": 0.2857}, {""key"": ""reclaim"", ""weight"": 2.0, ""strength"": 0.6103, ""contribution"": 0.1744}, {""key"": ""discount"", ""weight"": 1.2, ""strength"": 0.8135, ""contribution"": 0.1395}, {""key"": ""session"", ""weight"": 0.8, ""strength"": 0.3, ""contribution"": 0.0343}, {""key"": ""htf_bias"", ""weight"": 1.0, ""strength"": 0.6, ""contribution"": 0.0857}, {""key"": ""fuel"", ""note"": ""excluded: oi unavailable"", ""weight"": 0.0, ""excluded_weight"": 1.5}, {""key"": ""cleared"", ""note"": ""excluded: oi unavailable"", ""weight"": 0.0, ""excluded_weight"": 1.2}, {""key"": ""delta_flip"", ""note"": ""excluded: taker unavailable"", ""weight"": 0.0, ""excluded_weight"": 1.5}, {""key"": ""absorption"", ""note"": ""excluded: taker unavailable"", ""weight"": 0.0, ""excluded_weight"": 1.0}, {""key"": ""cohort"", ""note"": ""excluded: cohort unavailable"", ""weight"": 0.0, ""excluded_weight"": 1.0}]"
M1,BTC,neutral,2026-06-18 16:15:05,equal_lows_4h,62348.1,long,62501.4,2026-06-18 16:20:00,62183.063472688154,62978.904790967754,2026-06-18 20:20:00,63068.1,time_stop,1.5733022827412542,0.8699,full,"[{""key"": ""location"", ""weight"": 2.0, ""strength"": 1.0, ""contribution"": 0.2857}, {""key"": ""reclaim"", ""weight"": 2.0, ""strength"": 0.7116, ""contribution"": 0.2033}, {""key"": ""discount"", ""weight"": 1.2, ""strength"": 0.8602, ""contribution"": 0.1475}, {""key"": ""session"", ""weight"": 0.8, ""strength"": 0.6, ""contribution"": 0.0686}, {""key"": ""htf_bias"", ""weight"": 1.0, ""strength"": 0.6, ""contribution"": 0.0857}, {""key"": ""fuel"", ""note"": ""excluded: oi unavailable"", ""weight"": 0.0, ""excluded_weight"": 1.5}, {""key"": ""cleared"", ""note"": ""excluded: oi unavailable"", ""weight"": 0.0, ""excluded_weight"": 1.2}, {""key"": ""delta_flip"", ""note"": ""excluded: taker unavailable"", ""weight"": 0.0, ""excluded_weight"": 1.5}, {""key"": ""absorption"", ""note"": ""excluded: taker unavailable"", ""weight"": 0.0, ""excluded_weight"": 1.0}, {""key"": ""cohort"", ""note"": ""excluded: cohort unavailable"", ""weight"": 0.0, ""excluded_weight"": 1.0}]"
M1,BTC,neutral,2026-06-19 09:15:05,equal_lows_4h,62348.1,long,62453.4,2026-06-19 09:15:00,62256.04920100327,62749.551198495086,2026-06-19 12:30:05,62528.2,dead_trade,0.1889267935567662,0.6156,half,"[{""key"": ""location"", ""weight"": 2.0, ""strength"": 1.0, ""contribution"": 0.2857}, {""key"": ""reclaim"", ""weight"": 2.0, ""strength"": 0.3542, ""contribution"": 0.1012}, {""key"": ""discount"", ""weight"": 1.2, ""strength"": 0.9237, ""contribution"": 0.1584}, {""key"": ""session"", ""weight"": 0.8, ""strength"": 0.6, ""contribution"": 0.0686}, {""key"": ""htf_bias"", ""weight"": 1.0, ""strength"": 0.6, ""contribution"": 0.0857}, {""key"": ""fuel"", ""note"": ""excluded: oi unavailable"", ""weight"": 0.0, ""excluded_weight"": 1.5}, {""key"": ""cleared"", ""note"": ""excluded: oi unavailable"", ""weight"": 0.0, ""excluded_weight"": 1.2}, {""key"": ""delta_flip"", ""note"": ""excluded: taker unavailable"", ""weight"": 0.0, ""excluded_weight"": 1.5}, {""key"": ""absorption"", ""note"": ""excluded: taker unavailable"", ""weight"": 0.0, ""excluded_weight"": 1.0}, {""key"": ""cohort"", ""note"": ""excluded: cohort unavailable"", ""weight"": 0.0, ""excluded_weight"": 1.0}]"
M1,BTC,neutral,2026-06-23 00:45:05,equal_lows_1h,63855.759999999995,long,64093.1,2026-06-23 01:35:00,63775.65371683017,64086.2,2026-06-23 01:35:00,64093.1,stop_be,-0.1831464338934317,0.6001,half,"[{""key"": ""location"", ""weight"": 2.0, ""strength"": 0.8, ""contribution"": 0.2286}, {""key"": ""reclaim"", ""weight"": 2.0, ""strength"": 1.0, ""contribution"": 0.2857}, {""key"": ""discount"", ""weight"": 1.2, ""strength"": 0.278, ""contribution"": 0.0477}, {""key"": ""session"", ""weight"": 0.8, ""strength"": 0.3, ""contribution"": 0.0343}, {""key"": ""htf_bias"", ""weight"": 1.0, ""strength"": 0.6, ""contribution"": 0.0857}, {""key"": ""fuel"", ""note"": ""excluded: oi unavailable"", ""weight"": 0.0, ""excluded_weight"": 1.5}, {""key"": ""cleared"", ""note"": ""excluded: oi unavailable"", ""weight"": 0.0, ""excluded_weight"": 1.2}, {""key"": ""delta_flip"", ""note"": ""excluded: taker unavailable"", ""weight"": 0.0, ""excluded_weight"": 1.5}, {""key"": ""absorption"", ""note"": ""excluded: taker unavailable"", ""weight"": 0.0, ""excluded_weight"": 1.0}, {""key"": ""cohort"", ""note"": ""excluded: cohort unavailable"", ""weight"": 0.0, ""excluded_weight"": 1.0}]"
M1,BTC,neutral,2026-06-23 10:45:05,pwl,62232.1,long,62280.6,2026-06-23 10:45:00,62175.77930599821,62348.1,2026-06-23 12:35:00,62280.6,stop_be,-0.027667450594059284,0.7083,full,"[{""key"": ""location"", ""weight"": 2.0, ""strength"": 1.0, ""contribution"": 0.2857}, {""key"": ""reclaim"", ""weight"": 2.0, ""strength"": 0.678, ""contribution"": 0.1937}, {""key"": ""discount"", ""weight"": 1.2, ""strength"": 0.9988, ""contribution"": 0.1712}, {""key"": ""session"", ""weight"": 0.8, ""strength"": 0.6, ""contribution"": 0.0686}, {""key"": ""htf_bias"", ""weight"": 1.0, ""strength"": 0.6, ""contribution"": 0.0857}, {""key"": ""fuel"", ""note"": ""excluded: oi unavailable"", ""weight"": 0.0, ""excluded_weight"": 1.5}, {""key"": ""cleared"", ""note"": ""excluded: oi unavailable"", ""weight"": 0.0, ""excluded_weight"": 1.2}, {""key"": ""delta_flip"", ""note"": ""excluded: taker unavailable"", ""weight"": 0.0, ""excluded_weight"": 1.5}, {""key"": ""absorption"", ""note"": ""excluded: taker unavailable"", ""weight"": 0.0, ""excluded_weight"": 1.0}, {""key"": ""cohort"", ""note"": ""excluded: cohort unavailable"", ""weight"": 0.0, ""excluded_weight"": 1.0}]"
M1,BTC,neutral,2026-06-23 11:00:05,equal_lows_4h,62234.649999999994,long,,,,,,,"no_trade (trade #509 open at evaluation, its exit_ts 2026-06-23 12:35:00)",,0.6048,half,"[{""key"": ""location"", ""weight"": 2.0, ""strength"": 1.0, ""contribution"": 0.2857}, {""key"": ""reclaim"", ""weight"": 2.0, ""strength"": 0.2843, ""contribution"": 0.0812}, {""key"": ""discount"", ""weight"": 1.2, ""strength"": 0.9683, ""contribution"": 0.166}, {""key"": ""session"", ""weight"": 0.8, ""strength"": 0.6, ""contribution"": 0.0686}, {""key"": ""htf_bias"", ""weight"": 1.0, ""strength"": 0.6, ""contribution"": 0.0857}, {""key"": ""fuel"", ""note"": ""excluded: oi unavailable"", ""weight"": 0.0, ""excluded_weight"": 1.5}, {""key"": ""cleared"", ""note"": ""excluded: oi unavailable"", ""weight"": 0.0, ""excluded_weight"": 1.2}, {""key"": ""delta_flip"", ""note"": ""excluded: taker unavailable"", ""weight"": 0.0, ""excluded_weight"": 1.5}, {""key"": ""absorption"", ""note"": ""excluded: taker unavailable"", ""weight"": 0.0, ""excluded_weight"": 1.0}, {""key"": ""cohort"", ""note"": ""excluded: cohort unavailable"", ""weight"": 0.0, ""excluded_weight"": 1.0}]"
M1,BTC,neutral,2026-06-27 08:15:05,asia_high,60492.2,short,60471.6,2026-06-27 08:20:00,60578.51522576242,60311.10216135638,2026-06-27 12:20:00,60320.5,time_stop,1.1768609230757487,0.6309,half,"[{""key"": ""location"", ""weight"": 2.0, ""strength"": 0.6, ""contribution"": 0.1714}, {""key"": ""reclaim"", ""weight"": 2.0, ""strength"": 0.445, ""contribution"": 0.1272}, {""key"": ""discount"", ""weight"": 1.2, ""strength"": 0.8937, ""contribution"": 0.1532}, {""key"": ""session"", ""weight"": 0.8, ""strength"": 1.0, ""contribution"": 0.1143}, {""key"": ""htf_bias"", ""weight"": 1.0, ""strength"": 0.6, ""contribution"": 0.0857}, {""key"": ""fuel"", ""note"": ""excluded: oi unavailable"", ""weight"": 0.0, ""excluded_weight"": 1.5}, {""key"": ""cleared"", ""note"": ""excluded: oi unavailable"", ""weight"": 0.0, ""excluded_weight"": 1.2}, {""key"": ""delta_flip"", ""note"": ""excluded: taker unavailable"", ""weight"": 0.0, ""excluded_weight"": 1.5}, {""key"": ""absorption"", ""note"": ""excluded: taker unavailable"", ""weight"": 0.0, ""excluded_weight"": 1.0}, {""key"": ""cohort"", ""note"": ""excluded: cohort unavailable"", ""weight"": 0.0, ""excluded_weight"": 1.0}]"
M1,BTC,neutral,2026-06-29 10:15:05,equal_highs_1h,60232.2,short,60159.2,2026-06-29 10:15:00,60318.34349106073,59920.484763408895,2026-06-29 11:35:00,60159.2,stop_be,0.41864107106466764,0.5962,half,"[{""key"": ""location"", ""weight"": 2.0, ""strength"": 0.8, ""contribution"": 0.2286}, {""key"": ""reclaim"", ""weight"": 2.0, ""strength"": 0.7181, ""contribution"": 0.2052}, {""key"": ""discount"", ""weight"": 1.2, ""strength"": 0.1884, ""contribution"": 0.0323}, {""key"": ""session"", ""weight"": 0.8, ""strength"": 0.6, ""contribution"": 0.0686}, {""key"": ""htf_bias"", ""weight"": 1.0, ""strength"": 1.0, ""contribution"": 0.1429}, {""key"": ""fuel"", ""note"": ""excluded: oi unavailable"", ""weight"": 0.0, ""excluded_weight"": 1.5}, {""key"": ""cleared"", ""note"": ""excluded: oi unavailable"", ""weight"": 0.0, ""excluded_weight"": 1.2}, {""key"": ""delta_flip"", ""note"": ""excluded: taker unavailable"", ""weight"": 0.0, ""excluded_weight"": 1.5}, {""key"": ""absorption"", ""note"": ""excluded: taker unavailable"", ""weight"": 0.0, ""excluded_weight"": 1.0}, {""key"": ""cohort"", ""note"": ""excluded: cohort unavailable"", ""weight"": 0.0, ""excluded_weight"": 1.0}]"
M1,BTC,neutral,2026-07-04 00:15:05,4h_ob_top,62887.7,short,62743.1,2026-07-04 00:15:00,62950.55407454295,62565.5,2026-07-04 03:45:05,62685.0,dead_trade,0.3654286143427932,0.5584,half,"[{""key"": ""location"", ""weight"": 2.0, ""strength"": 1.0, ""contribution"": 0.2857}, {""key"": ""reclaim"", ""weight"": 2.0, ""strength"": 0.634, ""contribution"": 0.1812}, {""key"": ""discount"", ""weight"": 1.2, ""strength"": 0.7781, ""contribution"": 0.1334}, {""key"": ""session"", ""weight"": 0.8, ""strength"": 0.3, ""contribution"": 0.0343}, {""key"": ""htf_bias"", ""weight"": 1.0, ""strength"": 0.0, ""contribution"": 0.0}, {""key"": ""fuel"", ""note"": ""excluded: oi unavailable"", ""weight"": 0.0, ""excluded_weight"": 1.5}, {""key"": ""cleared"", ""note"": ""excluded: oi unavailable"", ""weight"": 0.0, ""excluded_weight"": 1.2}, {""key"": ""delta_flip"", ""note"": ""excluded: taker unavailable"", ""weight"": 0.0, ""excluded_weight"": 1.5}, {""key"": ""absorption"", ""note"": ""excluded: taker unavailable"", ""weight"": 0.0, ""excluded_weight"": 1.0}, {""key"": ""cohort"", ""note"": ""excluded: cohort unavailable"", ""weight"": 0.0, ""excluded_weight"": 1.0}]"
M1,BTC,neutral,2026-07-10 00:00:05,equal_highs_4h,63248.05,short,63247.9,,63321.680844536975,63137.10373319453,2026-07-10 00:45:05,,cancelled:entry_expired_no_fvg,,0.6808,half,"[{""key"": ""location"", ""weight"": 2.0, ""strength"": 1.0, ""contribution"": 0.2857}, {""key"": ""reclaim"", ""weight"": 2.0, ""strength"": 0.5487, ""contribution"": 0.1568}, {""key"": ""discount"", ""weight"": 1.2, ""strength"": 0.8987, ""contribution"": 0.1541}, {""key"": ""session"", ""weight"": 0.8, ""strength"": 0.3, ""contribution"": 0.0343}, {""key"": ""htf_bias"", ""weight"": 1.0, ""strength"": 1.0, ""contribution"": 0.1429}, {""key"": ""fuel"", ""note"": ""excluded: oi unavailable"", ""weight"": 0.0, ""excluded_weight"": 1.5}, {""key"": ""cleared"", ""note"": ""excluded: oi unavailable"", ""weight"": 0.0, ""excluded_weight"": 1.2}, {""key"": ""delta_flip"", ""note"": ""excluded: taker unavailable"", ""weight"": 0.0, ""excluded_weight"": 1.5}, {""key"": ""absorption"", ""note"": ""excluded: taker unavailable"", ""weight"": 0.0, ""excluded_weight"": 1.0}, {""key"": ""cohort"", ""note"": ""excluded: cohort unavailable"", ""weight"": 0.0, ""excluded_weight"": 1.0}]"
M1,BTC,neutral,2026-07-10 02:00:05,4h_ob_top,63910.0,short,63645.3,2026-07-10 02:00:00,63968.2045198419,63484.9,2026-07-10 02:50:00,63968.2,stop,-1.118697518315518,0.6403,half,"[{""key"": ""location"", ""weight"": 2.0, ""strength"": 1.0, ""contribution"": 0.2857}, {""key"": ""reclaim"", ""weight"": 2.0, ""strength"": 0.5511, ""contribution"": 0.1575}, {""key"": ""discount"", ""weight"": 1.2, ""strength"": 0.626, ""contribution"": 0.1073}, {""key"": ""session"", ""weight"": 0.8, ""strength"": 0.3, ""contribution"": 0.0343}, {""key"": ""htf_bias"", ""weight"": 1.0, ""strength"": 1.0, ""contribution"": 0.1429}, {""key"": ""fuel"", ""note"": ""excluded: oi unavailable"", ""weight"": 0.0, ""excluded_weight"": 1.5}, {""key"": ""cleared"", ""note"": ""excluded: oi unavailable"", ""weight"": 0.0, ""excluded_weight"": 1.2}, {""key"": ""delta_flip"", ""note"": ""excluded: taker unavailable"", ""weight"": 0.0, ""excluded_weight"": 1.5}, {""key"": ""absorption"", ""note"": ""excluded: taker unavailable"", ""weight"": 0.0, ""excluded_weight"": 1.0}, {""key"": ""cohort"", ""note"": ""excluded: cohort unavailable"", ""weight"": 0.0, ""excluded_weight"": 1.0}]"
M1,BTC,neutral,2026-07-12 06:45:05,equal_lows_4h,63646.23333333334,long,63685.4,,63585.66214859832,63766.75,2026-07-12 07:30:05,,cancelled:entry_expired_no_fvg,,0.6159,half,"[{""key"": ""location"", ""weight"": 2.0, ""strength"": 1.0, ""contribution"": 0.2857}, {""key"": ""reclaim"", ""weight"": 2.0, ""strength"": 0.8457, ""contribution"": 0.2416}, {""key"": ""discount"", ""weight"": 1.2, ""strength"": 0.8067, ""contribution"": 0.1383}, {""key"": ""session"", ""weight"": 0.8, ""strength"": 0.3, ""contribution"": 0.0343}, {""key"": ""htf_bias"", ""weight"": 1.0, ""strength"": 0.0, ""contribution"": 0.0}, {""key"": ""fuel"", ""note"": ""excluded: oi unavailable"", ""weight"": 0.0, ""excluded_weight"": 1.5}, {""key"": ""cleared"", ""note"": ""excluded: oi unavailable"", ""weight"": 0.0, ""excluded_weight"": 1.2}, {""key"": ""delta_flip"", ""note"": ""excluded: taker unavailable"", ""weight"": 0.0, ""excluded_weight"": 1.5}, {""key"": ""absorption"", ""note"": ""excluded: taker unavailable"", ""weight"": 0.0, ""excluded_weight"": 1.0}, {""key"": ""cohort"", ""note"": ""excluded: cohort unavailable"", ""weight"": 0.0, ""excluded_weight"": 1.0}]"
M1,BTC,neutral,2026-07-14 12:45:05,4h_fvg_top,63634.1,short,63293.6,2026-07-14 12:45:00,63694.13399941338,62856.5,2026-07-14 12:50:00,63694.1,stop,-1.0950422024903024,0.9132,full,"[{""key"": ""location"", ""weight"": 2.0, ""strength"": 1.0, ""contribution"": 0.2857}, {""key"": ""reclaim"", ""weight"": 2.0, ""strength"": 0.9748, ""contribution"": 0.2785}, {""key"": ""discount"", ""weight"": 1.2, ""strength"": 0.3178, ""contribution"": 0.0545}, {""key"": ""session"", ""weight"": 0.8, ""strength"": 0.6, ""contribution"": 0.0686}, {""key"": ""htf_bias"", ""weight"": 1.0, ""strength"": 1.0, ""contribution"": 0.1429}, {""key"": ""fuel"", ""note"": ""excluded: oi unavailable"", ""weight"": 0.0, ""excluded_weight"": 1.5}, {""key"": ""cleared"", ""note"": ""excluded: oi unavailable"", ""weight"": 0.0, ""excluded_weight"": 1.2}, {""key"": ""delta_flip"", ""note"": ""excluded: taker unavailable"", ""weight"": 0.0, ""excluded_weight"": 1.5}, {""key"": ""absorption"", ""note"": ""excluded: taker unavailable"", ""weight"": 0.0, ""excluded_weight"": 1.0}, {""key"": ""cohort"", ""note"": ""excluded: cohort unavailable"", ""weight"": 0.0, ""excluded_weight"": 1.0}]"
M1,BTC,neutral,2026-07-17 05:45:05,4h_fvg_bottom,62896.0,long,63034.9,2026-07-17 05:45:00,62844.06733302188,63321.02400046718,2026-07-17 05:50:00,62844.1,stop,-1.197881776263311,0.61,half,"[{""key"": ""location"", ""weight"": 2.0, ""strength"": 1.0, ""contribution"": 0.2857}, {""key"": ""reclaim"", ""weight"": 2.0, ""strength"": 0.7666, ""contribution"": 0.219}, {""key"": ""discount"", ""weight"": 1.2, ""strength"": 0.3989, ""contribution"": 0.0684}, {""key"": ""session"", ""weight"": 0.8, ""strength"": 0.3, ""contribution"": 0.0343}, {""key"": ""htf_bias"", ""weight"": 1.0, ""strength"": 0.6, ""contribution"": 0.0857}, {""key"": ""fuel"", ""note"": ""excluded: oi unavailable"", ""weight"": 0.0, ""excluded_weight"": 1.5}, {""key"": ""cleared"", ""note"": ""excluded: oi unavailable"", ""weight"": 0.0, ""excluded_weight"": 1.2}, {""key"": ""delta_flip"", ""note"": ""excluded: taker unavailable"", ""weight"": 0.0, ""excluded_weight"": 1.5}, {""key"": ""absorption"", ""note"": ""excluded: taker unavailable"", ""weight"": 0.0, ""excluded_weight"": 1.0}, {""key"": ""cohort"", ""note"": ""excluded: cohort unavailable"", ""weight"": 0.0, ""excluded_weight"": 1.0}]"
M1,BTC,neutral,2026-07-17 13:45:05,4h_ob_bottom,62529.7,long,62709.5,2026-07-17 13:45:00,62480.73738841536,63052.643917376954,2026-07-17 14:10:00,63337.4,target,2.164285561727657,0.9821,full,"[{""key"": ""location"", ""weight"": 2.0, ""strength"": 1.0, ""contribution"": 0.2857}, {""key"": ""reclaim"", ""weight"": 2.0, ""strength"": 0.7735, ""contribution"": 0.221}, {""key"": ""discount"", ""weight"": 1.2, ""strength"": 0.612, ""contribution"": 0.1049}, {""key"": ""session"", ""weight"": 0.8, ""strength"": 1.0, ""contribution"": 0.1143}, {""key"": ""htf_bias"", ""weight"": 1.0, ""strength"": 0.6, ""contribution"": 0.0857}, {""key"": ""fuel"", ""note"": ""excluded: oi unavailable"", ""weight"": 0.0, ""excluded_weight"": 1.5}, {""key"": ""cleared"", ""note"": ""excluded: oi unavailable"", ""weight"": 0.0, ""excluded_weight"": 1.2}, {""key"": ""delta_flip"", ""note"": ""excluded: taker unavailable"", ""weight"": 0.0, ""excluded_weight"": 1.5}, {""key"": ""absorption"", ""note"": ""excluded: taker unavailable"", ""weight"": 0.0, ""excluded_weight"": 1.0}, {""key"": ""cohort"", ""note"": ""excluded: cohort unavailable"", ""weight"": 0.0, ""excluded_weight"": 1.0}]"
M1,BTC,neutral,2026-07-17 14:00:05,4h_ob_bottom,62529.7,long,,,,,,,"no_trade (trade #539 open at evaluation, its exit_ts 2026-07-17 14:10:00)",,0.7967,full,"[{""key"": ""location"", ""weight"": 2.0, ""strength"": 1.0, ""contribution"": 0.2857}, {""key"": ""reclaim"", ""weight"": 2.0, ""strength"": 1.0, ""contribution"": 0.2857}, {""key"": ""discount"", ""weight"": 1.2, ""strength"": 0.3009, ""contribution"": 0.0516}, {""key"": ""session"", ""weight"": 0.8, ""strength"": 1.0, ""contribution"": 0.1143}, {""key"": ""htf_bias"", ""weight"": 1.0, ""strength"": 0.6, ""contribution"": 0.0857}, {""key"": ""fuel"", ""note"": ""excluded: oi unavailable"", ""weight"": 0.0, ""excluded_weight"": 1.5}, {""key"": ""cleared"", ""note"": ""excluded: oi unavailable"", ""weight"": 0.0, ""excluded_weight"": 1.2}, {""key"": ""delta_flip"", ""note"": ""excluded: taker unavailable"", ""weight"": 0.0, ""excluded_weight"": 1.5}, {""key"": ""absorption"", ""note"": ""excluded: taker unavailable"", ""weight"": 0.0, ""excluded_weight"": 1.0}, {""key"": ""cohort"", ""note"": ""excluded: cohort unavailable"", ""weight"": 0.0, ""excluded_weight"": 1.0}]"
M1,BTC,neutral,2026-07-20 16:00:05,pwh,65589.7,short,65448.5,2026-07-20 16:00:00,65730.73009853308,65084.6,2026-07-20 18:05:00,65730.7,stop,-1.1394819038491129,0.8993,full,"[{""key"": ""location"", ""weight"": 2.0, ""strength"": 1.0, ""contribution"": 0.2857}, {""key"": ""reclaim"", ""weight"": 2.0, ""strength"": 0.8841, ""contribution"": 0.2526}, {""key"": ""discount"", ""weight"": 1.2, ""strength"": 0.9789, ""contribution"": 0.1678}, {""key"": ""session"", ""weight"": 0.8, ""strength"": 0.6, ""contribution"": 0.0686}, {""key"": ""htf_bias"", ""weight"": 1.0, ""strength"": 0.3, ""contribution"": 0.0429}, {""key"": ""fuel"", ""note"": ""excluded: oi unavailable"", ""weight"": 0.0, ""excluded_weight"": 1.5}, {""key"": ""cleared"", ""note"": ""excluded: oi unavailable"", ""weight"": 0.0, ""excluded_weight"": 1.2}, {""key"": ""delta_flip"", ""note"": ""excluded: taker unavailable"", ""weight"": 0.0, ""excluded_weight"": 1.5}, {""key"": ""absorption"", ""note"": ""excluded: taker unavailable"", ""weight"": 0.0, ""excluded_weight"": 1.0}, {""key"": ""cohort"", ""note"": ""excluded: cohort unavailable"", ""weight"": 0.0, ""excluded_weight"": 1.0}]"
M1,BTC,neutral,2026-07-21 13:30:05,london_high,66618.0,short,66511.0,2026-07-21 13:35:00,66658.75144596951,66385.0,2026-07-21 13:50:00,66511.0,stop_be,0.12504803237048528,0.8851,full,"[{""key"": ""location"", ""weight"": 2.0, ""strength"": 0.6, ""contribution"": 0.1714}, {""key"": ""reclaim"", ""weight"": 2.0, ""strength"": 0.8142, ""contribution"": 0.2326}, {""key"": ""discount"", ""weight"": 1.2, ""strength"": 0.9932, ""contribution"": 0.1703}, {""key"": ""session"", ""weight"": 0.8, ""strength"": 1.0, ""contribution"": 0.1143}, {""key"": ""htf_bias"", ""weight"": 1.0, ""strength"": 0.3, ""contribution"": 0.0429}, {""key"": ""fuel"", ""note"": ""excluded: oi unavailable"", ""weight"": 0.0, ""excluded_weight"": 1.5}, {""key"": ""cleared"", ""note"": ""excluded: oi unavailable"", ""weight"": 0.0, ""excluded_weight"": 1.2}, {""key"": ""delta_flip"", ""note"": ""excluded: taker unavailable"", ""weight"": 0.0, ""excluded_weight"": 1.5}, {""key"": ""absorption"", ""note"": ""excluded: taker unavailable"", ""weight"": 0.0, ""excluded_weight"": 1.0}, {""key"": ""cohort"", ""note"": ""excluded: cohort unavailable"", ""weight"": 0.0, ""excluded_weight"": 1.0}]"
M1,BTC,neutral,2026-07-24 13:00:05,equal_lows_1h,64742.6,long,64817.4,2026-07-24 13:00:00,64686.74300554292,65013.38549168562,2026-07-24 13:05:00,64686.7,stop,-1.2975319515381494,0.8956,full,"[{""key"": ""location"", ""weight"": 2.0, ""strength"": 1.0, ""contribution"": 0.2857}, {""key"": ""reclaim"", ""weight"": 2.0, ""strength"": 0.6674, ""contribution"": 0.1907}, {""key"": ""discount"", ""weight"": 1.2, ""strength"": 0.872, ""contribution"": 0.1495}, {""key"": ""session"", ""weight"": 0.8, ""strength"": 1.0, ""contribution"": 0.1143}, {""key"": ""htf_bias"", ""weight"": 1.0, ""strength"": 0.0, ""contribution"": 0.0}, {""key"": ""fuel"", ""note"": ""excluded: oi unavailable"", ""weight"": 0.0, ""excluded_weight"": 1.5}, {""key"": ""cleared"", ""note"": ""excluded: oi unavailable"", ""weight"": 0.0, ""excluded_weight"": 1.2}, {""key"": ""delta_flip"", ""note"": ""excluded: taker unavailable"", ""weight"": 0.0, ""excluded_weight"": 1.5}, {""key"": ""absorption"", ""note"": ""excluded: taker unavailable"", ""weight"": 0.0, ""excluded_weight"": 1.0}, {""key"": ""cohort"", ""note"": ""excluded: cohort unavailable"", ""weight"": 0.0, ""excluded_weight"": 1.0}]"
M1,BTC,neutral,2026-07-28 00:00:05,pwl,63666.0,long,63691.3,2026-07-28 00:05:00,63563.43033881854,63883.10449177219,2026-07-28 00:05:00,63563.4,stop,-1.2986444436131745,0.6139,half,"[{""key"": ""location"", ""weight"": 2.0, ""strength"": 1.0, ""contribution"": 0.2857}, {""key"": ""reclaim"", ""weight"": 2.0, ""strength"": 0.2538, ""contribution"": 0.0725}, {""key"": ""discount"", ""weight"": 1.2, ""strength"": 0.9467, ""contribution"": 0.1623}, {""key"": ""session"", ""weight"": 0.8, ""strength"": 0.3, ""contribution"": 0.0343}, {""key"": ""htf_bias"", ""weight"": 1.0, ""strength"": 1.0, ""contribution"": 0.1429}, {""key"": ""fuel"", ""note"": ""excluded: oi unavailable"", ""weight"": 0.0, ""excluded_weight"": 1.5}, {""key"": ""cleared"", ""note"": ""excluded: oi unavailable"", ""weight"": 0.0, ""excluded_weight"": 1.2}, {""key"": ""delta_flip"", ""note"": ""excluded: taker unavailable"", ""weight"": 0.0, ""excluded_weight"": 1.5}, {""key"": ""absorption"", ""note"": ""excluded: taker unavailable"", ""weight"": 0.0, ""excluded_weight"": 1.0}, {""key"": ""cohort"", ""note"": ""excluded: cohort unavailable"", ""weight"": 0.0, ""excluded_weight"": 1.0}]"
M1,BTC,neutral,2026-07-29 20:00:05,equal_lows_1h,63547.75,long,63683.0,2026-07-29 20:00:00,63437.63396305299,63903.6,2026-07-29 20:05:00,63437.6,stop,-1.1554140643402413,0.6692,half,"[{""key"": ""location"", ""weight"": 2.0, ""strength"": 1.0, ""contribution"": 0.2857}, {""key"": ""reclaim"", ""weight"": 2.0, ""strength"": 0.8169, ""contribution"": 0.2334}, {""key"": ""discount"", ""weight"": 1.2, ""strength"": 0.1205, ""contribution"": 0.0207}, {""key"": ""session"", ""weight"": 0.8, ""strength"": 0.6, ""contribution"": 0.0686}, {""key"": ""htf_bias"", ""weight"": 1.0, ""strength"": 0.0, ""contribution"": 0.0}, {""key"": ""fuel"", ""note"": ""excluded: oi unavailable"", ""weight"": 0.0, ""excluded_weight"": 1.5}, {""key"": ""cleared"", ""note"": ""excluded: oi unavailable"", ""weight"": 0.0, ""excluded_weight"": 1.2}, {""key"": ""delta_flip"", ""note"": ""excluded: taker unavailable"", ""weight"": 0.0, ""excluded_weight"": 1.5}, {""key"": ""absorption"", ""note"": ""excluded: taker unavailable"", ""weight"": 0.0, ""excluded_weight"": 1.0}, {""key"": ""cohort"", ""note"": ""excluded: cohort unavailable"", ""weight"": 0.0, ""excluded_weight"": 1.0}]"
M1,BTC,neutral,2026-08-01 18:00:05,equal_lows_4h,62649.05,long,62711.9,2026-08-01 18:00:00,62623.15234852336,62845.14647721496,2026-08-01 18:05:00,62623.2,stop,-1.422191047847979,0.7328,full,"[{""key"": ""location"", ""weight"": 2.0, ""strength"": 1.0, ""contribution"": 0.2857}, {""key"": ""reclaim"", ""weight"": 2.0, ""strength"": 0.6847, ""contribution"": 0.1956}, {""key"": ""discount"", ""weight"": 1.2, ""strength"": 0.8165, ""contribution"": 0.14}, {""key"": ""session"", ""weight"": 0.8, ""strength"": 0.6, ""contribution"": 0.0686}, {""key"": ""htf_bias"", ""weight"": 1.0, ""strength"": 1.0, ""contribution"": 0.1429}, {""key"": ""fuel"", ""note"": ""excluded: oi unavailable"", ""weight"": 0.0, ""excluded_weight"": 1.5}, {""key"": ""cleared"", ""note"": ""excluded: oi unavailable"", ""weight"": 0.0, ""excluded_weight"": 1.2}, {""key"": ""delta_flip"", ""note"": ""excluded: taker unavailable"", ""weight"": 0.0, ""excluded_weight"": 1.5}, {""key"": ""absorption"", ""note"": ""excluded: taker unavailable"", ""weight"": 0.0, ""excluded_weight"": 1.0}, {""key"": ""cohort"", ""note"": ""excluded: cohort unavailable"", ""weight"": 0.0, ""excluded_weight"": 1.0}]"
M1,BTC,neutral,2026-08-03 04:00:05,pdl,62782.3,long,62893.7,2026-08-03 04:00:00,62724.88922630415,63146.91616054377,2026-08-03 05:05:00,62724.9,stop,-1.2230277456815746,0.5524,half,"[{""key"": ""location"", ""weight"": 2.0, ""strength"": 0.8, ""contribution"": 0.2286}, {""key"": ""reclaim"", ""weight"": 2.0, ""strength"": 0.7039, ""contribution"": 0.2011}, {""key"": ""discount"", ""weight"": 1.2, ""strength"": 0.1218, ""contribution"": 0.0209}, {""key"": ""session"", ""weight"": 0.8, ""strength"": 0.3, ""contribution"": 0.0343}, {""key"": ""htf_bias"", ""weight"": 1.0, ""strength"": 1.0, ""contribution"": 0.1429}, {""key"": ""fuel"", ""note"": ""excluded: oi unavailable"", ""weight"": 0.0, ""excluded_weight"": 1.5}, {""key"": ""cleared"", ""note"": ""excluded: oi unavailable"", ""weight"": 0.0, ""excluded_weight"": 1.2}, {""key"": ""delta_flip"", ""note"": ""excluded: taker unavailable"", ""weight"": 0.0, ""excluded_weight"": 1.5}, {""key"": ""absorption"", ""note"": ""excluded: taker unavailable"", ""weight"": 0.0, ""excluded_weight"": 1.0}, {""key"": ""cohort"", ""note"": ""excluded: cohort unavailable"", ""weight"": 0.0, ""excluded_weight"": 1.0}]"
M1,BTC,neutral,2026-08-06 05:15:05,4h_ob_top,64959.2,short,64833.6,2026-08-06 05:15:00,64988.22247530435,64634.0,2026-08-06 07:30:05,64867.6,dead_trade,-0.4717234414240246,0.5885,half,"[{""key"": ""location"", ""weight"": 2.0, ""strength"": 1.0, ""contribution"": 0.2857}, {""key"": ""reclaim"", ""weight"": 2.0, ""strength"": 0.7141, ""contribution"": 0.204}, {""key"": ""discount"", ""weight"": 1.2, ""strength"": 0.3446, ""contribution"": 0.0591}, {""key"": ""session"", ""weight"": 0.8, ""strength"": 0.3, ""contribution"": 0.0343}, {""key"": ""htf_bias"", ""weight"": 1.0, ""strength"": 0.6, ""contribution"": 0.0857}, {""key"": ""fuel"", ""note"": ""excluded: oi unavailable"", ""weight"": 0.0, ""excluded_weight"": 1.5}, {""key"": ""cleared"", ""note"": ""excluded: oi unavailable"", ""weight"": 0.0, ""excluded_weight"": 1.2}, {""key"": ""delta_flip"", ""note"": ""excluded: taker unavailable"", ""weight"": 0.0, ""excluded_weight"": 1.5}, {""key"": ""absorption"", ""note"": ""excluded: taker unavailable"", ""weight"": 0.0, ""excluded_weight"": 1.0}, {""key"": ""cohort"", ""note"": ""excluded: cohort unavailable"", ""weight"": 0.0, ""excluded_weight"": 1.0}]"
M1,BTC,neutral,2026-08-06 09:00:05,4h_ob_top,64959.2,short,64912.3,2026-08-06 09:00:00,64985.759753824736,64802.110369262904,2026-08-06 13:00:00,64392.4,time_stop,4.424258396619636,0.6836,half,"[{""key"": ""location"", ""weight"": 2.0, ""strength"": 1.0, ""contribution"": 0.2857}, {""key"": ""reclaim"", ""weight"": 2.0, ""strength"": 0.2819, ""contribution"": 0.0806}, {""key"": ""discount"", ""weight"": 1.2, ""strength"": 0.816, ""contribution"": 0.1399}, {""key"": ""session"", ""weight"": 0.8, ""strength"": 1.0, ""contribution"": 0.1143}, {""key"": ""htf_bias"", ""weight"": 1.0, ""strength"": 0.6, ""contribution"": 0.0857}, {""key"": ""fuel"", ""note"": ""excluded: oi unavailable"", ""weight"": 0.0, ""excluded_weight"": 1.5}, {""key"": ""cleared"", ""note"": ""excluded: oi unavailable"", ""weight"": 0.0, ""excluded_weight"": 1.2}, {""key"": ""delta_flip"", ""note"": ""excluded: taker unavailable"", ""weight"": 0.0, ""excluded_weight"": 1.5}, {""key"": ""absorption"", ""note"": ""excluded: taker unavailable"", ""weight"": 0.0, ""excluded_weight"": 1.0}, {""key"": ""cohort"", ""note"": ""excluded: cohort unavailable"", ""weight"": 0.0, ""excluded_weight"": 1.0}]"
M1,BTC,neutral,2026-08-06 13:00:05,equal_lows_1h,64380.13333333333,long,,,,,,,"no_trade (trade #561 open at evaluation, its exit_ts 2026-08-06 13:00:00)",,0.8824,full,"[{""key"": ""location"", ""weight"": 2.0, ""strength"": 1.0, ""contribution"": 0.2857}, {""key"": ""reclaim"", ""weight"": 2.0, ""strength"": 0.8095, ""contribution"": 0.2313}, {""key"": ""discount"", ""weight"": 1.2, ""strength"": 0.0717, ""contribution"": 0.0123}, {""key"": ""session"", ""weight"": 0.8, ""strength"": 1.0, ""contribution"": 0.1143}, {""key"": ""htf_bias"", ""weight"": 1.0, ""strength"": 0.6, ""contribution"": 0.0857}, {""key"": ""fuel"", ""note"": ""excluded: oi unavailable"", ""weight"": 0.0, ""excluded_weight"": 1.5}, {""key"": ""cleared"", ""note"": ""excluded: oi unavailable"", ""weight"": 0.0, ""excluded_weight"": 1.2}, {""key"": ""delta_flip"", ""note"": ""excluded: taker unavailable"", ""weight"": 0.0, ""excluded_weight"": 1.5}, {""key"": ""absorption"", ""note"": ""excluded: taker unavailable"", ""weight"": 0.0, ""excluded_weight"": 1.0}, {""key"": ""cohort"", ""note"": ""excluded: cohort unavailable"", ""weight"": 0.0, ""excluded_weight"": 1.0}]"
M1,BTC,neutral,2026-08-14 15:00:05,4h_ob_bottom,62502.1,long,62617.6,2026-08-14 15:00:00,62463.254523620875,62658.8,2026-08-14 15:40:00,62974.4,target,1.3718583852752513,0.5532,half,"[{""key"": ""location"", ""weight"": 2.0, ""strength"": 1.0, ""contribution"": 0.2062}, {""key"": ""reclaim"", ""weight"": 2.0, ""strength"": 0.2753, ""contribution"": 0.0568}, {""key"": ""fuel"", ""weight"": 1.5, ""strength"": 0.0534, ""contribution"": 0.0083}, {""key"": ""cleared"", ""weight"": 1.2, ""strength"": 0.1995, ""contribution"": 0.0247}, {""key"": ""discount"", ""weight"": 1.2, ""strength"": 0.6368, ""contribution"": 0.0788}, {""key"": ""session"", ""weight"": 0.8, ""strength"": 1.0, ""contribution"": 0.0825}, {""key"": ""htf_bias"", ""weight"": 1.0, ""strength"": 0.0, ""contribution"": 0.0}, {""key"": ""delta_flip"", ""note"": ""excluded: taker unavailable"", ""weight"": 0.0, ""excluded_weight"": 1.5}, {""key"": ""absorption"", ""note"": ""excluded: taker unavailable"", ""weight"": 0.0, ""excluded_weight"": 1.0}, {""key"": ""cohort"", ""note"": ""excluded: cohort unavailable"", ""weight"": 0.0, ""excluded_weight"": 1.0}]"
M1,BTC,neutral,2026-08-24 07:30:05,asia_high,77728.4,short,77475.6,2026-08-24 09:35:00,77829.7064657867,77442.3,2026-08-24 09:35:00,77475.6,stop_be,-0.12263873095644331,0.6531,half,"[{""key"": ""location"", ""weight"": 2.0, ""strength"": 0.6, ""contribution"": 0.1237}, {""key"": ""reclaim"", ""weight"": 2.0, ""strength"": 0.8702, ""contribution"": 0.1794}, {""key"": ""fuel"", ""weight"": 1.5, ""strength"": 0.0026, ""contribution"": 0.0004}, {""key"": ""cleared"", ""weight"": 1.2, ""strength"": 0.0, ""contribution"": 0.0}, {""key"": ""discount"", ""weight"": 1.2, ""strength"": 0.9929, ""contribution"": 0.1228}, {""key"": ""session"", ""weight"": 0.8, ""strength"": 1.0, ""contribution"": 0.0825}, {""key"": ""htf_bias"", ""weight"": 1.0, ""strength"": 0.3, ""contribution"": 0.0309}, {""key"": ""delta_flip"", ""note"": ""excluded: taker unavailable"", ""weight"": 0.0, ""excluded_weight"": 1.5}, {""key"": ""absorption"", ""note"": ""excluded: taker unavailable"", ""weight"": 0.0, ""excluded_weight"": 1.0}, {""key"": ""cohort"", ""note"": ""excluded: cohort unavailable"", ""weight"": 0.0, ""excluded_weight"": 1.0}]"
M1,ETH,neutral,2026-03-11 07:45:05,equal_lows_4h,2007.885,long,2012.59,2026-03-11 07:45:00,2004.723825364845,2024.4017619527328,2026-03-11 11:45:00,2020.32,time_stop,1.066405735414186,1.0436,full,"[{""key"": ""location"", ""weight"": 2.0, ""strength"": 1.0, ""contribution"": 0.2857}, {""key"": ""reclaim"", ""weight"": 2.0, ""strength"": 0.5553, ""contribution"": 0.1586}, {""key"": ""discount"", ""weight"": 1.2, ""strength"": 0.9392, ""contribution"": 0.161}, {""key"": ""session"", ""weight"": 0.8, ""strength"": 1.0, ""contribution"": 0.1143}, {""key"": ""htf_bias"", ""weight"": 1.0, ""strength"": 1.0, ""contribution"": 0.1429}, {""key"": ""fuel"", ""note"": ""excluded: oi unavailable"", ""weight"": 0.0, ""excluded_weight"": 1.5}, {""key"": ""cleared"", ""note"": ""excluded: oi unavailable"", ""weight"": 0.0, ""excluded_weight"": 1.2}, {""key"": ""delta_flip"", ""note"": ""excluded: taker unavailable"", ""weight"": 0.0, ""excluded_weight"": 1.5}, {""key"": ""absorption"", ""note"": ""excluded: taker unavailable"", ""weight"": 0.0, ""excluded_weight"": 1.0}, {""key"": ""cohort"", ""note"": ""excluded: cohort unavailable"", ""weight"": 0.0, ""excluded_weight"": 1.0}]"
M1,ETH,neutral,2026-03-11 17:30:05,4h_ob_top,2082.88,short,2077.51,2026-03-11 17:30:00,2087.12822427737,2063.0826635839458,2026-03-11 18:50:00,2077.51,stop_be,0.4964113196903339,0.8443,full,"[{""key"": ""location"", ""weight"": 2.0, ""strength"": 1.0, ""contribution"": 0.2857}, {""key"": ""reclaim"", ""weight"": 2.0, ""strength"": 0.7955, ""contribution"": 0.2273}, {""key"": ""discount"", ""weight"": 1.2, ""strength"": 0.8351, ""contribution"": 0.1432}, {""key"": ""session"", ""weight"": 0.8, ""strength"": 0.6, ""contribution"": 0.0686}, {""key"": ""htf_bias"", ""weight"": 1.0, ""strength"": 0.3, ""contribution"": 0.0429}, {""key"": ""fuel"", ""note"": ""excluded: oi unavailable"", ""weight"": 0.0, ""excluded_weight"": 1.5}, {""key"": ""cleared"", ""note"": ""excluded: oi unavailable"", ""weight"": 0.0, ""excluded_weight"": 1.2}, {""key"": ""delta_flip"", ""note"": ""excluded: taker unavailable"", ""weight"": 0.0, ""excluded_weight"": 1.5}, {""key"": ""absorption"", ""note"": ""excluded: taker unavailable"", ""weight"": 0.0, ""excluded_weight"": 1.0}, {""key"": ""cohort"", ""note"": ""excluded: cohort unavailable"", ""weight"": 0.0, ""excluded_weight"": 1.0}]"
M1,ETH,neutral,2026-03-13 13:00:05,equal_highs_4h,2149.4875,short,2141.6,2026-03-13 13:00:00,2156.3412734652825,2119.5005898020754,2026-03-13 13:05:00,2156.34,stop,-1.0879000744502298,0.8884,full,"[{""key"": ""location"", ""weight"": 2.0, ""strength"": 1.0, ""contribution"": 0.2857}, {""key"": ""reclaim"", ""weight"": 2.0, ""strength"": 0.595, ""contribution"": 0.17}, {""key"": ""discount"", ""weight"": 1.2, ""strength"": 0.958, ""contribution"": 0.1642}, {""key"": ""session"", ""weight"": 0.8, ""strength"": 1.0, ""contribution"": 0.1143}, {""key"": ""htf_bias"", ""weight"": 1.0, ""strength"": 0.0, ""contribution"": 0.0}, {""key"": ""fuel"", ""note"": ""excluded: oi unavailable"", ""weight"": 0.0, ""excluded_weight"": 1.5}, {""key"": ""cleared"", ""note"": ""excluded: oi unavailable"", ""weight"": 0.0, ""excluded_weight"": 1.2}, {""key"": ""delta_flip"", ""note"": ""excluded: taker unavailable"", ""weight"": 0.0, ""excluded_weight"": 1.5}, {""key"": ""absorption"", ""note"": ""excluded: taker unavailable"", ""weight"": 0.0, ""excluded_weight"": 1.0}, {""key"": ""cohort"", ""note"": ""excluded: cohort unavailable"", ""weight"": 0.0, ""excluded_weight"": 1.0}]"
M1,ETH,neutral,2026-03-13 13:30:05,pwh,2199.47,short,2177.1,2026-03-13 13:30:00,2207.733335283841,2154.74,2026-03-13 14:20:00,2207.73,stop,-1.0431531196165444,0.766,full,"[{""key"": ""location"", ""weight"": 2.0, ""strength"": 1.0, ""contribution"": 0.2857}, {""key"": ""reclaim"", ""weight"": 2.0, ""strength"": 0.3288, ""contribution"": 0.0939}, {""key"": ""discount"", ""weight"": 1.2, ""strength"": 0.8113, ""contribution"": 0.1391}, {""key"": ""session"", ""weight"": 0.8, ""strength"": 1.0, ""contribution"": 0.1143}, {""key"": ""htf_bias"", ""weight"": 1.0, ""strength"": 0.0, ""contribution"": 0.0}, {""key"": ""fuel"", ""note"": ""excluded: oi unavailable"", ""weight"": 0.0, ""excluded_weight"": 1.5}, {""key"": ""cleared"", ""note"": ""excluded: oi unavailable"", ""weight"": 0.0, ""excluded_weight"": 1.2}, {""key"": ""delta_flip"", ""note"": ""excluded: taker unavailable"", ""weight"": 0.0, ""excluded_weight"": 1.5}, {""key"": ""absorption"", ""note"": ""excluded: taker unavailable"", ""weight"": 0.0, ""excluded_weight"": 1.0}, {""key"": ""cohort"", ""note"": ""excluded: cohort unavailable"", ""weight"": 0.0, ""excluded_weight"": 1.0}]"
M1,ETH,neutral,2026-03-18 11:30:05,pdl,2292.57,long,2303.72,2026-03-18 11:30:00,2290.0781739828026,2305.6,2026-03-18 11:35:00,2290.08,stop,-1.1007392984685642,0.9718,full,"[{""key"": ""location"", ""weight"": 2.0, ""strength"": 0.8, ""contribution"": 0.2286}, {""key"": ""reclaim"", ""weight"": 2.0, ""strength"": 0.9816, ""contribution"": 0.2805}, {""key"": ""discount"", ""weight"": 1.2, ""strength"": 0.9507, ""contribution"": 0.163}, {""key"": ""session"", ""weight"": 0.8, ""strength"": 0.6, ""contribution"": 0.0686}, {""key"": ""htf_bias"", ""weight"": 1.0, ""strength"": 1.0, ""contribution"": 0.1429}, {""key"": ""fuel"", ""note"": ""excluded: oi unavailable"", ""weight"": 0.0, ""excluded_weight"": 1.5}, {""key"": ""cleared"", ""note"": ""excluded: oi unavailable"", ""weight"": 0.0, ""excluded_weight"": 1.2}, {""key"": ""delta_flip"", ""note"": ""excluded: taker unavailable"", ""weight"": 0.0, ""excluded_weight"": 1.5}, {""key"": ""absorption"", ""note"": ""excluded: taker unavailable"", ""weight"": 0.0, ""excluded_weight"": 1.0}, {""key"": ""cohort"", ""note"": ""excluded: cohort unavailable"", ""weight"": 0.0, ""excluded_weight"": 1.0}]"
M1,ETH,neutral,2026-03-19 13:15:05,4h_fvg_bottom,2117.62,long,2125.7,2026-03-19 13:15:00,2114.300938873422,2128.45,2026-03-19 13:20:00,2114.3,stop,-1.1115204892145507,0.8044,full,"[{""key"": ""location"", ""weight"": 2.0, ""strength"": 1.0, ""contribution"": 0.2857}, {""key"": ""reclaim"", ""weight"": 2.0, ""strength"": 0.6792, ""contribution"": 0.194}, {""key"": ""discount"", ""weight"": 1.2, ""strength"": 0.5491, ""contribution"": 0.0941}, {""key"": ""session"", ""weight"": 0.8, ""strength"": 1.0, ""contribution"": 0.1143}, {""key"": ""htf_bias"", ""weight"": 1.0, ""strength"": 1.0, ""contribution"": 0.1429}, {""key"": ""fuel"", ""note"": ""excluded: oi unavailable"", ""weight"": 0.0, ""excluded_weight"": 1.5}, {""key"": ""cleared"", ""note"": ""excluded: oi unavailable"", ""weight"": 0.0, ""excluded_weight"": 1.2}, {""key"": ""delta_flip"", ""note"": ""excluded: taker unavailable"", ""weight"": 0.0, ""excluded_weight"": 1.5}, {""key"": ""absorption"", ""note"": ""excluded: taker unavailable"", ""weight"": 0.0, ""excluded_weight"": 1.0}, {""key"": ""cohort"", ""note"": ""excluded: cohort unavailable"", ""weight"": 0.0, ""excluded_weight"": 1.0}]"
M1,ETH,neutral,2026-03-24 08:00:05,equal_highs_4h,2165.2650000000003,short,2160.8,2026-03-24 08:00:00,2171.374749743082,2155.36,2026-03-24 08:35:00,2160.8,stop_be,0.10772287077008992,0.6164,half,"[{""key"": ""location"", ""weight"": 2.0, ""strength"": 1.0, ""contribution"": 0.2857}, {""key"": ""reclaim"", ""weight"": 2.0, ""strength"": 0.3132, ""contribution"": 0.0895}, {""key"": ""discount"", ""weight"": 1.2, ""strength"": 0.6092, ""contribution"": 0.1044}, {""key"": ""session"", ""weight"": 0.8, ""strength"": 1.0, ""contribution"": 0.1143}, {""key"": ""htf_bias"", ""weight"": 1.0, ""strength"": 0.3, ""contribution"": 0.0429}, {""key"": ""fuel"", ""note"": ""excluded: oi unavailable"", ""weight"": 0.0, ""excluded_weight"": 1.5}, {""key"": ""cleared"", ""note"": ""excluded: oi unavailable"", ""weight"": 0.0, ""excluded_weight"": 1.2}, {""key"": ""delta_flip"", ""note"": ""excluded: taker unavailable"", ""weight"": 0.0, ""excluded_weight"": 1.5}, {""key"": ""absorption"", ""note"": ""excluded: taker unavailable"", ""weight"": 0.0, ""excluded_weight"": 1.0}, {""key"": ""cohort"", ""note"": ""excluded: cohort unavailable"", ""weight"": 0.0, ""excluded_weight"": 1.0}]"
M1,ETH,neutral,2026-03-25 11:30:05,equal_highs_1h,2192.265,short,2190.25,2026-03-25 11:30:00,2195.8562206694046,2181.828168995893,2026-03-25 11:35:00,2195.86,stop,-1.234432738988143,0.743,full,"[{""key"": ""location"", ""weight"": 2.0, ""strength"": 0.8, ""contribution"": 0.2286}, {""key"": ""reclaim"", ""weight"": 2.0, ""strength"": 0.6639, ""contribution"": 0.1897}, {""key"": ""discount"", ""weight"": 1.2, ""strength"": 0.8503, ""contribution"": 0.1458}, {""key"": ""session"", ""weight"": 0.8, ""strength"": 0.6, ""contribution"": 0.0686}, {""key"": ""htf_bias"", ""weight"": 1.0, ""strength"": 0.3, ""contribution"": 0.0429}, {""key"": ""fuel"", ""note"": ""excluded: oi unavailable"", ""weight"": 0.0, ""excluded_weight"": 1.5}, {""key"": ""cleared"", ""note"": ""excluded: oi unavailable"", ""weight"": 0.0, ""excluded_weight"": 1.2}, {""key"": ""delta_flip"", ""note"": ""excluded: taker unavailable"", ""weight"": 0.0, ""excluded_weight"": 1.5}, {""key"": ""absorption"", ""note"": ""excluded: taker unavailable"", ""weight"": 0.0, ""excluded_weight"": 1.0}, {""key"": ""cohort"", ""note"": ""excluded: cohort unavailable"", ""weight"": 0.0, ""excluded_weight"": 1.0}]"
M1,ETH,neutral,2026-03-27 10:45:05,equal_lows_4h,2007.2233333333334,long,2022.69,2026-03-27 10:45:00,2000.5532535214172,2033.22,2026-03-27 10:50:00,2000.55,stop,-1.054282281778437,1.0275,full,"[{""key"": ""location"", ""weight"": 2.0, ""strength"": 1.0, ""contribution"": 0.2857}, {""key"": ""reclaim"", ""weight"": 2.0, ""strength"": 0.9535, ""contribution"": 0.2724}, {""key"": ""discount"", ""weight"": 1.2, ""strength"": 0.9596, ""contribution"": 0.1645}, {""key"": ""session"", ""weight"": 0.8, ""strength"": 0.6, ""contribution"": 0.0686}, {""key"": ""htf_bias"", ""weight"": 1.0, ""strength"": 1.0, ""contribution"": 0.1429}, {""key"": ""fuel"", ""note"": ""excluded: oi unavailable"", ""weight"": 0.0, ""excluded_weight"": 1.5}, {""key"": ""cleared"", ""note"": ""excluded: oi unavailable"", ""weight"": 0.0, ""excluded_weight"": 1.2}, {""key"": ""delta_flip"", ""note"": ""excluded: taker unavailable"", ""weight"": 0.0, ""excluded_weight"": 1.5}, {""key"": ""absorption"", ""note"": ""excluded: taker unavailable"", ""weight"": 0.0, ""excluded_weight"": 1.0}, {""key"": ""cohort"", ""note"": ""excluded: cohort unavailable"", ""weight"": 0.0, ""excluded_weight"": 1.0}]"
M1,ETH,neutral,2026-03-28 08:00:05,asia_high,2006.09,short,2005.23,2026-03-28 08:00:00,2008.244123934223,2000.7088140986657,2026-03-28 12:00:00,1996.41,time_stop,2.0372807375191697,0.718,full,"[{""key"": ""location"", ""weight"": 2.0, ""strength"": 0.6, ""contribution"": 0.1714}, {""key"": ""reclaim"", ""weight"": 2.0, ""strength"": 0.3281, ""contribution"": 0.0937}, {""key"": ""discount"", ""weight"": 1.2, ""strength"": 0.748, ""contribution"": 0.1282}, {""key"": ""session"", ""weight"": 0.8, ""strength"": 1.0, ""contribution"": 0.1143}, {""key"": ""htf_bias"", ""weight"": 1.0, ""strength"": 0.6, ""contribution"": 0.0857}, {""key"": ""fuel"", ""note"": ""excluded: oi unavailable"", ""weight"": 0.0, ""excluded_weight"": 1.5}, {""key"": ""cleared"", ""note"": ""excluded: oi unavailable"", ""weight"": 0.0, ""excluded_weight"": 1.2}, {""key"": ""delta_flip"", ""note"": ""excluded: taker unavailable"", ""weight"": 0.0, ""excluded_weight"": 1.5}, {""key"": ""absorption"", ""note"": ""excluded: taker unavailable"", ""weight"": 0.0, ""excluded_weight"": 1.0}, {""key"": ""cohort"", ""note"": ""excluded: cohort unavailable"", ""weight"": 0.0, ""excluded_weight"": 1.0}]"
M1,ETH,neutral,2026-03-30 08:00:05,4h_ob_top,2064.95,short,2055.18,2026-03-30 08:00:00,2069.2408025775276,2040.5,2026-03-30 08:35:00,2069.24,stop,-1.0877043748959976,0.9532,full,"[{""key"": ""location"", ""weight"": 2.0, ""strength"": 1.0, ""contribution"": 0.2857}, {""key"": ""reclaim"", ""weight"": 2.0, ""strength"": 0.5718, ""contribution"": 0.1634}, {""key"": ""discount"", ""weight"": 1.2, ""strength"": 0.8091, ""contribution"": 0.1387}, {""key"": ""session"", ""weight"": 0.8, ""strength"": 1.0, ""contribution"": 0.1143}, {""key"": ""htf_bias"", ""weight"": 1.0, ""strength"": 0.6, ""contribution"": 0.0857}, {""key"": ""fuel"", ""note"": ""excluded: oi unavailable"", ""weight"": 0.0, ""excluded_weight"": 1.5}, {""key"": ""cleared"", ""note"": ""excluded: oi unavailable"", ""weight"": 0.0, ""excluded_weight"": 1.2}, {""key"": ""delta_flip"", ""note"": ""excluded: taker unavailable"", ""weight"": 0.0, ""excluded_weight"": 1.5}, {""key"": ""absorption"", ""note"": ""excluded: taker unavailable"", ""weight"": 0.0, ""excluded_weight"": 1.0}, {""key"": ""cohort"", ""note"": ""excluded: cohort unavailable"", ""weight"": 0.0, ""excluded_weight"": 1.0}]"
M1,ETH,neutral,2026-03-31 10:00:05,equal_lows_1h,2013.58,long,2020.48,2026-03-31 10:00:00,2009.731830957185,2025.69,2026-03-31 10:35:00,2020.48,stop_be,0.10358406861875012,0.8582,full,"[{""key"": ""location"", ""weight"": 2.0, ""strength"": 1.0, ""contribution"": 0.2857}, {""key"": ""reclaim"", ""weight"": 2.0, ""strength"": 0.673, ""contribution"": 0.1923}, {""key"": ""discount"", ""weight"": 1.2, ""strength"": 0.8627, ""contribution"": 0.1479}, {""key"": ""session"", ""weight"": 0.8, ""strength"": 0.6, ""contribution"": 0.0686}, {""key"": ""htf_bias"", ""weight"": 1.0, ""strength"": 0.6, ""contribution"": 0.0857}, {""key"": ""fuel"", ""note"": ""excluded: oi unavailable"", ""weight"": 0.0, ""excluded_weight"": 1.5}, {""key"": ""cleared"", ""note"": ""excluded: oi unavailable"", ""weight"": 0.0, ""excluded_weight"": 1.2}, {""key"": ""delta_flip"", ""note"": ""excluded: taker unavailable"", ""weight"": 0.0, ""excluded_weight"": 1.5}, {""key"": ""absorption"", ""note"": ""excluded: taker unavailable"", ""weight"": 0.0, ""excluded_weight"": 1.0}, {""key"": ""cohort"", ""note"": ""excluded: cohort unavailable"", ""weight"": 0.0, ""excluded_weight"": 1.0}]"
M1,ETH,neutral,2026-03-31 14:30:05,equal_highs_4h,2088.394,short,2084.74,2026-03-31 14:30:00,2093.245579876435,2075.3799999999997,2026-03-31 16:35:00,2084.74,stop_be,0.32259839303867266,0.698,half,"[{""key"": ""location"", ""weight"": 2.0, ""strength"": 1.0, ""contribution"": 0.2857}, {""key"": ""reclaim"", ""weight"": 2.0, ""strength"": 0.3333, ""contribution"": 0.0952}, {""key"": ""discount"", ""weight"": 1.2, ""strength"": 0.8172, ""contribution"": 0.1401}, {""key"": ""session"", ""weight"": 0.8, ""strength"": 1.0, ""contribution"": 0.1143}, {""key"": ""htf_bias"", ""weight"": 1.0, ""strength"": 0.6, ""contribution"": 0.0857}, {""key"": ""fuel"", ""note"": ""excluded: oi unavailable"", ""weight"": 0.0, ""excluded_weight"": 1.5}, {""key"": ""cleared"", ""note"": ""excluded: oi unavailable"", ""weight"": 0.0, ""excluded_weight"": 1.2}, {""key"": ""delta_flip"", ""note"": ""excluded: taker unavailable"", ""weight"": 0.0, ""excluded_weight"": 1.5}, {""key"": ""absorption"", ""note"": ""excluded: taker unavailable"", ""weight"": 0.0, ""excluded_weight"": 1.0}, {""key"": ""cohort"", ""note"": ""excluded: cohort unavailable"", ""weight"": 0.0, ""excluded_weight"": 1.0}]"
M1,ETH,neutral,2026-04-05 07:15:05,equal_lows_4h,2039.3049999999998,long,2039.41,2026-04-05 07:20:00,2036.5457860165775,2041.58,2026-04-05 07:35:00,2036.55,stop,-1.4252981877849242,0.8568,full,"[{""key"": ""location"", ""weight"": 2.0, ""strength"": 1.0, ""contribution"": 0.2857}, {""key"": ""reclaim"", ""weight"": 2.0, ""strength"": 0.9585, ""contribution"": 0.2739}, {""key"": ""discount"", ""weight"": 1.2, ""strength"": 0.9824, ""contribution"": 0.1684}, {""key"": ""session"", ""weight"": 0.8, ""strength"": 1.0, ""contribution"": 0.1143}, {""key"": ""htf_bias"", ""weight"": 1.0, ""strength"": 0.3, ""contribution"": 0.0429}, {""key"": ""fuel"", ""note"": ""excluded: oi unavailable"", ""weight"": 0.0, ""excluded_weight"": 1.5}, {""key"": ""cleared"", ""note"": ""excluded: oi unavailable"", ""weight"": 0.0, ""excluded_weight"": 1.2}, {""key"": ""delta_flip"", ""note"": ""excluded: taker unavailable"", ""weight"": 0.0, ""excluded_weight"": 1.5}, {""key"": ""absorption"", ""note"": ""excluded: taker unavailable"", ""weight"": 0.0, ""excluded_weight"": 1.0}, {""key"": ""cohort"", ""note"": ""excluded: cohort unavailable"", ""weight"": 0.0, ""excluded_weight"": 1.0}]"
M1,ETH,neutral,2026-04-07 11:00:05,pdl,2086.29,long,2092.0,2026-04-07 11:00:00,2083.7331168176775,2104.4128247734843,2026-04-07 11:05:00,2083.73,stop,-1.151065397096971,0.6463,half,"[{""key"": ""location"", ""weight"": 2.0, ""strength"": 1.0, ""contribution"": 0.2857}, {""key"": ""reclaim"", ""weight"": 2.0, ""strength"": 0.7578, ""contribution"": 0.2165}, {""key"": ""discount"", ""weight"": 1.2, ""strength"": 0.9546, ""contribution"": 0.1636}, {""key"": ""session"", ""weight"": 0.8, ""strength"": 0.6, ""contribution"": 0.0686}, {""key"": ""htf_bias"", ""weight"": 1.0, ""strength"": 0.0, ""contribution"": 0.0}, {""key"": ""fuel"", ""note"": ""excluded: oi unavailable"", ""weight"": 0.0, ""excluded_weight"": 1.5}, {""key"": ""cleared"", ""note"": ""excluded: oi unavailable"", ""weight"": 0.0, ""excluded_weight"": 1.2}, {""key"": ""delta_flip"", ""note"": ""excluded: taker unavailable"", ""weight"": 0.0, ""excluded_weight"": 1.5}, {""key"": ""absorption"", ""note"": ""excluded: taker unavailable"", ""weight"": 0.0, ""excluded_weight"": 1.0}, {""key"": ""cohort"", ""note"": ""excluded: cohort unavailable"", ""weight"": 0.0, ""excluded_weight"": 1.0}]"
M1,ETH,neutral,2026-04-11 18:45:05,4h_fvg_top,2310.07,short,2287.38,2026-04-11 18:45:00,2314.413099197528,2271.325,2026-04-11 19:05:00,2314.41,stop,-1.0509093591385879,0.5591,half,"[{""key"": ""location"", ""weight"": 2.0, ""strength"": 1.0, ""contribution"": 0.2857}, {""key"": ""reclaim"", ""weight"": 2.0, ""strength"": 0.6206, ""contribution"": 0.1773}, {""key"": ""discount"", ""weight"": 1.2, ""strength"": 0.1051, ""contribution"": 0.018}, {""key"": ""session"", ""weight"": 0.8, ""strength"": 0.6, ""contribution"": 0.0686}, {""key"": ""htf_bias"", ""weight"": 1.0, ""strength"": 0.6, ""contribution"": 0.0857}, {""key"": ""fuel"", ""note"": ""excluded: oi unavailable"", ""weight"": 0.0, ""excluded_weight"": 1.5}, {""key"": ""cleared"", ""note"": ""excluded: oi unavailable"", ""weight"": 0.0, ""excluded_weight"": 1.2}, {""key"": ""delta_flip"", ""note"": ""excluded: taker unavailable"", ""weight"": 0.0, ""excluded_weight"": 1.5}, {""key"": ""absorption"", ""note"": ""excluded: taker unavailable"", ""weight"": 0.0, ""excluded_weight"": 1.0}, {""key"": ""cohort"", ""note"": ""excluded: cohort unavailable"", ""weight"": 0.0, ""excluded_weight"": 1.0}]"
M1,ETH,neutral,2026-04-12 14:00:05,london_low,2185.26,long,2186.67,2026-04-12 14:00:00,2181.958544580486,2193.724683129271,2026-04-12 14:35:00,2181.96,stop,-1.2790692704833226,0.5723,half,"[{""key"": ""location"", ""weight"": 2.0, ""strength"": 0.6, ""contribution"": 0.1714}, {""key"": ""reclaim"", ""weight"": 2.0, ""strength"": 0.262, ""contribution"": 0.0748}, {""key"": ""discount"", ""weight"": 1.2, ""strength"": 0.8454, ""contribution"": 0.1449}, {""key"": ""session"", ""weight"": 0.8, ""strength"": 1.0, ""contribution"": 0.1143}, {""key"": ""htf_bias"", ""weight"": 1.0, ""strength"": 0.6, ""contribution"": 0.0857}, {""key"": ""fuel"", ""note"": ""excluded: oi unavailable"", ""weight"": 0.0, ""excluded_weight"": 1.5}, {""key"": ""cleared"", ""note"": ""excluded: oi unavailable"", ""weight"": 0.0, ""excluded_weight"": 1.2}, {""key"": ""delta_flip"", ""note"": ""excluded: taker unavailable"", ""weight"": 0.0, ""excluded_weight"": 1.5}, {""key"": ""absorption"", ""note"": ""excluded: taker unavailable"", ""weight"": 0.0, ""excluded_weight"": 1.0}, {""key"": ""cohort"", ""note"": ""excluded: cohort unavailable"", ""weight"": 0.0, ""excluded_weight"": 1.0}]"
M1,ETH,neutral,2026-04-13 09:00:05,asia_low,2181.02,long,2182.16,,2177.711287907601,2188.833068138598,2026-04-13 09:45:05,,cancelled:entry_expired_no_fvg,,0.6155,half,"[{""key"": ""location"", ""weight"": 2.0, ""strength"": 0.6, ""contribution"": 0.1714}, {""key"": ""reclaim"", ""weight"": 2.0, ""strength"": 0.6299, ""contribution"": 0.18}, {""key"": ""discount"", ""weight"": 1.2, ""strength"": 0.4926, ""contribution"": 0.0844}, {""key"": ""session"", ""weight"": 0.8, ""strength"": 1.0, ""contribution"": 0.1143}, {""key"": ""htf_bias"", ""weight"": 1.0, ""strength"": 0.6, ""contribution"": 0.0857}, {""key"": ""fuel"", ""note"": ""excluded: oi unavailable"", ""weight"": 0.0, ""excluded_weight"": 1.5}, {""key"": ""cleared"", ""note"": ""excluded: oi unavailable"", ""weight"": 0.0, ""excluded_weight"": 1.2}, {""key"": ""delta_flip"", ""note"": ""excluded: taker unavailable"", ""weight"": 0.0, ""excluded_weight"": 1.5}, {""key"": ""absorption"", ""note"": ""excluded: taker unavailable"", ""weight"": 0.0, ""excluded_weight"": 1.0}, {""key"": ""cohort"", ""note"": ""excluded: cohort unavailable"", ""weight"": 0.0, ""excluded_weight"": 1.0}]"
M1,ETH,neutral,2026-04-17 13:00:05,equal_highs_1h,2378.286666666667,short,2367.94,2026-04-17 13:00:00,2383.162884804058,2349.85,2026-04-17 13:05:00,2383.16,stop,-1.0932321339575142,0.6566,half,"[{""key"": ""location"", ""weight"": 2.0, ""strength"": 0.8, ""contribution"": 0.2286}, {""key"": ""reclaim"", ""weight"": 2.0, ""strength"": 0.4382, ""contribution"": 0.1252}, {""key"": ""discount"", ""weight"": 1.2, ""strength"": 0.7264, ""contribution"": 0.1245}, {""key"": ""session"", ""weight"": 0.8, ""strength"": 1.0, ""contribution"": 0.1143}, {""key"": ""htf_bias"", ""weight"": 1.0, ""strength"": 0.6, ""contribution"": 0.0857}, {""key"": ""fuel"", ""note"": ""excluded: oi unavailable"", ""weight"": 0.0, ""excluded_weight"": 1.5}, {""key"": ""cleared"", ""note"": ""excluded: oi unavailable"", ""weight"": 0.0, ""excluded_weight"": 1.2}, {""key"": ""delta_flip"", ""note"": ""excluded: taker unavailable"", ""weight"": 0.0, ""excluded_weight"": 1.5}, {""key"": ""absorption"", ""note"": ""excluded: taker unavailable"", ""weight"": 0.0, ""excluded_weight"": 1.0}, {""key"": ""cohort"", ""note"": ""excluded: cohort unavailable"", ""weight"": 0.0, ""excluded_weight"": 1.0}]"
M1,ETH,neutral,2026-04-19 07:15:05,asia_low,2319.5,long,2321.56,2026-04-19 07:15:00,2315.9614764540843,2326.09,2026-04-19 07:20:00,2315.96,stop,-1.2486177726445595,0.7344,full,"[{""key"": ""location"", ""weight"": 2.0, ""strength"": 0.6, ""contribution"": 0.1714}, {""key"": ""reclaim"", ""weight"": 2.0, ""strength"": 0.7991, ""contribution"": 0.2283}, {""key"": ""discount"", ""weight"": 1.2, ""strength"": 0.9268, ""contribution"": 0.1589}, {""key"": ""session"", ""weight"": 0.8, ""strength"": 1.0, ""contribution"": 0.1143}, {""key"": ""htf_bias"", ""weight"": 1.0, ""strength"": 0.6, ""contribution"": 0.0857}, {""key"": ""fuel"", ""note"": ""excluded: oi unavailable"", ""weight"": 0.0, ""excluded_weight"": 1.5}, {""key"": ""cleared"", ""note"": ""excluded: oi unavailable"", ""weight"": 0.0, ""excluded_weight"": 1.2}, {""key"": ""delta_flip"", ""note"": ""excluded: taker unavailable"", ""weight"": 0.0, ""excluded_weight"": 1.5}, {""key"": ""absorption"", ""note"": ""excluded: taker unavailable"", ""weight"": 0.0, ""excluded_weight"": 1.0}, {""key"": ""cohort"", ""note"": ""excluded: cohort unavailable"", ""weight"": 0.0, ""excluded_weight"": 1.0}]"
M1,ETH,neutral,2026-04-21 15:00:05,asia_low,2297.51,long,2307.42,2026-04-21 15:00:00,2291.5227982157767,2312.59,2026-04-21 15:05:00,2291.52,stop,-1.0871556524755326,0.6394,half,"[{""key"": ""location"", ""weight"": 2.0, ""strength"": 0.6, ""contribution"": 0.1714}, {""key"": ""reclaim"", ""weight"": 2.0, ""strength"": 1.0, ""contribution"": 0.2857}, {""key"": ""discount"", ""weight"": 1.2, ""strength"": 0.0197, ""contribution"": 0.0034}, {""key"": ""session"", ""weight"": 0.8, ""strength"": 1.0, ""contribution"": 0.1143}, {""key"": ""htf_bias"", ""weight"": 1.0, ""strength"": 0.6, ""contribution"": 0.0857}, {""key"": ""fuel"", ""note"": ""excluded: oi unavailable"", ""weight"": 0.0, ""excluded_weight"": 1.5}, {""key"": ""cleared"", ""note"": ""excluded: oi unavailable"", ""weight"": 0.0, ""excluded_weight"": 1.2}, {""key"": ""delta_flip"", ""note"": ""excluded: taker unavailable"", ""weight"": 0.0, ""excluded_weight"": 1.5}, {""key"": ""absorption"", ""note"": ""excluded: taker unavailable"", ""weight"": 0.0, ""excluded_weight"": 1.0}, {""key"": ""cohort"", ""note"": ""excluded: cohort unavailable"", ""weight"": 0.0, ""excluded_weight"": 1.0}]"
M1,ETH,neutral,2026-04-23 09:15:05,pdl,2311.41,long,2324.27,2026-04-23 09:15:00,2308.669061233259,2330.0,2026-04-23 10:05:00,2308.67,stop,-1.0885306070919185,0.5933,half,"[{""key"": ""location"", ""weight"": 2.0, ""strength"": 0.8, ""contribution"": 0.2286}, {""key"": ""reclaim"", ""weight"": 2.0, ""strength"": 0.5569, ""contribution"": 0.1591}, {""key"": ""discount"", ""weight"": 1.2, ""strength"": 0.438, ""contribution"": 0.0751}, {""key"": ""session"", ""weight"": 0.8, ""strength"": 0.6, ""contribution"": 0.0686}, {""key"": ""htf_bias"", ""weight"": 1.0, ""strength"": 1.0, ""contribution"": 0.1429}, {""key"": ""fuel"", ""note"": ""excluded: oi unavailable"", ""weight"": 0.0, ""excluded_weight"": 1.5}, {""key"": ""cleared"", ""note"": ""excluded: oi unavailable"", ""weight"": 0.0, ""excluded_weight"": 1.2}, {""key"": ""delta_flip"", ""note"": ""excluded: taker unavailable"", ""weight"": 0.0, ""excluded_weight"": 1.5}, {""key"": ""absorption"", ""note"": ""excluded: taker unavailable"", ""weight"": 0.0, ""excluded_weight"": 1.0}, {""key"": ""cohort"", ""note"": ""excluded: cohort unavailable"", ""weight"": 0.0, ""excluded_weight"": 1.0}]"
M1,ETH,neutral,2026-04-23 17:30:05,london_low,2303.9,long,2309.71,2026-04-23 17:30:00,2300.5369060303865,2323.45714095442,2026-04-23 17:35:00,2300.54,stop,-1.150915286751252,0.5604,half,"[{""key"": ""location"", ""weight"": 2.0, ""strength"": 0.6, ""contribution"": 0.1714}, {""key"": ""reclaim"", ""weight"": 2.0, ""strength"": 0.5185, ""contribution"": 0.1481}, {""key"": ""discount"", ""weight"": 1.2, ""strength"": 0.617, ""contribution"": 0.1058}, {""key"": ""session"", ""weight"": 0.8, ""strength"": 0.6, ""contribution"": 0.0686}, {""key"": ""htf_bias"", ""weight"": 1.0, ""strength"": 1.0, ""contribution"": 0.1429}, {""key"": ""fuel"", ""note"": ""excluded: oi unavailable"", ""weight"": 0.0, ""excluded_weight"": 1.5}, {""key"": ""cleared"", ""note"": ""excluded: oi unavailable"", ""weight"": 0.0, ""excluded_weight"": 1.2}, {""key"": ""delta_flip"", ""note"": ""excluded: taker unavailable"", ""weight"": 0.0, ""excluded_weight"": 1.5}, {""key"": ""absorption"", ""note"": ""excluded: taker unavailable"", ""weight"": 0.0, ""excluded_weight"": 1.0}, {""key"": ""cohort"", ""note"": ""excluded: cohort unavailable"", ""weight"": 0.0, ""excluded_weight"": 1.0}]"
M1,ETH,neutral,2026-04-23 17:45:05,equal_lows_1h,2291.915,long,,,,,,,no_trade (no open trade found),,0.6554,half,"[{""key"": ""location"", ""weight"": 2.0, ""strength"": 0.8, ""contribution"": 0.2286}, {""key"": ""reclaim"", ""weight"": 2.0, ""strength"": 0.5697, ""contribution"": 0.1628}, {""key"": ""discount"", ""weight"": 1.2, ""strength"": 0.8287, ""contribution"": 0.1421}, {""key"": ""session"", ""weight"": 0.8, ""strength"": 0.6, ""contribution"": 0.0686}, {""key"": ""htf_bias"", ""weight"": 1.0, ""strength"": 1.0, ""contribution"": 0.1429}, {""key"": ""fuel"", ""note"": ""excluded: oi unavailable"", ""weight"": 0.0, ""excluded_weight"": 1.5}, {""key"": ""cleared"", ""note"": ""excluded: oi unavailable"", ""weight"": 0.0, ""excluded_weight"": 1.2}, {""key"": ""delta_flip"", ""note"": ""excluded: taker unavailable"", ""weight"": 0.0, ""excluded_weight"": 1.5}, {""key"": ""absorption"", ""note"": ""excluded: taker unavailable"", ""weight"": 0.0, ""excluded_weight"": 1.0}, {""key"": ""cohort"", ""note"": ""excluded: cohort unavailable"", ""weight"": 0.0, ""excluded_weight"": 1.0}]"
M1,ETH,neutral,2026-04-28 13:15:05,pwl,2258.3,long,2266.59,2026-04-28 13:15:00,2254.9842966644987,2268.86,2026-04-28 13:35:00,2266.59,stop_be,-0.015511497865019574,0.8608,full,"[{""key"": ""location"", ""weight"": 2.0, ""strength"": 1.0, ""contribution"": 0.2857}, {""key"": ""reclaim"", ""weight"": 2.0, ""strength"": 0.2589, ""contribution"": 0.074}, {""key"": ""discount"", ""weight"": 1.2, ""strength"": 0.8848, ""contribution"": 0.1517}, {""key"": ""session"", ""weight"": 0.8, ""strength"": 1.0, ""contribution"": 0.1143}, {""key"": ""htf_bias"", ""weight"": 1.0, ""strength"": 0.6, ""contribution"": 0.0857}, {""key"": ""fuel"", ""note"": ""excluded: oi unavailable"", ""weight"": 0.0, ""excluded_weight"": 1.5}, {""key"": ""cleared"", ""note"": ""excluded: oi unavailable"", ""weight"": 0.0, ""excluded_weight"": 1.2}, {""key"": ""delta_flip"", ""note"": ""excluded: taker unavailable"", ""weight"": 0.0, ""excluded_weight"": 1.5}, {""key"": ""absorption"", ""note"": ""excluded: taker unavailable"", ""weight"": 0.0, ""excluded_weight"": 1.0}, {""key"": ""cohort"", ""note"": ""excluded: cohort unavailable"", ""weight"": 0.0, ""excluded_weight"": 1.0}]"
M1,ETH,neutral,2026-04-28 14:30:05,pdl,2263.88,long,2267.21,2026-04-28 14:30:00,2261.1637163745977,2276.2794254381033,2026-04-28 14:35:00,2261.16,stop,-1.2251498538504728,0.6959,half,"[{""key"": ""location"", ""weight"": 2.0, ""strength"": 0.8, ""contribution"": 0.2286}, {""key"": ""reclaim"", ""weight"": 2.0, ""strength"": 0.4692, ""contribution"": 0.1341}, {""key"": ""discount"", ""weight"": 1.2, ""strength"": 0.9119, ""contribution"": 0.1563}, {""key"": ""session"", ""weight"": 0.8, ""strength"": 1.0, ""contribution"": 0.1143}, {""key"": ""htf_bias"", ""weight"": 1.0, ""strength"": 0.6, ""contribution"": 0.0857}, {""key"": ""fuel"", ""note"": ""excluded: oi unavailable"", ""weight"": 0.0, ""excluded_weight"": 1.5}, {""key"": ""cleared"", ""note"": ""excluded: oi unavailable"", ""weight"": 0.0, ""excluded_weight"": 1.2}, {""key"": ""delta_flip"", ""note"": ""excluded: taker unavailable"", ""weight"": 0.0, ""excluded_weight"": 1.5}, {""key"": ""absorption"", ""note"": ""excluded: taker unavailable"", ""weight"": 0.0, ""excluded_weight"": 1.0}, {""key"": ""cohort"", ""note"": ""excluded: cohort unavailable"", ""weight"": 0.0, ""excluded_weight"": 1.0}]"
M1,ETH,neutral,2026-05-01 13:15:05,london_high,2311.5,short,2307.36,2026-05-01 13:15:00,2315.7202142548877,2300.05,2026-05-01 13:35:00,2315.72,stop,-1.1667178964676947,0.8284,full,"[{""key"": ""location"", ""weight"": 2.0, ""strength"": 0.6, ""contribution"": 0.1714}, {""key"": ""reclaim"", ""weight"": 2.0, ""strength"": 0.8319, ""contribution"": 0.2377}, {""key"": ""discount"", ""weight"": 1.2, ""strength"": 0.4407, ""contribution"": 0.0755}, {""key"": ""session"", ""weight"": 0.8, ""strength"": 1.0, ""contribution"": 0.1143}, {""key"": ""htf_bias"", ""weight"": 1.0, ""strength"": 0.6, ""contribution"": 0.0857}, {""key"": ""fuel"", ""note"": ""excluded: oi unavailable"", ""weight"": 0.0, ""excluded_weight"": 1.5}, {""key"": ""cleared"", ""note"": ""excluded: oi unavailable"", ""weight"": 0.0, ""excluded_weight"": 1.2}, {""key"": ""delta_flip"", ""note"": ""excluded: taker unavailable"", ""weight"": 0.0, ""excluded_weight"": 1.5}, {""key"": ""absorption"", ""note"": ""excluded: taker unavailable"", ""weight"": 0.0, ""excluded_weight"": 1.0}, {""key"": ""cohort"", ""note"": ""excluded: cohort unavailable"", ""weight"": 0.0, ""excluded_weight"": 1.0}]"
M1,ETH,neutral,2026-05-01 13:30:05,london_high,2311.5,short,,,,,,,"no_trade (trade #458 open at evaluation, its exit_ts 2026-05-01 13:35:00)",,0.599,half,"[{""key"": ""location"", ""weight"": 2.0, ""strength"": 0.6, ""contribution"": 0.1714}, {""key"": ""reclaim"", ""weight"": 2.0, ""strength"": 0.6436, ""contribution"": 0.1839}, {""key"": ""discount"", ""weight"": 1.2, ""strength"": 0.3702, ""contribution"": 0.0635}, {""key"": ""session"", ""weight"": 0.8, ""strength"": 1.0, ""contribution"": 0.1143}, {""key"": ""htf_bias"", ""weight"": 1.0, ""strength"": 0.6, ""contribution"": 0.0857}, {""key"": ""fuel"", ""note"": ""excluded: oi unavailable"", ""weight"": 0.0, ""excluded_weight"": 1.5}, {""key"": ""cleared"", ""note"": ""excluded: oi unavailable"", ""weight"": 0.0, ""excluded_weight"": 1.2}, {""key"": ""delta_flip"", ""note"": ""excluded: taker unavailable"", ""weight"": 0.0, ""excluded_weight"": 1.5}, {""key"": ""absorption"", ""note"": ""excluded: taker unavailable"", ""weight"": 0.0, ""excluded_weight"": 1.0}, {""key"": ""cohort"", ""note"": ""excluded: cohort unavailable"", ""weight"": 0.0, ""excluded_weight"": 1.0}]"
M1,ETH,neutral,2026-05-03 12:15:05,4h_ob_top,2330.57,short,2325.52,2026-05-03 12:15:00,2332.993569757392,2316.62,2026-05-03 14:30:05,2323.66,dead_trade,0.06233121134597228,0.7571,full,"[{""key"": ""location"", ""weight"": 2.0, ""strength"": 1.0, ""contribution"": 0.2857}, {""key"": ""reclaim"", ""weight"": 2.0, ""strength"": 0.8209, ""contribution"": 0.2345}, {""key"": ""discount"", ""weight"": 1.2, ""strength"": 0.58, ""contribution"": 0.0994}, {""key"": ""session"", ""weight"": 0.8, ""strength"": 0.6, ""contribution"": 0.0686}, {""key"": ""htf_bias"", ""weight"": 1.0, ""strength"": 0.0, ""contribution"": 0.0}, {""key"": ""fuel"", ""note"": ""excluded: oi unavailable"", ""weight"": 0.0, ""excluded_weight"": 1.5}, {""key"": ""cleared"", ""note"": ""excluded: oi unavailable"", ""weight"": 0.0, ""excluded_weight"": 1.2}, {""key"": ""delta_flip"", ""note"": ""excluded: taker unavailable"", ""weight"": 0.0, ""excluded_weight"": 1.5}, {""key"": ""absorption"", ""note"": ""excluded: taker unavailable"", ""weight"": 0.0, ""excluded_weight"": 1.0}, {""key"": ""cohort"", ""note"": ""excluded: cohort unavailable"", ""weight"": 0.0, ""excluded_weight"": 1.0}]"
M1,ETH,neutral,2026-05-06 09:00:05,4h_ob_top,2393.68,short,2387.33,2026-05-06 09:00:00,2397.069337530731,2379.88,2026-05-06 09:35:00,2397.07,stop,-1.1475915035014452,1.099,full,"[{""key"": ""location"", ""weight"": 2.0, ""strength"": 1.0, ""contribution"": 0.2857}, {""key"": ""reclaim"", ""weight"": 2.0, ""strength"": 0.7494, ""contribution"": 0.2141}, {""key"": ""discount"", ""weight"": 1.2, ""strength"": 0.8826, ""contribution"": 0.1513}, {""key"": ""session"", ""weight"": 0.8, ""strength"": 1.0, ""contribution"": 0.1143}, {""key"": ""htf_bias"", ""weight"": 1.0, ""strength"": 1.0, ""contribution"": 0.1429}, {""key"": ""fuel"", ""note"": ""excluded: oi unavailable"", ""weight"": 0.0, ""excluded_weight"": 1.5}, {""key"": ""cleared"", ""note"": ""excluded: oi unavailable"", ""weight"": 0.0, ""excluded_weight"": 1.2}, {""key"": ""delta_flip"", ""note"": ""excluded: taker unavailable"", ""weight"": 0.0, ""excluded_weight"": 1.5}, {""key"": ""absorption"", ""note"": ""excluded: taker unavailable"", ""weight"": 0.0, ""excluded_weight"": 1.0}, {""key"": ""cohort"", ""note"": ""excluded: cohort unavailable"", ""weight"": 0.0, ""excluded_weight"": 1.0}]"
M1,ETH,neutral,2026-05-06 16:45:05,equal_lows_1h,2352.64,long,2354.08,2026-05-06 17:20:00,2347.5619675206726,2359.47,2026-05-06 17:45:05,2352.0,thesis_failed,-0.5356696228614484,0.7124,full,"[{""key"": ""location"", ""weight"": 2.0, ""strength"": 1.0, ""contribution"": 0.2857}, {""key"": ""reclaim"", ""weight"": 2.0, ""strength"": 0.9845, ""contribution"": 0.2813}, {""key"": ""discount"", ""weight"": 1.2, ""strength"": 0.7645, ""contribution"": 0.1311}, {""key"": ""session"", ""weight"": 0.8, ""strength"": 0.6, ""contribution"": 0.0686}, {""key"": ""htf_bias"", ""weight"": 1.0, ""strength"": 0.3, ""contribution"": 0.0429}, {""key"": ""fuel"", ""note"": ""excluded: oi unavailable"", ""weight"": 0.0, ""excluded_weight"": 1.5}, {""key"": ""cleared"", ""note"": ""excluded: oi unavailable"", ""weight"": 0.0, ""excluded_weight"": 1.2}, {""key"": ""delta_flip"", ""note"": ""excluded: taker unavailable"", ""weight"": 0.0, ""excluded_weight"": 1.5}, {""key"": ""absorption"", ""note"": ""excluded: taker unavailable"", ""weight"": 0.0, ""excluded_weight"": 1.0}, {""key"": ""cohort"", ""note"": ""excluded: cohort unavailable"", ""weight"": 0.0, ""excluded_weight"": 1.0}]"
M1,ETH,neutral,2026-05-20 05:15:05,equal_highs_1h,2124.65,short,2119.48,2026-05-20 05:15:00,2127.4841360081914,2110.99,2026-05-20 05:35:00,2127.48,stop,-1.158811893064752,0.5667,half,"[{""key"": ""location"", ""weight"": 2.0, ""strength"": 0.8, ""contribution"": 0.2286}, {""key"": ""reclaim"", ""weight"": 2.0, ""strength"": 0.9577, ""contribution"": 0.2736}, {""key"": ""discount"", ""weight"": 1.2, ""strength"": 0.1273, ""contribution"": 0.0218}, {""key"": ""session"", ""weight"": 0.8, ""strength"": 0.3, ""contribution"": 0.0343}, {""key"": ""htf_bias"", ""weight"": 1.0, ""strength"": 0.6, ""contribution"": 0.0857}, {""key"": ""fuel"", ""note"": ""excluded: oi unavailable"", ""weight"": 0.0, ""excluded_weight"": 1.5}, {""key"": ""cleared"", ""note"": ""excluded: oi unavailable"", ""weight"": 0.0, ""excluded_weight"": 1.2}, {""key"": ""delta_flip"", ""note"": ""excluded: taker unavailable"", ""weight"": 0.0, ""excluded_weight"": 1.5}, {""key"": ""absorption"", ""note"": ""excluded: taker unavailable"", ""weight"": 0.0, ""excluded_weight"": 1.0}, {""key"": ""cohort"", ""note"": ""excluded: cohort unavailable"", ""weight"": 0.0, ""excluded_weight"": 1.0}]"
M1,ETH,neutral,2026-05-23 21:15:05,equal_highs_4h,2147.795,short,2124.84,,2151.6838752179965,2129.88,2026-05-23 23:30:05,,cancelled:entry_expired,,0.6422,half,"[{""key"": ""location"", ""weight"": 2.0, ""strength"": 1.0, ""contribution"": 0.2857}, {""key"": ""reclaim"", ""weight"": 2.0, ""strength"": 1.0, ""contribution"": 0.2857}, {""key"": ""discount"", ""weight"": 1.2, ""strength"": 0.632, ""contribution"": 0.1084}, {""key"": ""session"", ""weight"": 0.8, ""strength"": 0.1, ""contribution"": 0.0114}, {""key"": ""htf_bias"", ""weight"": 1.0, ""strength"": 1.0, ""contribution"": 0.1429}, {""key"": ""fuel"", ""note"": ""excluded: oi unavailable"", ""weight"": 0.0, ""excluded_weight"": 1.5}, {""key"": ""cleared"", ""note"": ""excluded: oi unavailable"", ""weight"": 0.0, ""excluded_weight"": 1.2}, {""key"": ""delta_flip"", ""note"": ""excluded: taker unavailable"", ""weight"": 0.0, ""excluded_weight"": 1.5}, {""key"": ""absorption"", ""note"": ""excluded: taker unavailable"", ""weight"": 0.0, ""excluded_weight"": 1.0}, {""key"": ""cohort"", ""note"": ""excluded: cohort unavailable"", ""weight"": 0.0, ""excluded_weight"": 1.0}]"
M1,ETH,neutral,2026-05-25 08:15:05,asia_high,2112.67,short,2113.19,2026-05-25 08:35:00,2116.563486513526,2108.12977022971,2026-05-25 08:50:00,2116.56,stop,-1.3752627975233573,0.764,full,"[{""key"": ""location"", ""weight"": 2.0, ""strength"": 0.6, ""contribution"": 0.1714}, {""key"": ""reclaim"", ""weight"": 2.0, ""strength"": 1.0, ""contribution"": 0.2857}, {""key"": ""discount"", ""weight"": 1.2, ""strength"": 0.4373, ""contribution"": 0.075}, {""key"": ""session"", ""weight"": 0.8, ""strength"": 1.0, ""contribution"": 0.1143}, {""key"": ""htf_bias"", ""weight"": 1.0, ""strength"": 1.0, ""contribution"": 0.1429}, {""key"": ""fuel"", ""note"": ""excluded: oi unavailable"", ""weight"": 0.0, ""excluded_weight"": 1.5}, {""key"": ""cleared"", ""note"": ""excluded: oi unavailable"", ""weight"": 0.0, ""excluded_weight"": 1.2}, {""key"": ""delta_flip"", ""note"": ""excluded: taker unavailable"", ""weight"": 0.0, ""excluded_weight"": 1.5}, {""key"": ""absorption"", ""note"": ""excluded: taker unavailable"", ""weight"": 0.0, ""excluded_weight"": 1.0}, {""key"": ""cohort"", ""note"": ""excluded: cohort unavailable"", ""weight"": 0.0, ""excluded_weight"": 1.0}]"
M1,ETH,neutral,2026-05-25 15:30:05,4h_ob_top,2129.65,short,2127.36,,2131.732479040555,2123.72,2026-05-25 16:15:05,,cancelled:entry_expired_no_fvg,,0.7777,full,"[{""key"": ""location"", ""weight"": 2.0, ""strength"": 1.0, ""contribution"": 0.2857}, {""key"": ""reclaim"", ""weight"": 2.0, ""strength"": 0.8759, ""contribution"": 0.2503}, {""key"": ""discount"", ""weight"": 1.2, ""strength"": 0.7955, ""contribution"": 0.1364}, {""key"": ""session"", ""weight"": 0.8, ""strength"": 0.6, ""contribution"": 0.0686}, {""key"": ""htf_bias"", ""weight"": 1.0, ""strength"": 1.0, ""contribution"": 0.1429}, {""key"": ""fuel"", ""note"": ""excluded: oi unavailable"", ""weight"": 0.0, ""excluded_weight"": 1.5}, {""key"": ""cleared"", ""note"": ""excluded: oi unavailable"", ""weight"": 0.0, ""excluded_weight"": 1.2}, {""key"": ""delta_flip"", ""note"": ""excluded: taker unavailable"", ""weight"": 0.0, ""excluded_weight"": 1.5}, {""key"": ""absorption"", ""note"": ""excluded: taker unavailable"", ""weight"": 0.0, ""excluded_weight"": 1.0}, {""key"": ""cohort"", ""note"": ""excluded: cohort unavailable"", ""weight"": 0.0, ""excluded_weight"": 1.0}]"
M1,ETH,neutral,2026-05-26 14:00:05,4h_ob_top,2129.65,short,2123.8,2026-05-26 14:00:00,2131.979495976568,2112.95,2026-05-26 14:20:00,2131.98,stop,-1.1570084598623582,0.5579,half,"[{""key"": ""location"", ""weight"": 2.0, ""strength"": 1.0, ""contribution"": 0.2857}, {""key"": ""reclaim"", ""weight"": 2.0, ""strength"": 0.3703, ""contribution"": 0.1058}, {""key"": ""discount"", ""weight"": 1.2, ""strength"": 0.4118, ""contribution"": 0.0706}, {""key"": ""session"", ""weight"": 0.8, ""strength"": 1.0, ""contribution"": 0.1143}, {""key"": ""htf_bias"", ""weight"": 1.0, ""strength"": 0.0, ""contribution"": 0.0}, {""key"": ""fuel"", ""note"": ""excluded: oi unavailable"", ""weight"": 0.0, ""excluded_weight"": 1.5}, {""key"": ""cleared"", ""note"": ""excluded: oi unavailable"", ""weight"": 0.0, ""excluded_weight"": 1.2}, {""key"": ""delta_flip"", ""note"": ""excluded: taker unavailable"", ""weight"": 0.0, ""excluded_weight"": 1.5}, {""key"": ""absorption"", ""note"": ""excluded: taker unavailable"", ""weight"": 0.0, ""excluded_weight"": 1.0}, {""key"": ""cohort"", ""note"": ""excluded: cohort unavailable"", ""weight"": 0.0, ""excluded_weight"": 1.0}]"
M1,ETH,neutral,2026-05-26 14:30:05,equal_highs_1h,2137.855,short,,,,,,,no_trade (no open trade found),,0.8017,full,"[{""key"": ""location"", ""weight"": 2.0, ""strength"": 1.0, ""contribution"": 0.2857}, {""key"": ""reclaim"", ""weight"": 2.0, ""strength"": 0.4101, ""contribution"": 0.1172}, {""key"": ""discount"", ""weight"": 1.2, ""strength"": 0.8481, ""contribution"": 0.1454}, {""key"": ""session"", ""weight"": 0.8, ""strength"": 1.0, ""contribution"": 0.1143}, {""key"": ""htf_bias"", ""weight"": 1.0, ""strength"": 0.0, ""contribution"": 0.0}, {""key"": ""fuel"", ""note"": ""excluded: oi unavailable"", ""weight"": 0.0, ""excluded_weight"": 1.5}, {""key"": ""cleared"", ""note"": ""excluded: oi unavailable"", ""weight"": 0.0, ""excluded_weight"": 1.2}, {""key"": ""delta_flip"", ""note"": ""excluded: taker unavailable"", ""weight"": 0.0, ""excluded_weight"": 1.5}, {""key"": ""absorption"", ""note"": ""excluded: taker unavailable"", ""weight"": 0.0, ""excluded_weight"": 1.0}, {""key"": ""cohort"", ""note"": ""excluded: cohort unavailable"", ""weight"": 0.0, ""excluded_weight"": 1.0}]"
M1,ETH,neutral,2026-05-27 14:00:05,pdl,2053.0,long,2058.51,2026-05-27 14:20:00,2049.787923752557,2071.593114371165,2026-05-27 17:05:00,2058.51,stop_be,0.4866244964148216,0.7333,full,"[{""key"": ""location"", ""weight"": 2.0, ""strength"": 0.8, ""contribution"": 0.2286}, {""key"": ""reclaim"", ""weight"": 2.0, ""strength"": 1.0, ""contribution"": 0.2857}, {""key"": ""discount"", ""weight"": 1.2, ""strength"": 0.7521, ""contribution"": 0.1289}, {""key"": ""session"", ""weight"": 0.8, ""strength"": 1.0, ""contribution"": 0.1143}, {""key"": ""htf_bias"", ""weight"": 1.0, ""strength"": 0.0, ""contribution"": 0.0}, {""key"": ""fuel"", ""note"": ""excluded: oi unavailable"", ""weight"": 0.0, ""excluded_weight"": 1.5}, {""key"": ""cleared"", ""note"": ""excluded: oi unavailable"", ""weight"": 0.0, ""excluded_weight"": 1.2}, {""key"": ""delta_flip"", ""note"": ""excluded: taker unavailable"", ""weight"": 0.0, ""excluded_weight"": 1.5}, {""key"": ""absorption"", ""note"": ""excluded: taker unavailable"", ""weight"": 0.0, ""excluded_weight"": 1.0}, {""key"": ""cohort"", ""note"": ""excluded: cohort unavailable"", ""weight"": 0.0, ""excluded_weight"": 1.0}]"
M1,ETH,neutral,2026-06-01 02:15:05,pdl,1992.84,long,1997.81,,1988.946688461711,2006.3,2026-06-01 03:00:05,,cancelled:entry_expired_no_fvg,,0.5647,half,"[{""key"": ""location"", ""weight"": 2.0, ""strength"": 0.8, ""contribution"": 0.2286}, {""key"": ""reclaim"", ""weight"": 2.0, ""strength"": 0.6948, ""contribution"": 0.1985}, {""key"": ""discount"", ""weight"": 1.2, ""strength"": 0.8017, ""contribution"": 0.1374}, {""key"": ""session"", ""weight"": 0.8, ""strength"": 0.3, ""contribution"": 0.0343}, {""key"": ""htf_bias"", ""weight"": 1.0, ""strength"": 0.3, ""contribution"": 0.0429}, {""key"": ""fuel"", ""note"": ""excluded: oi unavailable"", ""weight"": 0.0, ""excluded_weight"": 1.5}, {""key"": ""cleared"", ""note"": ""excluded: oi unavailable"", ""weight"": 0.0, ""excluded_weight"": 1.2}, {""key"": ""delta_flip"", ""note"": ""excluded: taker unavailable"", ""weight"": 0.0, ""excluded_weight"": 1.5}, {""key"": ""absorption"", ""note"": ""excluded: taker unavailable"", ""weight"": 0.0, ""excluded_weight"": 1.0}, {""key"": ""cohort"", ""note"": ""excluded: cohort unavailable"", ""weight"": 0.0, ""excluded_weight"": 1.0}]"
M1,ETH,neutral,2026-06-09 15:00:05,4h_fvg_bottom,1636.99,long,1638.99,2026-06-09 15:20:00,1631.3972869425288,1643.65,2026-06-09 15:20:00,1638.99,stop_be,0.14184721480291734,0.6903,half,"[{""key"": ""location"", ""weight"": 2.0, ""strength"": 1.0, ""contribution"": 0.2857}, {""key"": ""reclaim"", ""weight"": 2.0, ""strength"": 0.8049, ""contribution"": 0.23}, {""key"": ""discount"", ""weight"": 1.2, ""strength"": 0.2353, ""contribution"": 0.0403}, {""key"": ""session"", ""weight"": 0.8, ""strength"": 1.0, ""contribution"": 0.1143}, {""key"": ""htf_bias"", ""weight"": 1.0, ""strength"": 0.3, ""contribution"": 0.0429}, {""key"": ""fuel"", ""note"": ""excluded: oi unavailable"", ""weight"": 0.0, ""excluded_weight"": 1.5}, {""key"": ""cleared"", ""note"": ""excluded: oi unavailable"", ""weight"": 0.0, ""excluded_weight"": 1.2}, {""key"": ""delta_flip"", ""note"": ""excluded: taker unavailable"", ""weight"": 0.0, ""excluded_weight"": 1.5}, {""key"": ""absorption"", ""note"": ""excluded: taker unavailable"", ""weight"": 0.0, ""excluded_weight"": 1.0}, {""key"": ""cohort"", ""note"": ""excluded: cohort unavailable"", ""weight"": 0.0, ""excluded_weight"": 1.0}]"
M1,ETH,neutral,2026-06-12 09:45:05,asia_high,1681.84,short,1681.0,2026-06-12 09:45:00,1683.7337132762912,1676.8994300855634,2026-06-12 09:50:00,1683.73,stop,-1.3680397766783594,0.5519,half,"[{""key"": ""location"", ""weight"": 2.0, ""strength"": 0.6, ""contribution"": 0.1714}, {""key"": ""reclaim"", ""weight"": 2.0, ""strength"": 0.5445, ""contribution"": 0.1556}, {""key"": ""discount"", ""weight"": 1.2, ""strength"": 0.6194, ""contribution"": 0.1062}, {""key"": ""session"", ""weight"": 0.8, ""strength"": 0.6, ""contribution"": 0.0686}, {""key"": ""htf_bias"", ""weight"": 1.0, ""strength"": 0.0, ""contribution"": 0.0}, {""key"": ""fuel"", ""note"": ""excluded: oi unavailable"", ""weight"": 0.0, ""excluded_weight"": 1.5}, {""key"": ""cleared"", ""note"": ""excluded: oi unavailable"", ""weight"": 0.0, ""excluded_weight"": 1.2}, {""key"": ""delta_flip"", ""note"": ""excluded: taker unavailable"", ""weight"": 0.0, ""excluded_weight"": 1.5}, {""key"": ""absorption"", ""note"": ""excluded: taker unavailable"", ""weight"": 0.0, ""excluded_weight"": 1.0}, {""key"": ""cohort"", ""note"": ""excluded: cohort unavailable"", ""weight"": 0.0, ""excluded_weight"": 1.0}]"
M1,ETH,neutral,2026-06-22 14:15:05,london_high,1774.19,short,1761.73,,1778.465754333975,1761.02,2026-06-22 16:30:05,,cancelled:entry_expired,,0.6976,half,"[{""key"": ""location"", ""weight"": 2.0, ""strength"": 0.6, ""contribution"": 0.1714}, {""key"": ""reclaim"", ""weight"": 2.0, ""strength"": 0.9824, ""contribution"": 0.2807}, {""key"": ""discount"", ""weight"": 1.2, ""strength"": 0.3996, ""contribution"": 0.0685}, {""key"": ""session"", ""weight"": 0.8, ""strength"": 1.0, ""contribution"": 0.1143}, {""key"": ""htf_bias"", ""weight"": 1.0, ""strength"": 0.6, ""contribution"": 0.0857}, {""key"": ""fuel"", ""note"": ""excluded: oi unavailable"", ""weight"": 0.0, ""excluded_weight"": 1.5}, {""key"": ""cleared"", ""note"": ""excluded: oi unavailable"", ""weight"": 0.0, ""excluded_weight"": 1.2}, {""key"": ""delta_flip"", ""note"": ""excluded: taker unavailable"", ""weight"": 0.0, ""excluded_weight"": 1.5}, {""key"": ""absorption"", ""note"": ""excluded: taker unavailable"", ""weight"": 0.0, ""excluded_weight"": 1.0}, {""key"": ""cohort"", ""note"": ""excluded: cohort unavailable"", ""weight"": 0.0, ""excluded_weight"": 1.0}]"
M1,ETH,neutral,2026-06-23 09:30:05,equal_lows_4h,1652.54,long,1651.35,2026-06-23 09:35:00,1647.9129227190251,1656.518115921462,2026-06-23 09:35:00,1647.91,stop,-1.2867991153137677,0.7162,full,"[{""key"": ""location"", ""weight"": 2.0, ""strength"": 1.0, ""contribution"": 0.2857}, {""key"": ""reclaim"", ""weight"": 2.0, ""strength"": 0.7249, ""contribution"": 0.2071}, {""key"": ""discount"", ""weight"": 1.2, ""strength"": 0.9729, ""contribution"": 0.1668}, {""key"": ""session"", ""weight"": 0.8, ""strength"": 0.6, ""contribution"": 0.0686}, {""key"": ""htf_bias"", ""weight"": 1.0, ""strength"": 0.6, ""contribution"": 0.0857}, {""key"": ""fuel"", ""note"": ""excluded: oi unavailable"", ""weight"": 0.0, ""excluded_weight"": 1.5}, {""key"": ""cleared"", ""note"": ""excluded: oi unavailable"", ""weight"": 0.0, ""excluded_weight"": 1.2}, {""key"": ""delta_flip"", ""note"": ""excluded: taker unavailable"", ""weight"": 0.0, ""excluded_weight"": 1.5}, {""key"": ""absorption"", ""note"": ""excluded: taker unavailable"", ""weight"": 0.0, ""excluded_weight"": 1.0}, {""key"": ""cohort"", ""note"": ""excluded: cohort unavailable"", ""weight"": 0.0, ""excluded_weight"": 1.0}]"
M1,ETH,neutral,2026-06-24 13:15:05,equal_lows_4h,1652.54,long,1661.63,2026-06-24 13:15:00,1650.6284203991588,1666.4,2026-06-24 13:20:00,1650.63,stop,-1.090027835555811,0.864,full,"[{""key"": ""location"", ""weight"": 2.0, ""strength"": 1.0, ""contribution"": 0.2857}, {""key"": ""reclaim"", ""weight"": 2.0, ""strength"": 1.0, ""contribution"": 0.2857}, {""key"": ""discount"", ""weight"": 1.2, ""strength"": 0.7067, ""contribution"": 0.1212}, {""key"": ""session"", ""weight"": 0.8, ""strength"": 1.0, ""contribution"": 0.1143}, {""key"": ""htf_bias"", ""weight"": 1.0, ""strength"": 0.6, ""contribution"": 0.0857}, {""key"": ""fuel"", ""note"": ""excluded: oi unavailable"", ""weight"": 0.0, ""excluded_weight"": 1.5}, {""key"": ""cleared"", ""note"": ""excluded: oi unavailable"", ""weight"": 0.0, ""excluded_weight"": 1.2}, {""key"": ""delta_flip"", ""note"": ""excluded: taker unavailable"", ""weight"": 0.0, ""excluded_weight"": 1.5}, {""key"": ""absorption"", ""note"": ""excluded: taker unavailable"", ""weight"": 0.0, ""excluded_weight"": 1.0}, {""key"": ""cohort"", ""note"": ""excluded: cohort unavailable"", ""weight"": 0.0, ""excluded_weight"": 1.0}]"
M1,ETH,neutral,2026-06-29 17:30:05,4h_fvg_top,1627.07,short,1624.38,2026-06-29 17:30:00,1634.7715547756836,1608.7926678364747,2026-06-29 17:50:00,1634.77,stop,-1.0940907059070997,0.7173,full,"[{""key"": ""location"", ""weight"": 2.0, ""strength"": 1.0, ""contribution"": 0.2857}, {""key"": ""reclaim"", ""weight"": 2.0, ""strength"": 0.5055, ""contribution"": 0.1444}, {""key"": ""discount"", ""weight"": 1.2, ""strength"": 0.3947, ""contribution"": 0.0677}, {""key"": ""session"", ""weight"": 0.8, ""strength"": 0.6, ""contribution"": 0.0686}, {""key"": ""htf_bias"", ""weight"": 1.0, ""strength"": 0.6, ""contribution"": 0.0857}, {""key"": ""fuel"", ""note"": ""excluded: oi unavailable"", ""weight"": 0.0, ""excluded_weight"": 1.5}, {""key"": ""cleared"", ""note"": ""excluded: oi unavailable"", ""weight"": 0.0, ""excluded_weight"": 1.2}, {""key"": ""delta_flip"", ""note"": ""excluded: taker unavailable"", ""weight"": 0.0, ""excluded_weight"": 1.5}, {""key"": ""absorption"", ""note"": ""excluded: taker unavailable"", ""weight"": 0.0, ""excluded_weight"": 1.0}, {""key"": ""cohort"", ""note"": ""excluded: cohort unavailable"", ""weight"": 0.0, ""excluded_weight"": 1.0}]"
M1,ETH,neutral,2026-07-01 14:30:05,pdh,1613.56,short,1610.17,2026-07-01 15:05:00,1617.854068480785,1604.4,2026-07-01 15:05:00,1610.17,stop_be,0.1996944888496092,0.6139,half,"[{""key"": ""location"", ""weight"": 2.0, ""strength"": 0.8, ""contribution"": 0.2286}, {""key"": ""reclaim"", ""weight"": 2.0, ""strength"": 0.4297, ""contribution"": 0.1228}, {""key"": ""discount"", ""weight"": 1.2, ""strength"": 0.2436, ""contribution"": 0.0418}, {""key"": ""session"", ""weight"": 0.8, ""strength"": 1.0, ""contribution"": 0.1143}, {""key"": ""htf_bias"", ""weight"": 1.0, ""strength"": 0.0, ""contribution"": 0.0}, {""key"": ""fuel"", ""note"": ""excluded: oi unavailable"", ""weight"": 0.0, ""excluded_weight"": 1.5}, {""key"": ""cleared"", ""note"": ""excluded: oi unavailable"", ""weight"": 0.0, ""excluded_weight"": 1.2}, {""key"": ""delta_flip"", ""note"": ""excluded: taker unavailable"", ""weight"": 0.0, ""excluded_weight"": 1.5}, {""key"": ""absorption"", ""note"": ""excluded: taker unavailable"", ""weight"": 0.0, ""excluded_weight"": 1.0}, {""key"": ""cohort"", ""note"": ""excluded: cohort unavailable"", ""weight"": 0.0, ""excluded_weight"": 1.0}]"
M1,ETH,neutral,2026-07-02 13:15:05,london_high,1670.0,short,1665.92,2026-07-02 13:15:00,1673.130348411246,1660.0,2026-07-02 13:20:00,1673.13,stop,-1.1382397677704934,0.5526,half,"[{""key"": ""location"", ""weight"": 2.0, ""strength"": 0.6, ""contribution"": 0.1714}, {""key"": ""reclaim"", ""weight"": 2.0, ""strength"": 0.2975, ""contribution"": 0.085}, {""key"": ""discount"", ""weight"": 1.2, ""strength"": 0.5016, ""contribution"": 0.086}, {""key"": ""session"", ""weight"": 0.8, ""strength"": 1.0, ""contribution"": 0.1143}, {""key"": ""htf_bias"", ""weight"": 1.0, ""strength"": 0.0, ""contribution"": 0.0}, {""key"": ""fuel"", ""note"": ""excluded: oi unavailable"", ""weight"": 0.0, ""excluded_weight"": 1.5}, {""key"": ""cleared"", ""note"": ""excluded: oi unavailable"", ""weight"": 0.0, ""excluded_weight"": 1.2}, {""key"": ""delta_flip"", ""note"": ""excluded: taker unavailable"", ""weight"": 0.0, ""excluded_weight"": 1.5}, {""key"": ""absorption"", ""note"": ""excluded: taker unavailable"", ""weight"": 0.0, ""excluded_weight"": 1.0}, {""key"": ""cohort"", ""note"": ""excluded: cohort unavailable"", ""weight"": 0.0, ""excluded_weight"": 1.0}]"
M1,ETH,neutral,2026-07-02 14:30:05,4h_fvg_top,1718.61,short,1708.35,,1722.406486807314,1691.9633333333334,2026-07-02 15:15:05,,cancelled:entry_expired_no_fvg,,0.5589,half,"[{""key"": ""location"", ""weight"": 2.0, ""strength"": 1.0, ""contribution"": 0.2857}, {""key"": ""reclaim"", ""weight"": 2.0, ""strength"": 0.5334, ""contribution"": 0.1524}, {""key"": ""discount"", ""weight"": 1.2, ""strength"": 0.1459, ""contribution"": 0.025}, {""key"": ""session"", ""weight"": 0.8, ""strength"": 1.0, ""contribution"": 0.1143}, {""key"": ""htf_bias"", ""weight"": 1.0, ""strength"": 0.0, ""contribution"": 0.0}, {""key"": ""fuel"", ""note"": ""excluded: oi unavailable"", ""weight"": 0.0, ""excluded_weight"": 1.5}, {""key"": ""cleared"", ""note"": ""excluded: oi unavailable"", ""weight"": 0.0, ""excluded_weight"": 1.2}, {""key"": ""delta_flip"", ""note"": ""excluded: taker unavailable"", ""weight"": 0.0, ""excluded_weight"": 1.5}, {""key"": ""absorption"", ""note"": ""excluded: taker unavailable"", ""weight"": 0.0, ""excluded_weight"": 1.0}, {""key"": ""cohort"", ""note"": ""excluded: cohort unavailable"", ""weight"": 0.0, ""excluded_weight"": 1.0}]"
M1,ETH,neutral,2026-07-03 08:45:05,equal_highs_1h,1735.97,short,1727.23,2026-07-03 08:45:00,1738.3963071321296,1725.0,2026-07-03 09:05:00,1727.23,stop_be,0.00565018050784305,0.6562,half,"[{""key"": ""location"", ""weight"": 2.0, ""strength"": 0.8, ""contribution"": 0.2286}, {""key"": ""reclaim"", ""weight"": 2.0, ""strength"": 0.4151, ""contribution"": 0.1186}, {""key"": ""discount"", ""weight"": 1.2, ""strength"": 0.4717, ""contribution"": 0.0809}, {""key"": ""session"", ""weight"": 0.8, ""strength"": 1.0, ""contribution"": 0.1143}, {""key"": ""htf_bias"", ""weight"": 1.0, ""strength"": 0.0, ""contribution"": 0.0}, {""key"": ""fuel"", ""note"": ""excluded: oi unavailable"", ""weight"": 0.0, ""excluded_weight"": 1.5}, {""key"": ""cleared"", ""note"": ""excluded: oi unavailable"", ""weight"": 0.0, ""excluded_weight"": 1.2}, {""key"": ""delta_flip"", ""note"": ""excluded: taker unavailable"", ""weight"": 0.0, ""excluded_weight"": 1.5}, {""key"": ""absorption"", ""note"": ""excluded: taker unavailable"", ""weight"": 0.0, ""excluded_weight"": 1.0}, {""key"": ""cohort"", ""note"": ""excluded: cohort unavailable"", ""weight"": 0.0, ""excluded_weight"": 1.0}]"
M1,ETH,neutral,2026-07-05 02:30:05,4h_ob_bottom,1757.27,long,1759.96,2026-07-05 02:35:00,1755.190538164028,1767.1141927539584,2026-07-05 05:35:00,1759.96,stop_be,0.42278712344640995,0.5632,half,"[{""key"": ""location"", ""weight"": 2.0, ""strength"": 1.0, ""contribution"": 0.2857}, {""key"": ""reclaim"", ""weight"": 2.0, ""strength"": 0.4935, ""contribution"": 0.141}, {""key"": ""discount"", ""weight"": 1.2, ""strength"": 0.5443, ""contribution"": 0.0933}, {""key"": ""session"", ""weight"": 0.8, ""strength"": 0.3, ""contribution"": 0.0343}, {""key"": ""htf_bias"", ""weight"": 1.0, ""strength"": 0.6, ""contribution"": 0.0857}, {""key"": ""fuel"", ""note"": ""excluded: oi unavailable"", ""weight"": 0.0, ""excluded_weight"": 1.5}, {""key"": ""cleared"", ""note"": ""excluded: oi unavailable"", ""weight"": 0.0, ""excluded_weight"": 1.2}, {""key"": ""delta_flip"", ""note"": ""excluded: taker unavailable"", ""weight"": 0.0, ""excluded_weight"": 1.5}, {""key"": ""absorption"", ""note"": ""excluded: taker unavailable"", ""weight"": 0.0, ""excluded_weight"": 1.0}, {""key"": ""cohort"", ""note"": ""excluded: cohort unavailable"", ""weight"": 0.0, ""excluded_weight"": 1.0}]"
M1,ETH,neutral,2026-07-06 08:45:05,asia_low,1763.66,long,1766.69,2026-07-06 08:45:00,1761.1866862211066,1774.9449706683404,2026-07-06 09:20:00,1761.19,stop,-1.191561895879849,0.7222,full,"[{""key"": ""location"", ""weight"": 2.0, ""strength"": 0.6, ""contribution"": 0.1714}, {""key"": ""reclaim"", ""weight"": 2.0, ""strength"": 0.5522, ""contribution"": 0.1578}, {""key"": ""discount"", ""weight"": 1.2, ""strength"": 0.3947, ""contribution"": 0.0677}, {""key"": ""session"", ""weight"": 0.8, ""strength"": 1.0, ""contribution"": 0.1143}, {""key"": ""htf_bias"", ""weight"": 1.0, ""strength"": 0.6, ""contribution"": 0.0857}, {""key"": ""fuel"", ""note"": ""excluded: oi unavailable"", ""weight"": 0.0, ""excluded_weight"": 1.5}, {""key"": ""cleared"", ""note"": ""excluded: oi unavailable"", ""weight"": 0.0, ""excluded_weight"": 1.2}, {""key"": ""delta_flip"", ""note"": ""excluded: taker unavailable"", ""weight"": 0.0, ""excluded_weight"": 1.5}, {""key"": ""absorption"", ""note"": ""excluded: taker unavailable"", ""weight"": 0.0, ""excluded_weight"": 1.0}, {""key"": ""cohort"", ""note"": ""excluded: cohort unavailable"", ""weight"": 0.0, ""excluded_weight"": 1.0}]"
M1,ETH,neutral,2026-07-06 13:15:05,london_low,1734.5,long,1736.21,2026-07-06 13:15:00,1729.8561110540356,1741.3,2026-07-06 13:35:00,1729.86,stop,-1.1628891475500358,0.7244,full,"[{""key"": ""location"", ""weight"": 2.0, ""strength"": 0.6, ""contribution"": 0.1714}, {""key"": ""reclaim"", ""weight"": 2.0, ""strength"": 0.3752, ""contribution"": 0.1072}, {""key"": ""discount"", ""weight"": 1.2, ""strength"": 0.7003, ""contribution"": 0.12}, {""key"": ""session"", ""weight"": 0.8, ""strength"": 1.0, ""contribution"": 0.1143}, {""key"": ""htf_bias"", ""weight"": 1.0, ""strength"": 0.6, ""contribution"": 0.0857}, {""key"": ""fuel"", ""note"": ""excluded: oi unavailable"", ""weight"": 0.0, ""excluded_weight"": 1.5}, {""key"": ""cleared"", ""note"": ""excluded: oi unavailable"", ""weight"": 0.0, ""excluded_weight"": 1.2}, {""key"": ""delta_flip"", ""note"": ""excluded: taker unavailable"", ""weight"": 0.0, ""excluded_weight"": 1.5}, {""key"": ""absorption"", ""note"": ""excluded: taker unavailable"", ""weight"": 0.0, ""excluded_weight"": 1.0}, {""key"": ""cohort"", ""note"": ""excluded: cohort unavailable"", ""weight"": 0.0, ""excluded_weight"": 1.0}]"
M1,ETH,neutral,2026-07-06 16:30:05,asia_high,1798.4,short,1794.64,2026-07-06 16:35:00,1806.389384217168,1785.07,2026-07-06 19:00:05,1791.91,dead_trade,0.1407512694355855,0.6016,half,"[{""key"": ""location"", ""weight"": 2.0, ""strength"": 0.6, ""contribution"": 0.1714}, {""key"": ""reclaim"", ""weight"": 2.0, ""strength"": 0.5813, ""contribution"": 0.1661}, {""key"": ""discount"", ""weight"": 1.2, ""strength"": 0.3217, ""contribution"": 0.0551}, {""key"": ""session"", ""weight"": 0.8, ""strength"": 0.6, ""contribution"": 0.0686}, {""key"": ""htf_bias"", ""weight"": 1.0, ""strength"": 0.6, ""contribution"": 0.0857}, {""key"": ""fuel"", ""note"": ""excluded: oi unavailable"", ""weight"": 0.0, ""excluded_weight"": 1.5}, {""key"": ""cleared"", ""note"": ""excluded: oi unavailable"", ""weight"": 0.0, ""excluded_weight"": 1.2}, {""key"": ""delta_flip"", ""note"": ""excluded: taker unavailable"", ""weight"": 0.0, ""excluded_weight"": 1.5}, {""key"": ""absorption"", ""note"": ""excluded: taker unavailable"", ""weight"": 0.0, ""excluded_weight"": 1.0}, {""key"": ""cohort"", ""note"": ""excluded: cohort unavailable"", ""weight"": 0.0, ""excluded_weight"": 1.0}]"
M1,ETH,neutral,2026-07-13 00:15:05,4h_ob_top,1844.55,short,1825.66,2026-07-13 00:15:00,1849.1832525188577,1805.92,2026-07-13 03:40:00,1778.26,target,1.5213094287946805,0.6521,half,"[{""key"": ""location"", ""weight"": 2.0, ""strength"": 1.0, ""contribution"": 0.2857}, {""key"": ""reclaim"", ""weight"": 2.0, ""strength"": 0.8807, ""contribution"": 0.2516}, {""key"": ""discount"", ""weight"": 1.2, ""strength"": 0.7379, ""contribution"": 0.1265}, {""key"": ""session"", ""weight"": 0.8, ""strength"": 0.3, ""contribution"": 0.0343}, {""key"": ""htf_bias"", ""weight"": 1.0, ""strength"": 0.3, ""contribution"": 0.0429}, {""key"": ""fuel"", ""note"": ""excluded: oi unavailable"", ""weight"": 0.0, ""excluded_weight"": 1.5}, {""key"": ""cleared"", ""note"": ""excluded: oi unavailable"", ""weight"": 0.0, ""excluded_weight"": 1.2}, {""key"": ""delta_flip"", ""note"": ""excluded: taker unavailable"", ""weight"": 0.0, ""excluded_weight"": 1.5}, {""key"": ""absorption"", ""note"": ""excluded: taker unavailable"", ""weight"": 0.0, ""excluded_weight"": 1.0}, {""key"": ""cohort"", ""note"": ""excluded: cohort unavailable"", ""weight"": 0.0, ""excluded_weight"": 1.0}]"
M1,ETH,neutral,2026-07-13 03:45:05,pdl,1778.26,long,,,,,,,no_trade (no open trade found),,0.7824,full,"[{""key"": ""location"", ""weight"": 2.0, ""strength"": 1.0, ""contribution"": 0.2857}, {""key"": ""reclaim"", ""weight"": 2.0, ""strength"": 0.8967, ""contribution"": 0.2562}, {""key"": ""discount"", ""weight"": 1.2, ""strength"": 0.9921, ""contribution"": 0.1701}, {""key"": ""session"", ""weight"": 0.8, ""strength"": 0.3, ""contribution"": 0.0343}, {""key"": ""htf_bias"", ""weight"": 1.0, ""strength"": 1.0, ""contribution"": 0.1429}, {""key"": ""fuel"", ""note"": ""excluded: oi unavailable"", ""weight"": 0.0, ""excluded_weight"": 1.5}, {""key"": ""cleared"", ""note"": ""excluded: oi unavailable"", ""weight"": 0.0, ""excluded_weight"": 1.2}, {""key"": ""delta_flip"", ""note"": ""excluded: taker unavailable"", ""weight"": 0.0, ""excluded_weight"": 1.5}, {""key"": ""absorption"", ""note"": ""excluded: taker unavailable"", ""weight"": 0.0, ""excluded_weight"": 1.0}, {""key"": ""cohort"", ""note"": ""excluded: cohort unavailable"", ""weight"": 0.0, ""excluded_weight"": 1.0}]"
M1,ETH,neutral,2026-07-13 12:45:05,equal_lows_1h,1767.875,long,1771.83,2026-07-13 12:45:00,1765.2239180203633,1778.26,2026-07-13 13:20:00,1765.22,stop,-1.1601918602167027,0.6721,half,"[{""key"": ""location"", ""weight"": 2.0, ""strength"": 0.8, ""contribution"": 0.2286}, {""key"": ""reclaim"", ""weight"": 2.0, ""strength"": 0.3961, ""contribution"": 0.1132}, {""key"": ""discount"", ""weight"": 1.2, ""strength"": 0.3374, ""contribution"": 0.0578}, {""key"": ""session"", ""weight"": 0.8, ""strength"": 0.6, ""contribution"": 0.0686}, {""key"": ""htf_bias"", ""weight"": 1.0, ""strength"": 1.0, ""contribution"": 0.1429}, {""key"": ""fuel"", ""note"": ""excluded: oi unavailable"", ""weight"": 0.0, ""excluded_weight"": 1.5}, {""key"": ""cleared"", ""note"": ""excluded: oi unavailable"", ""weight"": 0.0, ""excluded_weight"": 1.2}, {""key"": ""delta_flip"", ""note"": ""excluded: taker unavailable"", ""weight"": 0.0, ""excluded_weight"": 1.5}, {""key"": ""absorption"", ""note"": ""excluded: taker unavailable"", ""weight"": 0.0, ""excluded_weight"": 1.0}, {""key"": ""cohort"", ""note"": ""excluded: cohort unavailable"", ""weight"": 0.0, ""excluded_weight"": 1.0}]"
M1,ETH,neutral,2026-07-14 12:45:05,equal_highs_1h,1829.025,short,1816.01,2026-07-14 12:45:00,1833.1495409106917,1805.92,2026-07-14 12:50:00,1833.15,stop,-1.0637391280992112,0.7521,full,"[{""key"": ""location"", ""weight"": 2.0, ""strength"": 0.8, ""contribution"": 0.2286}, {""key"": ""reclaim"", ""weight"": 2.0, ""strength"": 0.8826, ""contribution"": 0.2522}, {""key"": ""discount"", ""weight"": 1.2, ""strength"": 0.5338, ""contribution"": 0.0915}, {""key"": ""session"", ""weight"": 0.8, ""strength"": 0.6, ""contribution"": 0.0686}, {""key"": ""htf_bias"", ""weight"": 1.0, ""strength"": 0.3, ""contribution"": 0.0429}, {""key"": ""fuel"", ""note"": ""excluded: oi unavailable"", ""weight"": 0.0, ""excluded_weight"": 1.5}, {""key"": ""cleared"", ""note"": ""excluded: oi unavailable"", ""weight"": 0.0, ""excluded_weight"": 1.2}, {""key"": ""delta_flip"", ""note"": ""excluded: taker unavailable"", ""weight"": 0.0, ""excluded_weight"": 1.5}, {""key"": ""absorption"", ""note"": ""excluded: taker unavailable"", ""weight"": 0.0, ""excluded_weight"": 1.0}, {""key"": ""cohort"", ""note"": ""excluded: cohort unavailable"", ""weight"": 0.0, ""excluded_weight"": 1.0}]"
M1,ETH,neutral,2026-07-16 12:45:05,4h_ob_bottom,1869.13,long,1874.76,2026-07-16 12:45:00,1865.471157097432,1888.6807643538525,2026-07-16 14:50:00,1874.76,stop_be,0.502764398823321,0.7955,full,"[{""key"": ""location"", ""weight"": 2.0, ""strength"": 1.0, ""contribution"": 0.2857}, {""key"": ""reclaim"", ""weight"": 2.0, ""strength"": 0.9271, ""contribution"": 0.2649}, {""key"": ""discount"", ""weight"": 1.2, ""strength"": 0.8283, ""contribution"": 0.142}, {""key"": ""session"", ""weight"": 0.8, ""strength"": 0.6, ""contribution"": 0.0686}, {""key"": ""htf_bias"", ""weight"": 1.0, ""strength"": 1.0, ""contribution"": 0.1429}, {""key"": ""fuel"", ""note"": ""excluded: oi unavailable"", ""weight"": 0.0, ""excluded_weight"": 1.5}, {""key"": ""cleared"", ""note"": ""excluded: oi unavailable"", ""weight"": 0.0, ""excluded_weight"": 1.2}, {""key"": ""delta_flip"", ""note"": ""excluded: taker unavailable"", ""weight"": 0.0, ""excluded_weight"": 1.5}, {""key"": ""absorption"", ""note"": ""excluded: taker unavailable"", ""weight"": 0.0, ""excluded_weight"": 1.0}, {""key"": ""cohort"", ""note"": ""excluded: cohort unavailable"", ""weight"": 0.0, ""excluded_weight"": 1.0}]"
M1,ETH,neutral,2026-07-17 13:45:05,4h_fvg_bottom,1804.53,long,1810.21,2026-07-17 13:45:00,1801.425646614699,1819.9,2026-07-17 15:05:00,1810.21,stop_be,0.34206359309980094,0.9023,full,"[{""key"": ""location"", ""weight"": 2.0, ""strength"": 1.0, ""contribution"": 0.2857}, {""key"": ""reclaim"", ""weight"": 2.0, ""strength"": 0.4781, ""contribution"": 0.1366}, {""key"": ""discount"", ""weight"": 1.2, ""strength"": 0.3864, ""contribution"": 0.0662}, {""key"": ""session"", ""weight"": 0.8, ""strength"": 1.0, ""contribution"": 0.1143}, {""key"": ""htf_bias"", ""weight"": 1.0, ""strength"": 1.0, ""contribution"": 0.1429}, {""key"": ""fuel"", ""note"": ""excluded: oi unavailable"", ""weight"": 0.0, ""excluded_weight"": 1.5}, {""key"": ""cleared"", ""note"": ""excluded: oi unavailable"", ""weight"": 0.0, ""excluded_weight"": 1.2}, {""key"": ""delta_flip"", ""note"": ""excluded: taker unavailable"", ""weight"": 0.0, ""excluded_weight"": 1.5}, {""key"": ""absorption"", ""note"": ""excluded: taker unavailable"", ""weight"": 0.0, ""excluded_weight"": 1.0}, {""key"": ""cohort"", ""note"": ""excluded: cohort unavailable"", ""weight"": 0.0, ""excluded_weight"": 1.0}]"
M1,ETH,neutral,2026-07-22 16:45:05,pdh,1953.64,short,1947.01,2026-07-22 16:45:00,1957.1900385774309,1943.98,2026-07-22 18:40:00,1927.66,target,1.202335355303622,0.5596,half,"[{""key"": ""location"", ""weight"": 2.0, ""strength"": 0.8, ""contribution"": 0.2286}, {""key"": ""reclaim"", ""weight"": 2.0, ""strength"": 0.6695, ""contribution"": 0.1913}, {""key"": ""discount"", ""weight"": 1.2, ""strength"": 0.8606, ""contribution"": 0.1475}, {""key"": ""session"", ""weight"": 0.8, ""strength"": 0.6, ""contribution"": 0.0686}, {""key"": ""htf_bias"", ""weight"": 1.0, ""strength"": 0.0, ""contribution"": 0.0}, {""key"": ""fuel"", ""note"": ""excluded: oi unavailable"", ""weight"": 0.0, ""excluded_weight"": 1.5}, {""key"": ""cleared"", ""note"": ""excluded: oi unavailable"", ""weight"": 0.0, ""excluded_weight"": 1.2}, {""key"": ""delta_flip"", ""note"": ""excluded: taker unavailable"", ""weight"": 0.0, ""excluded_weight"": 1.5}, {""key"": ""absorption"", ""note"": ""excluded: taker unavailable"", ""weight"": 0.0, ""excluded_weight"": 1.0}, {""key"": ""cohort"", ""note"": ""excluded: cohort unavailable"", ""weight"": 0.0, ""excluded_weight"": 1.0}]"
M1,ETH,neutral,2026-07-23 07:15:05,4h_ob_bottom,1913.26,long,1918.41,2026-07-23 07:15:00,1911.6483242186032,1924.4,2026-07-23 07:50:00,1911.65,stop,-1.1703986184705168,1.0125,full,"[{""key"": ""location"", ""weight"": 2.0, ""strength"": 1.0, ""contribution"": 0.2857}, {""key"": ""reclaim"", ""weight"": 2.0, ""strength"": 0.6076, ""contribution"": 0.1736}, {""key"": ""discount"", ""weight"": 1.2, ""strength"": 0.7018, ""contribution"": 0.1203}, {""key"": ""session"", ""weight"": 0.8, ""strength"": 1.0, ""contribution"": 0.1143}, {""key"": ""htf_bias"", ""weight"": 1.0, ""strength"": 1.0, ""contribution"": 0.1429}, {""key"": ""fuel"", ""note"": ""excluded: oi unavailable"", ""weight"": 0.0, ""excluded_weight"": 1.5}, {""key"": ""cleared"", ""note"": ""excluded: oi unavailable"", ""weight"": 0.0, ""excluded_weight"": 1.2}, {""key"": ""delta_flip"", ""note"": ""excluded: taker unavailable"", ""weight"": 0.0, ""excluded_weight"": 1.5}, {""key"": ""absorption"", ""note"": ""excluded: taker unavailable"", ""weight"": 0.0, ""excluded_weight"": 1.0}, {""key"": ""cohort"", ""note"": ""excluded: cohort unavailable"", ""weight"": 0.0, ""excluded_weight"": 1.0}]"
M1,ETH,neutral,2026-07-23 08:00:05,4h_ob_bottom,1913.26,long,,,,,,,no_trade (no open trade found),,0.8008,full,"[{""key"": ""location"", ""weight"": 2.0, ""strength"": 1.0, ""contribution"": 0.2857}, {""key"": ""reclaim"", ""weight"": 2.0, ""strength"": 0.5239, ""contribution"": 0.1497}, {""key"": ""discount"", ""weight"": 1.2, ""strength"": 0.786, ""contribution"": 0.1347}, {""key"": ""session"", ""weight"": 0.8, ""strength"": 1.0, ""contribution"": 0.1143}, {""key"": ""htf_bias"", ""weight"": 1.0, ""strength"": 1.0, ""contribution"": 0.1429}, {""key"": ""fuel"", ""note"": ""excluded: oi unavailable"", ""weight"": 0.0, ""excluded_weight"": 1.5}, {""key"": ""cleared"", ""note"": ""excluded: oi unavailable"", ""weight"": 0.0, ""excluded_weight"": 1.2}, {""key"": ""delta_flip"", ""note"": ""excluded: taker unavailable"", ""weight"": 0.0, ""excluded_weight"": 1.5}, {""key"": ""absorption"", ""note"": ""excluded: taker unavailable"", ""weight"": 0.0, ""excluded_weight"": 1.0}, {""key"": ""cohort"", ""note"": ""excluded: cohort unavailable"", ""weight"": 0.0, ""excluded_weight"": 1.0}]"
M1,ETH,neutral,2026-07-24 13:15:05,equal_lows_1h,1857.755,long,1865.31,2026-07-24 13:15:00,1855.01063931838,1868.18,2026-07-24 13:35:00,1865.31,stop_be,0.02452595239360906,0.9861,full,"[{""key"": ""location"", ""weight"": 2.0, ""strength"": 1.0, ""contribution"": 0.2857}, {""key"": ""reclaim"", ""weight"": 2.0, ""strength"": 0.3943, ""contribution"": 0.1126}, {""key"": ""discount"", ""weight"": 1.2, ""strength"": 0.9303, ""contribution"": 0.1595}, {""key"": ""session"", ""weight"": 0.8, ""strength"": 1.0, ""contribution"": 0.1143}, {""key"": ""htf_bias"", ""weight"": 1.0, ""strength"": 1.0, ""contribution"": 0.1429}, {""key"": ""fuel"", ""note"": ""excluded: oi unavailable"", ""weight"": 0.0, ""excluded_weight"": 1.5}, {""key"": ""cleared"", ""note"": ""excluded: oi unavailable"", ""weight"": 0.0, ""excluded_weight"": 1.2}, {""key"": ""delta_flip"", ""note"": ""excluded: taker unavailable"", ""weight"": 0.0, ""excluded_weight"": 1.5}, {""key"": ""absorption"", ""note"": ""excluded: taker unavailable"", ""weight"": 0.0, ""excluded_weight"": 1.0}, {""key"": ""cohort"", ""note"": ""excluded: cohort unavailable"", ""weight"": 0.0, ""excluded_weight"": 1.0}]"
M1,ETH,neutral,2026-07-27 22:45:05,4h_ob_bottom,1913.42,long,1920.69,2026-07-27 22:45:00,1909.834668201424,1935.29,2026-07-27 22:50:00,1909.83,stop,-1.1066506741827,0.551,half,"[{""key"": ""location"", ""weight"": 2.0, ""strength"": 1.0, ""contribution"": 0.2857}, {""key"": ""reclaim"", ""weight"": 2.0, ""strength"": 0.9424, ""contribution"": 0.2693}, {""key"": ""discount"", ""weight"": 1.2, ""strength"": 0.0366, ""contribution"": 0.0063}, {""key"": ""session"", ""weight"": 0.8, ""strength"": 0.1, ""contribution"": 0.0114}, {""key"": ""htf_bias"", ""weight"": 1.0, ""strength"": 1.0, ""contribution"": 0.1429}, {""key"": ""fuel"", ""note"": ""excluded: oi unavailable"", ""weight"": 0.0, ""excluded_weight"": 1.5}, {""key"": ""cleared"", ""note"": ""excluded: oi unavailable"", ""weight"": 0.0, ""excluded_weight"": 1.2}, {""key"": ""delta_flip"", ""note"": ""excluded: taker unavailable"", ""weight"": 0.0, ""excluded_weight"": 1.5}, {""key"": ""absorption"", ""note"": ""excluded: taker unavailable"", ""weight"": 0.0, ""excluded_weight"": 1.0}, {""key"": ""cohort"", ""note"": ""excluded: cohort unavailable"", ""weight"": 0.0, ""excluded_weight"": 1.0}]"
M1,ETH,neutral,2026-07-29 20:00:05,asia_low,1883.38,long,1890.81,2026-07-29 20:00:00,1879.116165730247,1902.07,2026-07-29 20:05:00,1879.12,stop,-1.0957694762070282,0.7191,full,"[{""key"": ""location"", ""weight"": 2.0, ""strength"": 0.6, ""contribution"": 0.1714}, {""key"": ""reclaim"", ""weight"": 2.0, ""strength"": 0.4673, ""contribution"": 0.1335}, {""key"": ""discount"", ""weight"": 1.2, ""strength"": 0.801, ""contribution"": 0.1373}, {""key"": ""session"", ""weight"": 0.8, ""strength"": 0.6, ""contribution"": 0.0686}, {""key"": ""htf_bias"", ""weight"": 1.0, ""strength"": 1.0, ""contribution"": 0.1429}, {""key"": ""fuel"", ""note"": ""excluded: oi unavailable"", ""weight"": 0.0, ""excluded_weight"": 1.5}, {""key"": ""cleared"", ""note"": ""excluded: oi unavailable"", ""weight"": 0.0, ""excluded_weight"": 1.2}, {""key"": ""delta_flip"", ""note"": ""excluded: taker unavailable"", ""weight"": 0.0, ""excluded_weight"": 1.5}, {""key"": ""absorption"", ""note"": ""excluded: taker unavailable"", ""weight"": 0.0, ""excluded_weight"": 1.0}, {""key"": ""cohort"", ""note"": ""excluded: cohort unavailable"", ""weight"": 0.0, ""excluded_weight"": 1.0}]"
M1,ETH,neutral,2026-08-01 18:30:05,equal_lows_4h,1850.605,long,1855.12,2026-08-01 18:30:00,1849.455156067724,1856.91,2026-08-01 18:35:00,1849.46,stop,-1.1951829707830364,0.7709,full,"[{""key"": ""location"", ""weight"": 2.0, ""strength"": 1.0, ""contribution"": 0.2857}, {""key"": ""reclaim"", ""weight"": 2.0, ""strength"": 0.8004, ""contribution"": 0.2287}, {""key"": ""discount"", ""weight"": 1.2, ""strength"": 0.8764, ""contribution"": 0.1502}, {""key"": ""session"", ""weight"": 0.8, ""strength"": 0.6, ""contribution"": 0.0686}, {""key"": ""htf_bias"", ""weight"": 1.0, ""strength"": 1.0, ""contribution"": 0.1429}, {""key"": ""fuel"", ""note"": ""excluded: oi unavailable"", ""weight"": 0.0, ""excluded_weight"": 1.5}, {""key"": ""cleared"", ""note"": ""excluded: oi unavailable"", ""weight"": 0.0, ""excluded_weight"": 1.2}, {""key"": ""delta_flip"", ""note"": ""excluded: taker unavailable"", ""weight"": 0.0, ""excluded_weight"": 1.5}, {""key"": ""absorption"", ""note"": ""excluded: taker unavailable"", ""weight"": 0.0, ""excluded_weight"": 1.0}, {""key"": ""cohort"", ""note"": ""excluded: cohort unavailable"", ""weight"": 0.0, ""excluded_weight"": 1.0}]"
M1,ETH,neutral,2026-08-02 18:45:05,asia_high,1885.0,short,1877.5,2026-08-02 18:45:00,1887.7095441151423,1874.44,2026-08-02 19:05:00,1877.5,stop_be,0.0316354576029447,0.5769,half,"[{""key"": ""location"", ""weight"": 2.0, ""strength"": 0.6, ""contribution"": 0.1714}, {""key"": ""reclaim"", ""weight"": 2.0, ""strength"": 0.6342, ""contribution"": 0.1812}, {""key"": ""discount"", ""weight"": 1.2, ""strength"": 0.8671, ""contribution"": 0.1486}, {""key"": ""session"", ""weight"": 0.8, ""strength"": 0.6, ""contribution"": 0.0686}, {""key"": ""htf_bias"", ""weight"": 1.0, ""strength"": 0.6, ""contribution"": 0.0857}, {""key"": ""fuel"", ""note"": ""excluded: oi unavailable"", ""weight"": 0.0, ""excluded_weight"": 1.5}, {""key"": ""cleared"", ""note"": ""excluded: oi unavailable"", ""weight"": 0.0, ""excluded_weight"": 1.2}, {""key"": ""delta_flip"", ""note"": ""excluded: taker unavailable"", ""weight"": 0.0, ""excluded_weight"": 1.5}, {""key"": ""absorption"", ""note"": ""excluded: taker unavailable"", ""weight"": 0.0, ""excluded_weight"": 1.0}, {""key"": ""cohort"", ""note"": ""excluded: cohort unavailable"", ""weight"": 0.0, ""excluded_weight"": 1.0}]"
M1,ETH,neutral,2026-08-05 02:15:05,equal_highs_1h,1876.7350000000001,short,1874.97,2026-08-05 02:15:00,1878.2207702913809,1870.1063445629284,2026-08-05 03:25:00,1869.19,target,1.4948017754178853,0.5898,half,"[{""key"": ""location"", ""weight"": 2.0, ""strength"": 0.8, ""contribution"": 0.2286}, {""key"": ""reclaim"", ""weight"": 2.0, ""strength"": 0.7273, ""contribution"": 0.2078}, {""key"": ""discount"", ""weight"": 1.2, ""strength"": 0.6645, ""contribution"": 0.1139}, {""key"": ""session"", ""weight"": 0.8, ""strength"": 0.3, ""contribution"": 0.0343}, {""key"": ""htf_bias"", ""weight"": 1.0, ""strength"": 0.6, ""contribution"": 0.0857}, {""key"": ""fuel"", ""note"": ""excluded: oi unavailable"", ""weight"": 0.0, ""excluded_weight"": 1.5}, {""key"": ""cleared"", ""note"": ""excluded: oi unavailable"", ""weight"": 0.0, ""excluded_weight"": 1.2}, {""key"": ""delta_flip"", ""note"": ""excluded: taker unavailable"", ""weight"": 0.0, ""excluded_weight"": 1.5}, {""key"": ""absorption"", ""note"": ""excluded: taker unavailable"", ""weight"": 0.0, ""excluded_weight"": 1.0}, {""key"": ""cohort"", ""note"": ""excluded: cohort unavailable"", ""weight"": 0.0, ""excluded_weight"": 1.0}]"
M1,ETH,neutral,2026-08-07 12:15:05,equal_highs_4h,1935.7849999999999,short,1926.62,2026-08-07 12:15:00,1938.5044836729237,1920.92,2026-08-07 12:35:00,1938.5,stop,-1.097339889465467,0.6942,half,"[{""key"": ""location"", ""weight"": 2.0, ""strength"": 1.0, ""contribution"": 0.2062}, {""key"": ""reclaim"", ""weight"": 2.0, ""strength"": 0.9897, ""contribution"": 0.2041}, {""key"": ""fuel"", ""weight"": 1.5, ""strength"": 0.0275, ""contribution"": 0.0043}, {""key"": ""cleared"", ""weight"": 1.2, ""strength"": 0.0, ""contribution"": 0.0}, {""key"": ""discount"", ""weight"": 1.2, ""strength"": 0.851, ""contribution"": 0.1053}, {""key"": ""session"", ""weight"": 0.8, ""strength"": 0.6, ""contribution"": 0.0495}, {""key"": ""htf_bias"", ""weight"": 1.0, ""strength"": 0.6, ""contribution"": 0.0619}, {""key"": ""delta_flip"", ""note"": ""excluded: taker unavailable"", ""weight"": 0.0, ""excluded_weight"": 1.5}, {""key"": ""absorption"", ""note"": ""excluded: taker unavailable"", ""weight"": 0.0, ""excluded_weight"": 1.0}, {""key"": ""cohort"", ""note"": ""excluded: cohort unavailable"", ""weight"": 0.0, ""excluded_weight"": 1.0}]"
M1,ETH,neutral,2026-08-11 07:30:05,asia_low,1870.3,long,1871.21,2026-08-11 07:30:00,1869.275996103547,1872.3,2026-08-11 09:55:00,1879.84,target,2.6053557237510496,0.555,half,"[{""key"": ""location"", ""weight"": 2.0, ""strength"": 0.6, ""contribution"": 0.1237}, {""key"": ""reclaim"", ""weight"": 2.0, ""strength"": 0.5492, ""contribution"": 0.1132}, {""key"": ""fuel"", ""weight"": 1.5, ""strength"": 0.0, ""contribution"": 0.0}, {""key"": ""cleared"", ""weight"": 1.2, ""strength"": 0.0072, ""contribution"": 0.0009}, {""key"": ""discount"", ""weight"": 1.2, ""strength"": 0.8686, ""contribution"": 0.1075}, {""key"": ""session"", ""weight"": 0.8, ""strength"": 1.0, ""contribution"": 0.0825}, {""key"": ""htf_bias"", ""weight"": 1.0, ""strength"": 0.3, ""contribution"": 0.0309}, {""key"": ""delta_flip"", ""note"": ""excluded: taker unavailable"", ""weight"": 0.0, ""excluded_weight"": 1.5}, {""key"": ""absorption"", ""note"": ""excluded: taker unavailable"", ""weight"": 0.0, ""excluded_weight"": 1.0}, {""key"": ""cohort"", ""note"": ""excluded: cohort unavailable"", ""weight"": 0.0, ""excluded_weight"": 1.0}]"
M1,ETH,neutral,2026-08-11 15:45:05,equal_lows_4h,1855.165,long,1864.44,2026-08-11 15:45:00,1851.1587410876057,1866.14,2026-08-11 16:29:59,1864.44,stop_be,-0.01618463116049753,0.8612,full,"[{""key"": ""location"", ""weight"": 2.0, ""strength"": 1.0, ""contribution"": 0.2062}, {""key"": ""reclaim"", ""weight"": 2.0, ""strength"": 0.8241, ""contribution"": 0.1699}, {""key"": ""fuel"", ""weight"": 1.5, ""strength"": 0.588, ""contribution"": 0.0909}, {""key"": ""cleared"", ""weight"": 1.2, ""strength"": 1.0, ""contribution"": 0.1237}, {""key"": ""discount"", ""weight"": 1.2, ""strength"": 0.9031, ""contribution"": 0.1117}, {""key"": ""session"", ""weight"": 0.8, ""strength"": 0.6, ""contribution"": 0.0495}, {""key"": ""htf_bias"", ""weight"": 1.0, ""strength"": 0.3, ""contribution"": 0.0309}, {""key"": ""delta_flip"", ""note"": ""excluded: taker unavailable"", ""weight"": 0.0, ""excluded_weight"": 1.5}, {""key"": ""absorption"", ""note"": ""excluded: taker unavailable"", ""weight"": 0.0, ""excluded_weight"": 1.0}, {""key"": ""cohort"", ""note"": ""excluded: cohort unavailable"", ""weight"": 0.0, ""excluded_weight"": 1.0}]"
M1,ETH,neutral,2026-08-12 12:30:05,equal_highs_1h,1923.08,short,1919.03,2026-08-12 12:30:00,1925.684596132533,1909.56,2026-08-12 14:10:00,1889.07,target,3.182108220718796,0.6405,half,"[{""key"": ""location"", ""weight"": 2.0, ""strength"": 0.8, ""contribution"": 0.1649}, {""key"": ""reclaim"", ""weight"": 2.0, ""strength"": 0.7347, ""contribution"": 0.1515}, {""key"": ""fuel"", ""weight"": 1.5, ""strength"": 0.0674, ""contribution"": 0.0104}, {""key"": ""cleared"", ""weight"": 1.2, ""strength"": 0.2018, ""contribution"": 0.025}, {""key"": ""discount"", ""weight"": 1.2, ""strength"": 0.6295, ""contribution"": 0.0779}, {""key"": ""session"", ""weight"": 0.8, ""strength"": 0.6, ""contribution"": 0.0495}, {""key"": ""htf_bias"", ""weight"": 1.0, ""strength"": 1.0, ""contribution"": 0.1031}, {""key"": ""delta_flip"", ""note"": ""excluded: taker unavailable"", ""weight"": 0.0, ""excluded_weight"": 1.5}, {""key"": ""absorption"", ""note"": ""excluded: taker unavailable"", ""weight"": 0.0, ""excluded_weight"": 1.0}, {""key"": ""cohort"", ""note"": ""excluded: cohort unavailable"", ""weight"": 0.0, ""excluded_weight"": 1.0}]"
M1,ETH,neutral,2026-08-18 14:30:05,pdh,1918.0,short,1907.9,2026-08-18 14:30:00,1920.328610848326,1904.99,2026-08-18 14:35:00,1920.33,stop,-1.092227645344733,0.8218,full,"[{""key"": ""location"", ""weight"": 2.0, ""strength"": 1.0, ""contribution"": 0.2062}, {""key"": ""reclaim"", ""weight"": 2.0, ""strength"": 1.0, ""contribution"": 0.2062}, {""key"": ""fuel"", ""weight"": 1.5, ""strength"": 0.0155, ""contribution"": 0.0024}, {""key"": ""cleared"", ""weight"": 1.2, ""strength"": 0.0, ""contribution"": 0.0}, {""key"": ""discount"", ""weight"": 1.2, ""strength"": 0.9704, ""contribution"": 0.1201}, {""key"": ""session"", ""weight"": 0.8, ""strength"": 1.0, ""contribution"": 0.0825}, {""key"": ""htf_bias"", ""weight"": 1.0, ""strength"": 0.6, ""contribution"": 0.0619}, {""key"": ""delta_flip"", ""note"": ""excluded: taker unavailable"", ""weight"": 0.0, ""excluded_weight"": 1.5}, {""key"": ""absorption"", ""note"": ""excluded: taker unavailable"", ""weight"": 0.0, ""excluded_weight"": 1.0}, {""key"": ""cohort"", ""note"": ""excluded: cohort unavailable"", ""weight"": 0.0, ""excluded_weight"": 1.0}]"
M1,ETH,neutral,2026-08-19 07:30:05,equal_highs_1h,1919.5,short,1918.7,2026-08-19 07:35:00,1920.9557196507965,1917.09,2026-08-19 07:44:59,1918.7,stop_be,-0.12274548386463631,0.7297,full,"[{""key"": ""location"", ""weight"": 2.0, ""strength"": 0.8, ""contribution"": 0.1649}, {""key"": ""reclaim"", ""weight"": 2.0, ""strength"": 1.0, ""contribution"": 0.2062}, {""key"": ""fuel"", ""weight"": 1.5, ""strength"": 0.0, ""contribution"": 0.0}, {""key"": ""cleared"", ""weight"": 1.2, ""strength"": 0.0, ""contribution"": 0.0}, {""key"": ""discount"", ""weight"": 1.2, ""strength"": 0.7082, ""contribution"": 0.0876}, {""key"": ""session"", ""weight"": 0.8, ""strength"": 1.0, ""contribution"": 0.0825}, {""key"": ""htf_bias"", ""weight"": 1.0, ""strength"": 0.6, ""contribution"": 0.0619}, {""key"": ""delta_flip"", ""note"": ""excluded: taker unavailable"", ""weight"": 0.0, ""excluded_weight"": 1.5}, {""key"": ""absorption"", ""note"": ""excluded: taker unavailable"", ""weight"": 0.0, ""excluded_weight"": 1.0}, {""key"": ""cohort"", ""note"": ""excluded: cohort unavailable"", ""weight"": 0.0, ""excluded_weight"": 1.0}]"
M3,BTC,neutral,2026-03-11 10:00:05,4h_fvg,69391.0,long,69347.1,,69289.5618644995,69586.08887934894,2026-03-11 10:45:05,,cancelled:entry_expired,,0.5894,half,"[{""key"": ""location"", ""weight"": 1.8, ""strength"": 1.0, ""contribution"": 0.2169}, {""key"": ""failure_quality"", ""weight"": 1.2, ""strength"": 0.5385, ""contribution"": 0.0779}, {""key"": ""thin_bids"", ""weight"": 1.0, ""strength"": 0.0, ""contribution"": 0.0}, {""key"": ""funding_up"", ""weight"": 0.8, ""strength"": 0.0, ""contribution"": 0.0}, {""key"": ""premium"", ""weight"": 1.0, ""strength"": 0.8077, ""contribution"": 0.0973}, {""key"": ""second_failure"", ""weight"": 1.5, ""strength"": 0.0, ""contribution"": 0.0}, {""key"": ""day_type_fit"", ""weight"": 1.0, ""strength"": 1.0, ""contribution"": 0.1205}, {""key"": ""trap"", ""note"": ""excluded: oi unavailable"", ""weight"": 0.0, ""excluded_weight"": 2.0}, {""key"": ""cvd_divergence"", ""note"": ""excluded: taker unavailable"", ""weight"": 0.0, ""excluded_weight"": 2.0}, {""key"": ""cluster_fuel"", ""note"": ""excluded: oi unavailable"", ""weight"": 0.0, ""excluded_weight"": 1.2}]"
M3,BTC,neutral,2026-03-11 10:15:05,4h_fvg,69391.0,long,,,,,,,"no_trade (trade #389 open at evaluation, its exit_ts 2026-03-11 10:45:05)",,0.5886,half,"[{""key"": ""location"", ""weight"": 1.8, ""strength"": 1.0, ""contribution"": 0.2169}, {""key"": ""failure_quality"", ""weight"": 1.2, ""strength"": 0.5531, ""contribution"": 0.08}, {""key"": ""thin_bids"", ""weight"": 1.0, ""strength"": 0.0, ""contribution"": 0.0}, {""key"": ""funding_up"", ""weight"": 0.8, ""strength"": 0.0, ""contribution"": 0.0}, {""key"": ""premium"", ""weight"": 1.0, ""strength"": 0.7845, ""contribution"": 0.0945}, {""key"": ""second_failure"", ""weight"": 1.5, ""strength"": 0.0, ""contribution"": 0.0}, {""key"": ""day_type_fit"", ""weight"": 1.0, ""strength"": 1.0, ""contribution"": 0.1205}, {""key"": ""trap"", ""note"": ""excluded: oi unavailable"", ""weight"": 0.0, ""excluded_weight"": 2.0}, {""key"": ""cvd_divergence"", ""note"": ""excluded: taker unavailable"", ""weight"": 0.0, ""excluded_weight"": 2.0}, {""key"": ""cluster_fuel"", ""note"": ""excluded: oi unavailable"", ""weight"": 0.0, ""excluded_weight"": 1.2}]"
M3,BTC,neutral,2026-03-11 12:45:05,4h_swing_low,69184.8,long,69146.2,2026-03-11 12:50:00,69081.12131983519,69437.42786776315,2026-03-11 18:50:00,70355.0,time_stop,11.033192299651803,0.6214,half,"[{""key"": ""location"", ""weight"": 1.8, ""strength"": 1.0, ""contribution"": 0.2169}, {""key"": ""failure_quality"", ""weight"": 1.2, ""strength"": 0.5957, ""contribution"": 0.0861}, {""key"": ""thin_bids"", ""weight"": 1.0, ""strength"": 0.0, ""contribution"": 0.0}, {""key"": ""funding_up"", ""weight"": 0.8, ""strength"": 0.0, ""contribution"": 0.0}, {""key"": ""premium"", ""weight"": 1.0, ""strength"": 0.9698, ""contribution"": 0.1168}, {""key"": ""second_failure"", ""weight"": 1.5, ""strength"": 0.0, ""contribution"": 0.0}, {""key"": ""day_type_fit"", ""weight"": 1.0, ""strength"": 1.0, ""contribution"": 0.1205}, {""key"": ""trap"", ""note"": ""excluded: oi unavailable"", ""weight"": 0.0, ""excluded_weight"": 2.0}, {""key"": ""cvd_divergence"", ""note"": ""excluded: taker unavailable"", ""weight"": 0.0, ""excluded_weight"": 2.0}, {""key"": ""cluster_fuel"", ""note"": ""excluded: oi unavailable"", ""weight"": 0.0, ""excluded_weight"": 1.2}]"
M3,BTC,neutral,2026-03-20 13:00:05,4h_swing_low,70256.0,long,70234.2,2026-03-20 13:05:00,70174.00838335883,71803.1,2026-03-20 13:35:00,70174.0,stop,-1.7008952137091378,0.5836,half,"[{""key"": ""location"", ""weight"": 1.8, ""strength"": 1.0, ""contribution"": 0.2169}, {""key"": ""failure_quality"", ""weight"": 1.2, ""strength"": 0.4489, ""contribution"": 0.0649}, {""key"": ""thin_bids"", ""weight"": 1.0, ""strength"": 0.0, ""contribution"": 0.0}, {""key"": ""funding_up"", ""weight"": 0.8, ""strength"": 0.0, ""contribution"": 0.0}, {""key"": ""premium"", ""weight"": 1.0, ""strength"": 0.4908, ""contribution"": 0.0591}, {""key"": ""second_failure"", ""weight"": 1.5, ""strength"": 0.0, ""contribution"": 0.0}, {""key"": ""day_type_fit"", ""weight"": 1.0, ""strength"": 1.0, ""contribution"": 0.1205}, {""key"": ""trap"", ""note"": ""excluded: oi unavailable"", ""weight"": 0.0, ""excluded_weight"": 2.0}, {""key"": ""cvd_divergence"", ""note"": ""excluded: taker unavailable"", ""weight"": 0.0, ""excluded_weight"": 2.0}, {""key"": ""cluster_fuel"", ""note"": ""excluded: oi unavailable"", ""weight"": 0.0, ""excluded_weight"": 1.2}]"
M3,BTC,neutral,2026-03-23 15:15:05,london_high,71468.0,short,71650.0,,71769.28589356178,71264.6791349246,2026-03-23 16:00:05,,cancelled:entry_expired,,0.5882,half,"[{""key"": ""location"", ""weight"": 1.8, ""strength"": 0.6, ""contribution"": 0.1301}, {""key"": ""failure_quality"", ""weight"": 1.2, ""strength"": 0.6525, ""contribution"": 0.0943}, {""key"": ""thin_bids"", ""weight"": 1.0, ""strength"": 0.0, ""contribution"": 0.0}, {""key"": ""funding_up"", ""weight"": 0.8, ""strength"": 0.0, ""contribution"": 0.0}, {""key"": ""premium"", ""weight"": 1.0, ""strength"": 0.9965, ""contribution"": 0.1201}, {""key"": ""second_failure"", ""weight"": 1.5, ""strength"": 0.0, ""contribution"": 0.0}, {""key"": ""day_type_fit"", ""weight"": 1.0, ""strength"": 1.0, ""contribution"": 0.1205}, {""key"": ""trap"", ""note"": ""excluded: oi unavailable"", ""weight"": 0.0, ""excluded_weight"": 2.0}, {""key"": ""cvd_divergence"", ""note"": ""excluded: taker unavailable"", ""weight"": 0.0, ""excluded_weight"": 2.0}, {""key"": ""cluster_fuel"", ""note"": ""excluded: oi unavailable"", ""weight"": 0.0, ""excluded_weight"": 1.2}]"
M3,BTC,neutral,2026-04-01 15:15:05,4h_swing_high,68600.0,short,68628.1,2026-04-01 15:20:00,68700.62014133876,68303.72413067809,2026-04-01 15:20:00,68700.6,stop,-1.5676808232064416,0.677,half,"[{""key"": ""location"", ""weight"": 1.8, ""strength"": 1.0, ""contribution"": 0.2169}, {""key"": ""failure_quality"", ""weight"": 1.2, ""strength"": 0.6266, ""contribution"": 0.0906}, {""key"": ""thin_bids"", ""weight"": 1.0, ""strength"": 0.0, ""contribution"": 0.0}, {""key"": ""funding_up"", ""weight"": 0.8, ""strength"": 0.0, ""contribution"": 0.0}, {""key"": ""premium"", ""weight"": 1.0, ""strength"": 0.8903, ""contribution"": 0.1073}, {""key"": ""second_failure"", ""weight"": 1.5, ""strength"": 0.0, ""contribution"": 0.0}, {""key"": ""day_type_fit"", ""weight"": 1.0, ""strength"": 1.0, ""contribution"": 0.1205}, {""key"": ""trap"", ""note"": ""excluded: oi unavailable"", ""weight"": 0.0, ""excluded_weight"": 2.0}, {""key"": ""cvd_divergence"", ""note"": ""excluded: taker unavailable"", ""weight"": 0.0, ""excluded_weight"": 2.0}, {""key"": ""cluster_fuel"", ""note"": ""excluded: oi unavailable"", ""weight"": 0.0, ""excluded_weight"": 1.2}]"
M3,BTC,neutral,2026-04-02 11:15:05,4h_swing_low,66200.1,long,66210.4,2026-04-02 11:20:00,66163.67463773543,66505.41686717817,2026-04-02 11:20:00,66163.7,stop,-1.849864937001774,0.6434,half,"[{""key"": ""location"", ""weight"": 1.8, ""strength"": 1.0, ""contribution"": 0.2169}, {""key"": ""failure_quality"", ""weight"": 1.2, ""strength"": 0.8671, ""contribution"": 0.1254}, {""key"": ""thin_bids"", ""weight"": 1.0, ""strength"": 0.0, ""contribution"": 0.0}, {""key"": ""funding_up"", ""weight"": 0.8, ""strength"": 0.0, ""contribution"": 0.0}, {""key"": ""premium"", ""weight"": 1.0, ""strength"": 0.8032, ""contribution"": 0.0968}, {""key"": ""second_failure"", ""weight"": 1.5, ""strength"": 0.0, ""contribution"": 0.0}, {""key"": ""day_type_fit"", ""weight"": 1.0, ""strength"": 1.0, ""contribution"": 0.1205}, {""key"": ""trap"", ""note"": ""excluded: oi unavailable"", ""weight"": 0.0, ""excluded_weight"": 2.0}, {""key"": ""cvd_divergence"", ""note"": ""excluded: taker unavailable"", ""weight"": 0.0, ""excluded_weight"": 2.0}, {""key"": ""cluster_fuel"", ""note"": ""excluded: oi unavailable"", ""weight"": 0.0, ""excluded_weight"": 1.2}]"
M3,BTC,neutral,2026-05-12 16:30:05,4h_swing_low,80225.1,long,80156.7,2026-05-12 16:50:00,80095.73782536315,80495.37485376574,2026-05-12 16:50:00,80095.7,stop,-1.7898263068313018,0.6064,half,"[{""key"": ""location"", ""weight"": 1.8, ""strength"": 1.0, ""contribution"": 0.2169}, {""key"": ""failure_quality"", ""weight"": 1.2, ""strength"": 1.0, ""contribution"": 0.1446}, {""key"": ""thin_bids"", ""weight"": 1.0, ""strength"": 0.0, ""contribution"": 0.0}, {""key"": ""funding_up"", ""weight"": 0.8, ""strength"": 0.0, ""contribution"": 0.0}, {""key"": ""premium"", ""weight"": 1.0, ""strength"": 0.9734, ""contribution"": 0.1173}, {""key"": ""second_failure"", ""weight"": 1.5, ""strength"": 0.0, ""contribution"": 0.0}, {""key"": ""day_type_fit"", ""weight"": 1.0, ""strength"": 1.0, ""contribution"": 0.1205}, {""key"": ""trap"", ""note"": ""excluded: oi unavailable"", ""weight"": 0.0, ""excluded_weight"": 2.0}, {""key"": ""cvd_divergence"", ""note"": ""excluded: taker unavailable"", ""weight"": 0.0, ""excluded_weight"": 2.0}, {""key"": ""cluster_fuel"", ""note"": ""excluded: oi unavailable"", ""weight"": 0.0, ""excluded_weight"": 1.2}]"
M3,BTC,neutral,2026-06-08 14:00:05,asia_high,63849.5,short,63884.0,2026-06-08 14:35:00,63973.98200398118,63644.19100824367,2026-06-08 14:50:00,63974.0,stop,-1.4268188344184074,0.6693,half,"[{""key"": ""location"", ""weight"": 1.8, ""strength"": 0.6, ""contribution"": 0.1301}, {""key"": ""failure_quality"", ""weight"": 1.2, ""strength"": 0.6263, ""contribution"": 0.0906}, {""key"": ""thin_bids"", ""weight"": 1.0, ""strength"": 0.0, ""contribution"": 0.0}, {""key"": ""funding_up"", ""weight"": 0.8, ""strength"": 0.0, ""contribution"": 0.0}, {""key"": ""premium"", ""weight"": 1.0, ""strength"": 0.6584, ""contribution"": 0.0793}, {""key"": ""second_failure"", ""weight"": 1.5, ""strength"": 1.0, ""contribution"": 0.1807}, {""key"": ""day_type_fit"", ""weight"": 1.0, ""strength"": 1.0, ""contribution"": 0.1205}, {""key"": ""trap"", ""note"": ""excluded: oi unavailable"", ""weight"": 0.0, ""excluded_weight"": 2.0}, {""key"": ""cvd_divergence"", ""note"": ""excluded: taker unavailable"", ""weight"": 0.0, ""excluded_weight"": 2.0}, {""key"": ""cluster_fuel"", ""note"": ""excluded: oi unavailable"", ""weight"": 0.0, ""excluded_weight"": 1.2}]"
M3,BTC,neutral,2026-07-06 18:30:05,asia_high,63900.0,short,63893.2,,63970.25727657778,63200.399999999994,2026-07-06 19:15:05,,cancelled:entry_expired,,0.7802,full,"[{""key"": ""location"", ""weight"": 1.8, ""strength"": 0.8, ""contribution"": 0.1735}, {""key"": ""failure_quality"", ""weight"": 1.2, ""strength"": 1.0, ""contribution"": 0.1446}, {""key"": ""thin_bids"", ""weight"": 1.0, ""strength"": 0.0, ""contribution"": 0.0}, {""key"": ""funding_up"", ""weight"": 0.8, ""strength"": 0.0, ""contribution"": 0.0}, {""key"": ""premium"", ""weight"": 1.0, ""strength"": 0.6768, ""contribution"": 0.0815}, {""key"": ""second_failure"", ""weight"": 1.5, ""strength"": 1.0, ""contribution"": 0.1807}, {""key"": ""day_type_fit"", ""weight"": 1.0, ""strength"": 1.0, ""contribution"": 0.1205}, {""key"": ""trap"", ""note"": ""excluded: oi unavailable"", ""weight"": 0.0, ""excluded_weight"": 2.0}, {""key"": ""cvd_divergence"", ""note"": ""excluded: taker unavailable"", ""weight"": 0.0, ""excluded_weight"": 2.0}, {""key"": ""cluster_fuel"", ""note"": ""excluded: oi unavailable"", ""weight"": 0.0, ""excluded_weight"": 1.2}]"
M3,ETH,neutral,2026-04-06 15:00:05,4h_swing_high,2157.99,short,2157.26,2026-04-06 15:05:00,2160.002930476918,2148.244518742972,2026-04-06 15:05:00,2160.0,stop,-1.4738014992223767,0.5899,half,"[{""key"": ""location"", ""weight"": 1.8, ""strength"": 1.0, ""contribution"": 0.2169}, {""key"": ""failure_quality"", ""weight"": 1.2, ""strength"": 1.0, ""contribution"": 0.1446}, {""key"": ""thin_bids"", ""weight"": 1.0, ""strength"": 0.0, ""contribution"": 0.0}, {""key"": ""funding_up"", ""weight"": 0.8, ""strength"": 0.0, ""contribution"": 0.0}, {""key"": ""premium"", ""weight"": 1.0, ""strength"": 0.8383, ""contribution"": 0.101}, {""key"": ""second_failure"", ""weight"": 1.5, ""strength"": 0.0, ""contribution"": 0.0}, {""key"": ""day_type_fit"", ""weight"": 1.0, ""strength"": 1.0, ""contribution"": 0.1205}, {""key"": ""trap"", ""note"": ""excluded: oi unavailable"", ""weight"": 0.0, ""excluded_weight"": 2.0}, {""key"": ""cvd_divergence"", ""note"": ""excluded: taker unavailable"", ""weight"": 0.0, ""excluded_weight"": 2.0}, {""key"": ""cluster_fuel"", ""note"": ""excluded: oi unavailable"", ""weight"": 0.0, ""excluded_weight"": 1.2}]"
M3,ETH,neutral,2026-04-06 16:15:05,4h_swing_high,2167.2,short,2168.08,,2170.6510276997055,2152.790378862067,2026-04-06 17:00:05,,cancelled:entry_expired,,0.7558,full,"[{""key"": ""location"", ""weight"": 1.8, ""strength"": 1.0, ""contribution"": 0.2169}, {""key"": ""failure_quality"", ""weight"": 1.2, ""strength"": 0.2998, ""contribution"": 0.0433}, {""key"": ""thin_bids"", ""weight"": 1.0, ""strength"": 0.0, ""contribution"": 0.0}, {""key"": ""funding_up"", ""weight"": 0.8, ""strength"": 0.0, ""contribution"": 0.0}, {""key"": ""premium"", ""weight"": 1.0, ""strength"": 0.9756, ""contribution"": 0.1175}, {""key"": ""second_failure"", ""weight"": 1.5, ""strength"": 1.0, ""contribution"": 0.1807}, {""key"": ""day_type_fit"", ""weight"": 1.0, ""strength"": 1.0, ""contribution"": 0.1205}, {""key"": ""trap"", ""note"": ""excluded: oi unavailable"", ""weight"": 0.0, ""excluded_weight"": 2.0}, {""key"": ""cvd_divergence"", ""note"": ""excluded: taker unavailable"", ""weight"": 0.0, ""excluded_weight"": 2.0}, {""key"": ""cluster_fuel"", ""note"": ""excluded: oi unavailable"", ""weight"": 0.0, ""excluded_weight"": 1.2}]"
M3,ETH,neutral,2026-05-06 17:30:05,4h_swing_low,2352.42,long,2350.24,2026-05-06 17:35:00,2347.7092276395474,2366.691374443956,2026-05-06 17:50:00,2347.71,stop,-1.5540809140537333,0.604,half,"[{""key"": ""location"", ""weight"": 1.8, ""strength"": 1.0, ""contribution"": 0.2169}, {""key"": ""failure_quality"", ""weight"": 1.2, ""strength"": 0.9646, ""contribution"": 0.1395}, {""key"": ""thin_bids"", ""weight"": 1.0, ""strength"": 0.0, ""contribution"": 0.0}, {""key"": ""funding_up"", ""weight"": 0.8, ""strength"": 0.0, ""contribution"": 0.0}, {""key"": ""premium"", ""weight"": 1.0, ""strength"": 0.9961, ""contribution"": 0.12}, {""key"": ""second_failure"", ""weight"": 1.5, ""strength"": 0.0, ""contribution"": 0.0}, {""key"": ""day_type_fit"", ""weight"": 1.0, ""strength"": 1.0, ""contribution"": 0.1205}, {""key"": ""trap"", ""note"": ""excluded: oi unavailable"", ""weight"": 0.0, ""excluded_weight"": 2.0}, {""key"": ""cvd_divergence"", ""note"": ""excluded: taker unavailable"", ""weight"": 0.0, ""excluded_weight"": 2.0}, {""key"": ""cluster_fuel"", ""note"": ""excluded: oi unavailable"", ""weight"": 0.0, ""excluded_weight"": 1.2}]"
M3,ETH,neutral,2026-05-16 13:45:05,equal_lows_4h,2173.7633333333333,long,2172.01,,2170.4875225536157,2174.991831322906,2026-05-16 14:30:05,,cancelled:entry_expired,,0.6061,half,"[{""key"": ""location"", ""weight"": 1.8, ""strength"": 1.0, ""contribution"": 0.2169}, {""key"": ""failure_quality"", ""weight"": 1.2, ""strength"": 1.0, ""contribution"": 0.1446}, {""key"": ""thin_bids"", ""weight"": 1.0, ""strength"": 0.0, ""contribution"": 0.0}, {""key"": ""funding_up"", ""weight"": 0.8, ""strength"": 0.0, ""contribution"": 0.0}, {""key"": ""premium"", ""weight"": 1.0, ""strength"": 0.9709, ""contribution"": 0.117}, {""key"": ""second_failure"", ""weight"": 1.5, ""strength"": 0.0, ""contribution"": 0.0}, {""key"": ""day_type_fit"", ""weight"": 1.0, ""strength"": 1.0, ""contribution"": 0.1205}, {""key"": ""trap"", ""note"": ""excluded: oi unavailable"", ""weight"": 0.0, ""excluded_weight"": 2.0}, {""key"": ""cvd_divergence"", ""note"": ""excluded: taker unavailable"", ""weight"": 0.0, ""excluded_weight"": 2.0}, {""key"": ""cluster_fuel"", ""note"": ""excluded: oi unavailable"", ""weight"": 0.0, ""excluded_weight"": 1.2}]"
M3,ETH,neutral,2026-08-05 15:45:05,4h_swing_high,1881.72,short,1881.38,2026-08-05 16:05:00,1883.1040835670035,1871.4629210054652,2026-08-05 16:20:00,1883.1,stop,-1.6534071854117267,0.5562,half,"[{""key"": ""location"", ""weight"": 1.8, ""strength"": 1.0, ""contribution"": 0.2169}, {""key"": ""failure_quality"", ""weight"": 1.2, ""strength"": 1.0, ""contribution"": 0.1446}, {""key"": ""thin_bids"", ""weight"": 1.0, ""strength"": 0.0, ""contribution"": 0.0}, {""key"": ""funding_up"", ""weight"": 0.8, ""strength"": 0.0, ""contribution"": 0.0}, {""key"": ""premium"", ""weight"": 1.0, ""strength"": 0.5621, ""contribution"": 0.0677}, {""key"": ""second_failure"", ""weight"": 1.5, ""strength"": 0.0, ""contribution"": 0.0}, {""key"": ""day_type_fit"", ""weight"": 1.0, ""strength"": 1.0, ""contribution"": 0.1205}, {""key"": ""trap"", ""note"": ""excluded: oi unavailable"", ""weight"": 0.0, ""excluded_weight"": 2.0}, {""key"": ""cvd_divergence"", ""note"": ""excluded: taker unavailable"", ""weight"": 0.0, ""excluded_weight"": 2.0}, {""key"": ""cluster_fuel"", ""note"": ""excluded: oi unavailable"", ""weight"": 0.0, ""excluded_weight"": 1.2}]"
M5,BTC,neutral,2026-03-11 13:15:05,asia_low,69329.7,long,69623.7,,69250.69233700076,69789.4,2026-03-11 14:00:05,,cancelled:entry_expired,,0.9081,full,"[{""key"": ""bias_alignment"", ""weight"": 2.0, ""strength"": 1.0, ""contribution"": 0.2353}, {""key"": ""range_quality"", ""weight"": 1.5, ""strength"": 0.6, ""contribution"": 0.1059}, {""key"": ""reclaim"", ""weight"": 1.8, ""strength"": 0.8852, ""contribution"": 0.1875}, {""key"": ""early_in_window"", ""weight"": 1.0, ""strength"": 1.0, ""contribution"": 0.1176}, {""key"": ""open_location"", ""weight"": 1.0, ""strength"": 0.3, ""contribution"": 0.0353}, {""key"": ""no_pre_drift"", ""weight"": 1.2, ""strength"": 0.7413, ""contribution"": 0.1047}, {""key"": ""fuel"", ""note"": ""excluded: oi unavailable"", ""weight"": 0.0, ""excluded_weight"": 1.3}, {""key"": ""cleared"", ""note"": ""excluded: oi unavailable"", ""weight"": 0.0, ""excluded_weight"": 1.0}, {""key"": ""delta_flip"", ""note"": ""excluded: taker unavailable"", ""weight"": 0.0, ""excluded_weight"": 1.3}, {""key"": ""cohort"", ""note"": ""excluded: cohort unavailable"", ""weight"": 0.0, ""excluded_weight"": 0.8}]"
M5,BTC,neutral,2026-03-20 14:00:05,asia_low,69801.3,long,70055.0,2026-03-20 14:00:00,69710.33710516742,70373.1,2026-03-20 14:05:00,69710.3,stop,-1.1216115537698816,0.8214,full,"[{""key"": ""bias_alignment"", ""weight"": 2.0, ""strength"": 1.0, ""contribution"": 0.2353}, {""key"": ""range_quality"", ""weight"": 1.5, ""strength"": 0.6, ""contribution"": 0.1059}, {""key"": ""reclaim"", ""weight"": 1.8, ""strength"": 0.9237, ""contribution"": 0.1956}, {""key"": ""early_in_window"", ""weight"": 1.0, ""strength"": 0.6, ""contribution"": 0.0706}, {""key"": ""open_location"", ""weight"": 1.0, ""strength"": 1.0, ""contribution"": 0.1176}, {""key"": ""no_pre_drift"", ""weight"": 1.2, ""strength"": 0.4617, ""contribution"": 0.0652}, {""key"": ""fuel"", ""note"": ""excluded: oi unavailable"", ""weight"": 0.0, ""excluded_weight"": 1.3}, {""key"": ""cleared"", ""note"": ""excluded: oi unavailable"", ""weight"": 0.0, ""excluded_weight"": 1.0}, {""key"": ""delta_flip"", ""note"": ""excluded: taker unavailable"", ""weight"": 0.0, ""excluded_weight"": 1.3}, {""key"": ""cohort"", ""note"": ""excluded: cohort unavailable"", ""weight"": 0.0, ""excluded_weight"": 0.8}]"
M5,BTC,neutral,2026-03-21 07:45:05,asia_high,70803.1,short,70779.0,,70866.99512387482,70603.15,2026-03-21 08:30:05,,cancelled:entry_expired,,0.6255,half,"[{""key"": ""bias_alignment"", ""weight"": 2.0, ""strength"": 0.2, ""contribution"": 0.0471}, {""key"": ""range_quality"", ""weight"": 1.5, ""strength"": 0.6, ""contribution"": 0.1059}, {""key"": ""reclaim"", ""weight"": 1.8, ""strength"": 1.0, ""contribution"": 0.2118}, {""key"": ""early_in_window"", ""weight"": 1.0, ""strength"": 1.0, ""contribution"": 0.1176}, {""key"": ""open_location"", ""weight"": 1.0, ""strength"": 0.7, ""contribution"": 0.0824}, {""key"": ""no_pre_drift"", ""weight"": 1.2, ""strength"": 0.4307, ""contribution"": 0.0608}, {""key"": ""fuel"", ""note"": ""excluded: oi unavailable"", ""weight"": 0.0, ""excluded_weight"": 1.3}, {""key"": ""cleared"", ""note"": ""excluded: oi unavailable"", ""weight"": 0.0, ""excluded_weight"": 1.0}, {""key"": ""delta_flip"", ""note"": ""excluded: taker unavailable"", ""weight"": 0.0, ""excluded_weight"": 1.3}, {""key"": ""cohort"", ""note"": ""excluded: cohort unavailable"", ""weight"": 0.0, ""excluded_weight"": 0.8}]"
M5,BTC,neutral,2026-04-06 14:30:05,asia_high,69583.0,short,69471.9,2026-04-06 14:30:00,69662.6114311349,69161.6,2026-04-06 14:35:00,69662.6,stop,-1.2186370883097022,0.8475,full,"[{""key"": ""bias_alignment"", ""weight"": 2.0, ""strength"": 0.6, ""contribution"": 0.1412}, {""key"": ""range_quality"", ""weight"": 1.5, ""strength"": 0.6, ""contribution"": 0.1059}, {""key"": ""reclaim"", ""weight"": 1.8, ""strength"": 0.5778, ""contribution"": 0.1224}, {""key"": ""early_in_window"", ""weight"": 1.0, ""strength"": 0.6, ""contribution"": 0.0706}, {""key"": ""open_location"", ""weight"": 1.0, ""strength"": 1.0, ""contribution"": 0.1176}, {""key"": ""no_pre_drift"", ""weight"": 1.2, ""strength"": 1.0, ""contribution"": 0.1412}, {""key"": ""fuel"", ""note"": ""excluded: oi unavailable"", ""weight"": 0.0, ""excluded_weight"": 1.3}, {""key"": ""cleared"", ""note"": ""excluded: oi unavailable"", ""weight"": 0.0, ""excluded_weight"": 1.0}, {""key"": ""delta_flip"", ""note"": ""excluded: taker unavailable"", ""weight"": 0.0, ""excluded_weight"": 1.3}, {""key"": ""cohort"", ""note"": ""excluded: cohort unavailable"", ""weight"": 0.0, ""excluded_weight"": 0.8}]"
M5,BTC,neutral,2026-04-15 14:00:05,asia_low,73822.0,long,73930.0,2026-04-15 14:05:00,73734.84727113215,74280.6,2026-04-15 14:35:00,73930.0,stop_be,0.5368072738282613,0.7768,full,"[{""key"": ""bias_alignment"", ""weight"": 2.0, ""strength"": 0.6, ""contribution"": 0.1412}, {""key"": ""range_quality"", ""weight"": 1.5, ""strength"": 0.6, ""contribution"": 0.1059}, {""key"": ""reclaim"", ""weight"": 1.8, ""strength"": 0.4537, ""contribution"": 0.0961}, {""key"": ""early_in_window"", ""weight"": 1.0, ""strength"": 0.6, ""contribution"": 0.0706}, {""key"": ""open_location"", ""weight"": 1.0, ""strength"": 1.0, ""contribution"": 0.1176}, {""key"": ""no_pre_drift"", ""weight"": 1.2, ""strength"": 1.0, ""contribution"": 0.1412}, {""key"": ""fuel"", ""note"": ""excluded: oi unavailable"", ""weight"": 0.0, ""excluded_weight"": 1.3}, {""key"": ""cleared"", ""note"": ""excluded: oi unavailable"", ""weight"": 0.0, ""excluded_weight"": 1.0}, {""key"": ""delta_flip"", ""note"": ""excluded: taker unavailable"", ""weight"": 0.0, ""excluded_weight"": 1.3}, {""key"": ""cohort"", ""note"": ""excluded: cohort unavailable"", ""weight"": 0.0, ""excluded_weight"": 0.8}]"
M5,BTC,neutral,2026-04-21 14:30:05,asia_high,76232.3,short,76050.5,2026-04-21 14:30:00,76350.31463611546,75832.70000000001,2026-04-21 14:35:00,76350.3,stop,-1.1524040129458188,0.6478,half,"[{""key"": ""bias_alignment"", ""weight"": 2.0, ""strength"": 0.2, ""contribution"": 0.0471}, {""key"": ""range_quality"", ""weight"": 1.5, ""strength"": 0.6, ""contribution"": 0.1059}, {""key"": ""reclaim"", ""weight"": 1.8, ""strength"": 0.3706, ""contribution"": 0.0785}, {""key"": ""early_in_window"", ""weight"": 1.0, ""strength"": 0.6, ""contribution"": 0.0706}, {""key"": ""open_location"", ""weight"": 1.0, ""strength"": 1.0, ""contribution"": 0.1176}, {""key"": ""no_pre_drift"", ""weight"": 1.2, ""strength"": 1.0, ""contribution"": 0.1412}, {""key"": ""fuel"", ""note"": ""excluded: oi unavailable"", ""weight"": 0.0, ""excluded_weight"": 1.3}, {""key"": ""cleared"", ""note"": ""excluded: oi unavailable"", ""weight"": 0.0, ""excluded_weight"": 1.0}, {""key"": ""delta_flip"", ""note"": ""excluded: taker unavailable"", ""weight"": 0.0, ""excluded_weight"": 1.3}, {""key"": ""cohort"", ""note"": ""excluded: cohort unavailable"", ""weight"": 0.0, ""excluded_weight"": 0.8}]"
M5,BTC,neutral,2026-05-10 08:30:05,asia_high,80859.9,short,80792.6,2026-05-10 08:30:00,80885.45807860946,80696.79999999999,2026-05-10 10:35:00,80792.6,stop_be,-0.004896719884819143,0.6247,half,"[{""key"": ""bias_alignment"", ""weight"": 2.0, ""strength"": 0.2, ""contribution"": 0.0471}, {""key"": ""range_quality"", ""weight"": 1.5, ""strength"": 0.6, ""contribution"": 0.1059}, {""key"": ""reclaim"", ""weight"": 1.8, ""strength"": 0.6724, ""contribution"": 0.1424}, {""key"": ""early_in_window"", ""weight"": 1.0, ""strength"": 0.6, ""contribution"": 0.0706}, {""key"": ""open_location"", ""weight"": 1.0, ""strength"": 1.0, ""contribution"": 0.1176}, {""key"": ""no_pre_drift"", ""weight"": 1.2, ""strength"": 1.0, ""contribution"": 0.1412}, {""key"": ""fuel"", ""note"": ""excluded: oi unavailable"", ""weight"": 0.0, ""excluded_weight"": 1.3}, {""key"": ""cleared"", ""note"": ""excluded: oi unavailable"", ""weight"": 0.0, ""excluded_weight"": 1.0}, {""key"": ""delta_flip"", ""note"": ""excluded: taker unavailable"", ""weight"": 0.0, ""excluded_weight"": 1.3}, {""key"": ""cohort"", ""note"": ""excluded: cohort unavailable"", ""weight"": 0.0, ""excluded_weight"": 0.8}]"
M5,BTC,neutral,2026-07-03 09:00:05,asia_high,61825.1,short,61685.4,2026-07-03 09:05:00,61897.87960980149,61527.05,2026-07-03 09:20:00,61685.4,stop_be,0.158756744679086,0.7765,full,"[{""key"": ""bias_alignment"", ""weight"": 2.0, ""strength"": 1.0, ""contribution"": 0.2353}, {""key"": ""range_quality"", ""weight"": 1.5, ""strength"": 0.6, ""contribution"": 0.1059}, {""key"": ""reclaim"", ""weight"": 1.8, ""strength"": 1.0, ""contribution"": 0.2118}, {""key"": ""early_in_window"", ""weight"": 1.0, ""strength"": 0.3, ""contribution"": 0.0353}, {""key"": ""open_location"", ""weight"": 1.0, ""strength"": 1.0, ""contribution"": 0.1176}, {""key"": ""no_pre_drift"", ""weight"": 1.2, ""strength"": 0.0, ""contribution"": 0.0}, {""key"": ""fuel"", ""note"": ""excluded: oi unavailable"", ""weight"": 0.0, ""excluded_weight"": 1.3}, {""key"": ""cleared"", ""note"": ""excluded: oi unavailable"", ""weight"": 0.0, ""excluded_weight"": 1.0}, {""key"": ""delta_flip"", ""note"": ""excluded: taker unavailable"", ""weight"": 0.0, ""excluded_weight"": 1.3}, {""key"": ""cohort"", ""note"": ""excluded: cohort unavailable"", ""weight"": 0.0, ""excluded_weight"": 0.8}]"
M5,BTC,neutral,2026-08-06 14:45:05,asia_low,64386.3,long,64573.1,,64308.98043426199,64679.0,2026-08-06 15:30:05,,cancelled:entry_expired,,0.6641,half,"[{""key"": ""bias_alignment"", ""weight"": 2.0, ""strength"": 0.6, ""contribution"": 0.1412}, {""key"": ""range_quality"", ""weight"": 1.5, ""strength"": 0.6, ""contribution"": 0.1059}, {""key"": ""reclaim"", ""weight"": 1.8, ""strength"": 0.9928, ""contribution"": 0.2102}, {""key"": ""early_in_window"", ""weight"": 1.0, ""strength"": 0.3, ""contribution"": 0.0353}, {""key"": ""open_location"", ""weight"": 1.0, ""strength"": 0.7, ""contribution"": 0.0824}, {""key"": ""no_pre_drift"", ""weight"": 1.2, ""strength"": 0.0, ""contribution"": 0.0}, {""key"": ""fuel"", ""note"": ""excluded: oi unavailable"", ""weight"": 0.0, ""excluded_weight"": 1.3}, {""key"": ""cleared"", ""note"": ""excluded: oi unavailable"", ""weight"": 0.0, ""excluded_weight"": 1.0}, {""key"": ""delta_flip"", ""note"": ""excluded: taker unavailable"", ""weight"": 0.0, ""excluded_weight"": 1.3}, {""key"": ""cohort"", ""note"": ""excluded: cohort unavailable"", ""weight"": 0.0, ""excluded_weight"": 0.8}]"
M5,ETH,neutral,2026-03-11 07:45:05,asia_low,2010.0,long,2012.59,2026-03-11 07:45:00,2004.723825364845,2025.5,2026-03-11 11:00:00,2027.81,time_stop,1.6928950782626806,0.9188,full,"[{""key"": ""bias_alignment"", ""weight"": 2.0, ""strength"": 1.0, ""contribution"": 0.2353}, {""key"": ""range_quality"", ""weight"": 1.5, ""strength"": 0.6, ""contribution"": 0.1059}, {""key"": ""reclaim"", ""weight"": 1.8, ""strength"": 0.5553, ""contribution"": 0.1176}, {""key"": ""early_in_window"", ""weight"": 1.0, ""strength"": 1.0, ""contribution"": 0.1176}, {""key"": ""open_location"", ""weight"": 1.0, ""strength"": 1.0, ""contribution"": 0.1176}, {""key"": ""no_pre_drift"", ""weight"": 1.2, ""strength"": 1.0, ""contribution"": 0.1412}, {""key"": ""fuel"", ""note"": ""excluded: oi unavailable"", ""weight"": 0.0, ""excluded_weight"": 1.3}, {""key"": ""cleared"", ""note"": ""excluded: oi unavailable"", ""weight"": 0.0, ""excluded_weight"": 1.0}, {""key"": ""delta_flip"", ""note"": ""excluded: taker unavailable"", ""weight"": 0.0, ""excluded_weight"": 1.3}, {""key"": ""cohort"", ""note"": ""excluded: cohort unavailable"", ""weight"": 0.0, ""excluded_weight"": 0.8}]"
M5,ETH,neutral,2026-03-21 07:45:05,asia_high,2159.0,short,2157.38,,2161.3155655847177,2150.94,2026-03-21 08:30:05,,cancelled:entry_expired,,0.6658,half,"[{""key"": ""bias_alignment"", ""weight"": 2.0, ""strength"": 0.2, ""contribution"": 0.0471}, {""key"": ""range_quality"", ""weight"": 1.5, ""strength"": 0.6, ""contribution"": 0.1059}, {""key"": ""reclaim"", ""weight"": 1.8, ""strength"": 0.8861, ""contribution"": 0.1876}, {""key"": ""early_in_window"", ""weight"": 1.0, ""strength"": 1.0, ""contribution"": 0.1176}, {""key"": ""open_location"", ""weight"": 1.0, ""strength"": 1.0, ""contribution"": 0.1176}, {""key"": ""no_pre_drift"", ""weight"": 1.2, ""strength"": 0.6367, ""contribution"": 0.0899}, {""key"": ""fuel"", ""note"": ""excluded: oi unavailable"", ""weight"": 0.0, ""excluded_weight"": 1.3}, {""key"": ""cleared"", ""note"": ""excluded: oi unavailable"", ""weight"": 0.0, ""excluded_weight"": 1.0}, {""key"": ""delta_flip"", ""note"": ""excluded: taker unavailable"", ""weight"": 0.0, ""excluded_weight"": 1.3}, {""key"": ""cohort"", ""note"": ""excluded: cohort unavailable"", ""weight"": 0.0, ""excluded_weight"": 0.8}]"
M5,ETH,neutral,2026-04-21 15:00:05,asia_low,2297.51,long,2307.42,2026-04-21 15:00:00,2291.5227982157767,2312.3100000000004,2026-04-21 15:05:00,2291.52,stop,-1.0871556524755326,0.5893,half,"[{""key"": ""bias_alignment"", ""weight"": 2.0, ""strength"": 0.6, ""contribution"": 0.1412}, {""key"": ""range_quality"", ""weight"": 1.5, ""strength"": 0.0, ""contribution"": 0.0}, {""key"": ""reclaim"", ""weight"": 1.8, ""strength"": 1.0, ""contribution"": 0.2118}, {""key"": ""early_in_window"", ""weight"": 1.0, ""strength"": 0.3, ""contribution"": 0.0353}, {""key"": ""open_location"", ""weight"": 1.0, ""strength"": 1.0, ""contribution"": 0.1176}, {""key"": ""no_pre_drift"", ""weight"": 1.2, ""strength"": 0.0309, ""contribution"": 0.0044}, {""key"": ""fuel"", ""note"": ""excluded: oi unavailable"", ""weight"": 0.0, ""excluded_weight"": 1.3}, {""key"": ""cleared"", ""note"": ""excluded: oi unavailable"", ""weight"": 0.0, ""excluded_weight"": 1.0}, {""key"": ""delta_flip"", ""note"": ""excluded: taker unavailable"", ""weight"": 0.0, ""excluded_weight"": 1.3}, {""key"": ""cohort"", ""note"": ""excluded: cohort unavailable"", ""weight"": 0.0, ""excluded_weight"": 0.8}]"
M5,ETH,neutral,2026-05-25 08:15:05,asia_high,2112.67,short,2113.19,2026-05-25 08:35:00,2116.563486513526,2101.755,2026-05-25 08:50:00,2116.56,stop,-1.3752627975233573,0.6848,half,"[{""key"": ""bias_alignment"", ""weight"": 2.0, ""strength"": 1.0, ""contribution"": 0.2353}, {""key"": ""range_quality"", ""weight"": 1.5, ""strength"": 0.6, ""contribution"": 0.1059}, {""key"": ""reclaim"", ""weight"": 1.8, ""strength"": 1.0, ""contribution"": 0.2118}, {""key"": ""early_in_window"", ""weight"": 1.0, ""strength"": 0.6, ""contribution"": 0.0706}, {""key"": ""open_location"", ""weight"": 1.0, ""strength"": 1.0, ""contribution"": 0.1176}, {""key"": ""no_pre_drift"", ""weight"": 1.2, ""strength"": 0.0, ""contribution"": 0.0}, {""key"": ""fuel"", ""note"": ""excluded: oi unavailable"", ""weight"": 0.0, ""excluded_weight"": 1.3}, {""key"": ""cleared"", ""note"": ""excluded: oi unavailable"", ""weight"": 0.0, ""excluded_weight"": 1.0}, {""key"": ""delta_flip"", ""note"": ""excluded: taker unavailable"", ""weight"": 0.0, ""excluded_weight"": 1.3}, {""key"": ""cohort"", ""note"": ""excluded: cohort unavailable"", ""weight"": 0.0, ""excluded_weight"": 0.8}]"
M5,ETH,neutral,2026-05-27 14:00:05,asia_low,2055.0,long,2058.51,2026-05-27 14:20:00,2049.787923752557,2069.27,2026-05-27 17:00:00,2069.33,time_stop,1.1240842113566656,0.6354,half,"[{""key"": ""bias_alignment"", ""weight"": 2.0, ""strength"": 0.2, ""contribution"": 0.0471}, {""key"": ""range_quality"", ""weight"": 1.5, ""strength"": 0.6, ""contribution"": 0.1059}, {""key"": ""reclaim"", ""weight"": 1.8, ""strength"": 1.0, ""contribution"": 0.2118}, {""key"": ""early_in_window"", ""weight"": 1.0, ""strength"": 1.0, ""contribution"": 0.1176}, {""key"": ""open_location"", ""weight"": 1.0, ""strength"": 1.0, ""contribution"": 0.1176}, {""key"": ""no_pre_drift"", ""weight"": 1.2, ""strength"": 0.6213, ""contribution"": 0.0877}, {""key"": ""fuel"", ""note"": ""excluded: oi unavailable"", ""weight"": 0.0, ""excluded_weight"": 1.3}, {""key"": ""cleared"", ""note"": ""excluded: oi unavailable"", ""weight"": 0.0, ""excluded_weight"": 1.0}, {""key"": ""delta_flip"", ""note"": ""excluded: taker unavailable"", ""weight"": 0.0, ""excluded_weight"": 1.3}, {""key"": ""cohort"", ""note"": ""excluded: cohort unavailable"", ""weight"": 0.0, ""excluded_weight"": 0.8}]"
M5,ETH,neutral,2026-07-16 08:00:05,asia_low,1907.07,long,1907.21,2026-07-16 08:05:00,1903.2033303885944,1917.88,2026-07-16 08:05:00,1903.2,stop,-1.2843833114647913,0.9051,full,"[{""key"": ""bias_alignment"", ""weight"": 2.0, ""strength"": 1.0, ""contribution"": 0.2353}, {""key"": ""range_quality"", ""weight"": 1.5, ""strength"": 0.6, ""contribution"": 0.1059}, {""key"": ""reclaim"", ""weight"": 1.8, ""strength"": 0.4968, ""contribution"": 0.1052}, {""key"": ""early_in_window"", ""weight"": 1.0, ""strength"": 1.0, ""contribution"": 0.1176}, {""key"": ""open_location"", ""weight"": 1.0, ""strength"": 1.0, ""contribution"": 0.1176}, {""key"": ""no_pre_drift"", ""weight"": 1.2, ""strength"": 1.0, ""contribution"": 0.1412}, {""key"": ""fuel"", ""note"": ""excluded: oi unavailable"", ""weight"": 0.0, ""excluded_weight"": 1.3}, {""key"": ""cleared"", ""note"": ""excluded: oi unavailable"", ""weight"": 0.0, ""excluded_weight"": 1.0}, {""key"": ""delta_flip"", ""note"": ""excluded: taker unavailable"", ""weight"": 0.0, ""excluded_weight"": 1.3}, {""key"": ""cohort"", ""note"": ""excluded: cohort unavailable"", ""weight"": 0.0, ""excluded_weight"": 0.8}]"
M5,ETH,neutral,2026-08-01 07:30:05,asia_high,1870.32,short,1869.51,,1871.5499710533136,1865.815,2026-08-01 08:15:05,,cancelled:entry_expired,,0.6868,half,"[{""key"": ""bias_alignment"", ""weight"": 2.0, ""strength"": 0.2, ""contribution"": 0.0471}, {""key"": ""range_quality"", ""weight"": 1.5, ""strength"": 0.6, ""contribution"": 0.1059}, {""key"": ""reclaim"", ""weight"": 1.8, ""strength"": 1.0, ""contribution"": 0.2118}, {""key"": ""early_in_window"", ""weight"": 1.0, ""strength"": 1.0, ""contribution"": 0.1176}, {""key"": ""open_location"", ""weight"": 1.0, ""strength"": 0.7, ""contribution"": 0.0824}, {""key"": ""no_pre_drift"", ""weight"": 1.2, ""strength"": 0.8647, ""contribution"": 0.1221}, {""key"": ""fuel"", ""note"": ""excluded: oi unavailable"", ""weight"": 0.0, ""excluded_weight"": 1.3}, {""key"": ""cleared"", ""note"": ""excluded: oi unavailable"", ""weight"": 0.0, ""excluded_weight"": 1.0}, {""key"": ""delta_flip"", ""note"": ""excluded: taker unavailable"", ""weight"": 0.0, ""excluded_weight"": 1.3}, {""key"": ""cohort"", ""note"": ""excluded: cohort unavailable"", ""weight"": 0.0, ""excluded_weight"": 0.8}]"
M5,ETH,neutral,2026-08-19 07:30:05,asia_high,1918.42,short,1918.7,2026-08-19 07:35:00,1920.9557196507965,1911.81,2026-08-19 08:35:00,1920.96,stop,-1.512704381856833,0.5704,half,"[{""key"": ""bias_alignment"", ""weight"": 2.0, ""strength"": 0.6, ""contribution"": 0.1111}, {""key"": ""range_quality"", ""weight"": 1.5, ""strength"": 0.6, ""contribution"": 0.0833}, {""key"": ""reclaim"", ""weight"": 1.8, ""strength"": 1.0, ""contribution"": 0.1667}, {""key"": ""fuel"", ""weight"": 1.3, ""strength"": 0.0, ""contribution"": 0.0}, {""key"": ""cleared"", ""weight"": 1.0, ""strength"": 0.0, ""contribution"": 0.0}, {""key"": ""early_in_window"", ""weight"": 1.0, ""strength"": 1.0, ""contribution"": 0.0926}, {""key"": ""open_location"", ""weight"": 1.0, ""strength"": 0.7, ""contribution"": 0.0648}, {""key"": ""no_pre_drift"", ""weight"": 1.2, ""strength"": 0.0, ""contribution"": 0.0}, {""key"": ""delta_flip"", ""note"": ""excluded: taker unavailable"", ""weight"": 0.0, ""excluded_weight"": 1.3}, {""key"": ""cohort"", ""note"": ""excluded: cohort unavailable"", ""weight"": 0.0, ""excluded_weight"": 0.8}]"
M5,ETH,neutral,2026-08-24 07:30:05,asia_high,2466.36,short,2464.22,,2475.7953886958367,2444.705,2026-08-24 08:15:05,,cancelled:entry_expired,,0.627,half,"[{""key"": ""bias_alignment"", ""weight"": 2.0, ""strength"": 0.6, ""contribution"": 0.1111}, {""key"": ""range_quality"", ""weight"": 1.5, ""strength"": 0.6, ""contribution"": 0.0833}, {""key"": ""reclaim"", ""weight"": 1.8, ""strength"": 0.9792, ""contribution"": 0.1632}, {""key"": ""fuel"", ""weight"": 1.3, ""strength"": 0.0, ""contribution"": 0.0}, {""key"": ""cleared"", ""weight"": 1.0, ""strength"": 0.0, ""contribution"": 0.0}, {""key"": ""early_in_window"", ""weight"": 1.0, ""strength"": 1.0, ""contribution"": 0.0926}, {""key"": ""open_location"", ""weight"": 1.0, ""strength"": 1.0, ""contribution"": 0.0926}, {""key"": ""no_pre_drift"", ""weight"": 1.2, ""strength"": 0.0, ""contribution"": 0.0}, {""key"": ""delta_flip"", ""note"": ""excluded: taker unavailable"", ""weight"": 0.0, ""excluded_weight"": 1.3}, {""key"": ""cohort"", ""note"": ""excluded: cohort unavailable"", ""weight"": 0.0, ""excluded_weight"": 0.8}]"
M6,BTC,neutral,2026-04-07 11:00:05,weekly_open,68997.9,short,68174.8,2026-04-07 15:20:00,69307.25587680696,68480.83144562173,2026-04-07 15:20:00,68174.8,stop_be,-0.469355812463437,0.7183,full,"[{""key"": ""loss_depth"", ""weight"": 1.8, ""strength"": 0.6698, ""contribution"": 0.1418}, {""key"": ""funding_room"", ""weight"": 1.2, ""strength"": 0.0, ""contribution"": 0.0}, {""key"": ""reward"", ""weight"": 1.2, ""strength"": 1.0, ""contribution"": 0.1412}, {""key"": ""timing"", ""weight"": 1.0, ""strength"": 1.0, ""contribution"": 0.1176}, {""key"": ""htf_bias"", ""weight"": 1.5, ""strength"": 0.6, ""contribution"": 0.1059}, {""key"": ""reclaim_quality"", ""weight"": 1.0, ""strength"": 1.0, ""contribution"": 0.1176}, {""key"": ""pwh_untested"", ""weight"": 0.8, ""strength"": 1.0, ""contribution"": 0.0941}, {""key"": ""oi_commitment"", ""note"": ""excluded: oi unavailable"", ""weight"": 0.0, ""excluded_weight"": 2.0}, {""key"": ""delta_reclaim"", ""note"": ""excluded: taker unavailable"", ""weight"": 0.0, ""excluded_weight"": 1.5}, {""key"": ""cohort"", ""note"": ""excluded: cohort unavailable"", ""weight"": 0.0, ""excluded_weight"": 1.8}]"
M6,BTC,neutral,2026-05-20 10:00:05,weekly_open,77430.4,long,77443.4,2026-05-20 11:05:00,77086.91142883552,77978.17231086454,2026-05-20 12:15:05,77413.9,thesis_failed,-0.2130486329296988,0.5688,half,"[{""key"": ""loss_depth"", ""weight"": 1.8, ""strength"": 0.9281, ""contribution"": 0.1965}, {""key"": ""funding_room"", ""weight"": 1.2, ""strength"": 0.0, ""contribution"": 0.0}, {""key"": ""reward"", ""weight"": 1.2, ""strength"": 1.0, ""contribution"": 0.1412}, {""key"": ""timing"", ""weight"": 1.0, ""strength"": 1.0, ""contribution"": 0.1176}, {""key"": ""htf_bias"", ""weight"": 1.5, ""strength"": 0.6, ""contribution"": 0.1059}, {""key"": ""reclaim_quality"", ""weight"": 1.0, ""strength"": 0.1173, ""contribution"": 0.0138}, {""key"": ""pwh_untested"", ""weight"": 0.8, ""strength"": 1.0, ""contribution"": 0.0941}, {""key"": ""oi_commitment"", ""note"": ""excluded: oi unavailable"", ""weight"": 0.0, ""excluded_weight"": 2.0}, {""key"": ""delta_reclaim"", ""note"": ""excluded: taker unavailable"", ""weight"": 0.0, ""excluded_weight"": 1.5}, {""key"": ""cohort"", ""note"": ""excluded: cohort unavailable"", ""weight"": 0.0, ""excluded_weight"": 1.8}]"
M6,BTC,neutral,2026-05-26 01:00:05,weekly_open,77030.3,short,76733.4,2026-05-26 05:05:00,77496.40972992423,76289.4200832957,2026-05-26 10:35:00,77496.4,stop,-1.6764505649672254,0.6408,half,"[{""key"": ""loss_depth"", ""weight"": 1.8, ""strength"": 0.3349, ""contribution"": 0.0709}, {""key"": ""funding_room"", ""weight"": 1.2, ""strength"": 0.0, ""contribution"": 0.0}, {""key"": ""reward"", ""weight"": 1.2, ""strength"": 1.0, ""contribution"": 0.1412}, {""key"": ""timing"", ""weight"": 1.0, ""strength"": 1.0, ""contribution"": 0.1176}, {""key"": ""htf_bias"", ""weight"": 1.5, ""strength"": 1.0, ""contribution"": 0.1765}, {""key"": ""reclaim_quality"", ""weight"": 1.0, ""strength"": 1.0, ""contribution"": 0.1176}, {""key"": ""pwh_untested"", ""weight"": 0.8, ""strength"": 1.0, ""contribution"": 0.0941}, {""key"": ""oi_commitment"", ""note"": ""excluded: oi unavailable"", ""weight"": 0.0, ""excluded_weight"": 2.0}, {""key"": ""delta_reclaim"", ""note"": ""excluded: taker unavailable"", ""weight"": 0.0, ""excluded_weight"": 1.5}, {""key"": ""cohort"", ""note"": ""excluded: cohort unavailable"", ""weight"": 0.0, ""excluded_weight"": 1.8}]"
M6,BTC,neutral,2026-06-16 20:00:05,weekly_open,65702.1,short,65681.7,2026-06-16 20:05:00,66328.61613035132,64711.25401025412,2026-06-16 21:15:05,65885.3,thesis_failed,-0.37576717820217537,0.5807,half,"[{""key"": ""loss_depth"", ""weight"": 1.8, ""strength"": 0.9277, ""contribution"": 0.1964}, {""key"": ""funding_room"", ""weight"": 1.2, ""strength"": 0.0, ""contribution"": 0.0}, {""key"": ""reward"", ""weight"": 1.2, ""strength"": 1.0, ""contribution"": 0.1412}, {""key"": ""timing"", ""weight"": 1.0, ""strength"": 1.0, ""contribution"": 0.1176}, {""key"": ""htf_bias"", ""weight"": 1.5, ""strength"": 0.6, ""contribution"": 0.1059}, {""key"": ""reclaim_quality"", ""weight"": 1.0, ""strength"": 0.237, ""contribution"": 0.0279}, {""key"": ""pwh_untested"", ""weight"": 0.8, ""strength"": 1.0, ""contribution"": 0.0941}, {""key"": ""oi_commitment"", ""note"": ""excluded: oi unavailable"", ""weight"": 0.0, ""excluded_weight"": 2.0}, {""key"": ""delta_reclaim"", ""note"": ""excluded: taker unavailable"", ""weight"": 0.0, ""excluded_weight"": 1.5}, {""key"": ""cohort"", ""note"": ""excluded: cohort unavailable"", ""weight"": 0.0, ""excluded_weight"": 1.8}]"
M6,BTC,neutral,2026-06-23 07:00:05,weekly_open,63287.2,short,62883.7,,64255.77680688525,62748.73929942924,2026-06-23 15:00:05,,cancelled:entry_expired,,0.5775,half,"[{""key"": ""loss_depth"", ""weight"": 1.8, ""strength"": 1.0, ""contribution"": 0.2118}, {""key"": ""funding_room"", ""weight"": 1.2, ""strength"": 0.0, ""contribution"": 0.0}, {""key"": ""reward"", ""weight"": 1.2, ""strength"": 0.0, ""contribution"": 0.0}, {""key"": ""timing"", ""weight"": 1.0, ""strength"": 1.0, ""contribution"": 0.1176}, {""key"": ""htf_bias"", ""weight"": 1.5, ""strength"": 0.6, ""contribution"": 0.1059}, {""key"": ""reclaim_quality"", ""weight"": 1.0, ""strength"": 1.0, ""contribution"": 0.1176}, {""key"": ""pwh_untested"", ""weight"": 0.8, ""strength"": 1.0, ""contribution"": 0.0941}, {""key"": ""oi_commitment"", ""note"": ""excluded: oi unavailable"", ""weight"": 0.0, ""excluded_weight"": 2.0}, {""key"": ""delta_reclaim"", ""note"": ""excluded: taker unavailable"", ""weight"": 0.0, ""excluded_weight"": 1.5}, {""key"": ""cohort"", ""note"": ""excluded: cohort unavailable"", ""weight"": 0.0, ""excluded_weight"": 1.8}]"
M6,BTC,neutral,2026-06-30 08:00:05,weekly_open,59550.2,short,59482.5,,59777.82323636192,59170.83318906004,2026-06-30 16:00:05,,cancelled:entry_expired,,0.5957,half,"[{""key"": ""loss_depth"", ""weight"": 1.8, ""strength"": 0.5041, ""contribution"": 0.1067}, {""key"": ""funding_room"", ""weight"": 1.2, ""strength"": 0.0, ""contribution"": 0.0}, {""key"": ""reward"", ""weight"": 1.2, ""strength"": 1.0, ""contribution"": 0.1412}, {""key"": ""timing"", ""weight"": 1.0, ""strength"": 1.0, ""contribution"": 0.1176}, {""key"": ""htf_bias"", ""weight"": 1.5, ""strength"": 1.0, ""contribution"": 0.1765}, {""key"": ""reclaim_quality"", ""weight"": 1.0, ""strength"": 0.2661, ""contribution"": 0.0313}, {""key"": ""pwh_untested"", ""weight"": 0.8, ""strength"": 1.0, ""contribution"": 0.0941}, {""key"": ""oi_commitment"", ""note"": ""excluded: oi unavailable"", ""weight"": 0.0, ""excluded_weight"": 2.0}, {""key"": ""delta_reclaim"", ""note"": ""excluded: taker unavailable"", ""weight"": 0.0, ""excluded_weight"": 1.5}, {""key"": ""cohort"", ""note"": ""excluded: cohort unavailable"", ""weight"": 0.0, ""excluded_weight"": 1.8}]"
M6,BTC,neutral,2026-07-07 03:00:05,weekly_open,63617.2,short,63275.8,2026-07-07 07:00:00,64423.89191470259,62351.16083314289,2026-07-07 16:15:05,63852.5,thesis_failed,-0.7416844863170499,0.5651,half,"[{""key"": ""loss_depth"", ""weight"": 1.8, ""strength"": 0.4325, ""contribution"": 0.0916}, {""key"": ""funding_room"", ""weight"": 1.2, ""strength"": 0.0, ""contribution"": 0.0}, {""key"": ""reward"", ""weight"": 1.2, ""strength"": 1.0, ""contribution"": 0.1412}, {""key"": ""timing"", ""weight"": 1.0, ""strength"": 1.0, ""contribution"": 0.1176}, {""key"": ""htf_bias"", ""weight"": 1.5, ""strength"": 1.0, ""contribution"": 0.1765}, {""key"": ""reclaim_quality"", ""weight"": 1.0, ""strength"": 1.0, ""contribution"": 0.1176}, {""key"": ""pwh_untested"", ""weight"": 0.8, ""strength"": 1.0, ""contribution"": 0.0941}, {""key"": ""oi_commitment"", ""note"": ""excluded: oi unavailable"", ""weight"": 0.0, ""excluded_weight"": 2.0}, {""key"": ""delta_reclaim"", ""note"": ""excluded: taker unavailable"", ""weight"": 0.0, ""excluded_weight"": 1.5}, {""key"": ""cohort"", ""note"": ""excluded: cohort unavailable"", ""weight"": 0.0, ""excluded_weight"": 1.8}]"
M6,BTC,neutral,2026-07-23 19:00:05,weekly_open,64694.8,long,64709.5,2026-07-23 19:50:00,64576.563112544914,64908.9739986526,2026-07-24 07:10:00,65589.7,target,4.425288006591548,0.661,half,"[{""key"": ""loss_depth"", ""weight"": 1.8, ""strength"": 0.6426, ""contribution"": 0.1361}, {""key"": ""funding_room"", ""weight"": 1.2, ""strength"": 0.0, ""contribution"": 0.0}, {""key"": ""reward"", ""weight"": 1.2, ""strength"": 1.0, ""contribution"": 0.1412}, {""key"": ""timing"", ""weight"": 1.0, ""strength"": 0.5, ""contribution"": 0.0588}, {""key"": ""htf_bias"", ""weight"": 1.5, ""strength"": 1.0, ""contribution"": 0.1765}, {""key"": ""reclaim_quality"", ""weight"": 1.0, ""strength"": 0.994, ""contribution"": 0.1169}, {""key"": ""pwh_untested"", ""weight"": 0.8, ""strength"": 0.0, ""contribution"": 0.0}, {""key"": ""oi_commitment"", ""note"": ""excluded: oi unavailable"", ""weight"": 0.0, ""excluded_weight"": 2.0}, {""key"": ""delta_reclaim"", ""note"": ""excluded: taker unavailable"", ""weight"": 0.0, ""excluded_weight"": 1.5}, {""key"": ""cohort"", ""note"": ""excluded: cohort unavailable"", ""weight"": 0.0, ""excluded_weight"": 1.8}]"
M6,BTC,neutral,2026-09-03 03:00:05,weekly_open,77634.6,long,77655.5,2026-09-03 03:35:00,76836.23203024581,78884.41029287304,2026-09-03 08:15:05,77898.0,thesis_failed,0.23898990943889803,0.7017,full,"[{""key"": ""loss_depth"", ""weight"": 1.8, ""strength"": 0.768, ""contribution"": 0.1317}, {""key"": ""oi_commitment"", ""weight"": 2.0, ""strength"": 0.6658, ""contribution"": 0.1268}, {""key"": ""funding_room"", ""weight"": 1.2, ""strength"": 0.0, ""contribution"": 0.0}, {""key"": ""reward"", ""weight"": 1.2, ""strength"": 1.0, ""contribution"": 0.1143}, {""key"": ""timing"", ""weight"": 1.0, ""strength"": 0.5, ""contribution"": 0.0476}, {""key"": ""htf_bias"", ""weight"": 1.5, ""strength"": 1.0, ""contribution"": 0.1429}, {""key"": ""reclaim_quality"", ""weight"": 1.0, ""strength"": 0.6536, ""contribution"": 0.0622}, {""key"": ""pwh_untested"", ""weight"": 0.8, ""strength"": 1.0, ""contribution"": 0.0762}, {""key"": ""delta_reclaim"", ""note"": ""excluded: taker unavailable"", ""weight"": 0.0, ""excluded_weight"": 1.5}, {""key"": ""cohort"", ""note"": ""excluded: cohort unavailable"", ""weight"": 0.0, ""excluded_weight"": 1.8}]"
M6,ETH,neutral,2026-04-07 02:00:05,weekly_open,2109.36,short,2108.33,2026-04-07 02:35:00,2144.046093899993,2054.75720987926,2026-04-07 05:15:05,2109.79,thesis_failed,-0.07631563071633676,0.73,full,"[{""key"": ""loss_depth"", ""weight"": 1.8, ""strength"": 0.8736, ""contribution"": 0.185}, {""key"": ""funding_room"", ""weight"": 1.2, ""strength"": 0.0, ""contribution"": 0.0}, {""key"": ""reward"", ""weight"": 1.2, ""strength"": 0.8518, ""contribution"": 0.1203}, {""key"": ""timing"", ""weight"": 1.0, ""strength"": 1.0, ""contribution"": 0.1176}, {""key"": ""htf_bias"", ""weight"": 1.5, ""strength"": 1.0, ""contribution"": 0.1765}, {""key"": ""reclaim_quality"", ""weight"": 1.0, ""strength"": 1.0, ""contribution"": 0.1176}, {""key"": ""pwh_untested"", ""weight"": 0.8, ""strength"": 1.0, ""contribution"": 0.0941}, {""key"": ""oi_commitment"", ""note"": ""excluded: oi unavailable"", ""weight"": 0.0, ""excluded_weight"": 2.0}, {""key"": ""delta_reclaim"", ""note"": ""excluded: taker unavailable"", ""weight"": 0.0, ""excluded_weight"": 1.5}, {""key"": ""cohort"", ""note"": ""excluded: cohort unavailable"", ""weight"": 0.0, ""excluded_weight"": 1.8}]"
M6,ETH,neutral,2026-05-07 03:00:05,weekly_open,2321.67,short,2320.86,2026-05-07 03:05:00,2354.638185603643,2270.194564708116,2026-05-07 05:15:05,2330.02,thesis_failed,-0.3125350940676882,0.5744,half,"[{""key"": ""loss_depth"", ""weight"": 1.8, ""strength"": 1.0, ""contribution"": 0.2118}, {""key"": ""funding_room"", ""weight"": 1.2, ""strength"": 0.0, ""contribution"": 0.0}, {""key"": ""reward"", ""weight"": 1.2, ""strength"": 0.6083, ""contribution"": 0.0859}, {""key"": ""timing"", ""weight"": 1.0, ""strength"": 0.5, ""contribution"": 0.0588}, {""key"": ""htf_bias"", ""weight"": 1.5, ""strength"": 1.0, ""contribution"": 0.1765}, {""key"": ""reclaim_quality"", ""weight"": 1.0, ""strength"": 0.141, ""contribution"": 0.0166}, {""key"": ""pwh_untested"", ""weight"": 0.8, ""strength"": 1.0, ""contribution"": 0.0941}, {""key"": ""oi_commitment"", ""note"": ""excluded: oi unavailable"", ""weight"": 0.0, ""excluded_weight"": 2.0}, {""key"": ""delta_reclaim"", ""note"": ""excluded: taker unavailable"", ""weight"": 0.0, ""excluded_weight"": 1.5}, {""key"": ""cohort"", ""note"": ""excluded: cohort unavailable"", ""weight"": 0.0, ""excluded_weight"": 1.8}]"
M6,ETH,neutral,2026-05-26 01:00:05,weekly_open,2098.99,short,2098.33,2026-05-26 01:05:00,2117.3912629202932,2069.749975827535,2026-05-26 06:15:05,2099.19,thesis_failed,-0.11121577151524314,0.6232,half,"[{""key"": ""loss_depth"", ""weight"": 1.8, ""strength"": 0.5948, ""contribution"": 0.126}, {""key"": ""funding_room"", ""weight"": 1.2, ""strength"": 0.0, ""contribution"": 0.0}, {""key"": ""reward"", ""weight"": 1.2, ""strength"": 1.0, ""contribution"": 0.1412}, {""key"": ""timing"", ""weight"": 1.0, ""strength"": 1.0, ""contribution"": 0.1176}, {""key"": ""htf_bias"", ""weight"": 1.5, ""strength"": 1.0, ""contribution"": 0.1765}, {""key"": ""reclaim_quality"", ""weight"": 1.0, ""strength"": 0.365, ""contribution"": 0.0429}, {""key"": ""pwh_untested"", ""weight"": 0.8, ""strength"": 1.0, ""contribution"": 0.0941}, {""key"": ""oi_commitment"", ""note"": ""excluded: oi unavailable"", ""weight"": 0.0, ""excluded_weight"": 2.0}, {""key"": ""delta_reclaim"", ""note"": ""excluded: taker unavailable"", ""weight"": 0.0, ""excluded_weight"": 1.5}, {""key"": ""cohort"", ""note"": ""excluded: cohort unavailable"", ""weight"": 0.0, ""excluded_weight"": 1.8}]"
M6,ETH,neutral,2026-06-18 16:00:05,weekly_open,1724.74,short,1680.06,2026-06-18 20:00:00,1756.277883031762,1674.5531038893018,2026-06-19 20:00:00,1700.44,time_stop,-0.6545507747014253,0.6665,half,"[{""key"": ""loss_depth"", ""weight"": 1.8, ""strength"": 1.0, ""contribution"": 0.2118}, {""key"": ""funding_room"", ""weight"": 1.2, ""strength"": 0.0, ""contribution"": 0.0}, {""key"": ""reward"", ""weight"": 1.2, ""strength"": 0.8872, ""contribution"": 0.1252}, {""key"": ""timing"", ""weight"": 1.0, ""strength"": 0.5, ""contribution"": 0.0588}, {""key"": ""htf_bias"", ""weight"": 1.5, ""strength"": 1.0, ""contribution"": 0.1765}, {""key"": ""reclaim_quality"", ""weight"": 1.0, ""strength"": 1.0, ""contribution"": 0.1176}, {""key"": ""pwh_untested"", ""weight"": 0.8, ""strength"": 1.0, ""contribution"": 0.0941}, {""key"": ""oi_commitment"", ""note"": ""excluded: oi unavailable"", ""weight"": 0.0, ""excluded_weight"": 2.0}, {""key"": ""delta_reclaim"", ""note"": ""excluded: taker unavailable"", ""weight"": 0.0, ""excluded_weight"": 1.5}, {""key"": ""cohort"", ""note"": ""excluded: cohort unavailable"", ""weight"": 0.0, ""excluded_weight"": 1.8}]"
M6,ETH,neutral,2026-06-23 07:00:05,weekly_open,1706.3,short,1690.55,,1735.230377588104,1688.0622112056549,2026-06-23 15:00:05,,cancelled:entry_expired,,0.5775,half,"[{""key"": ""loss_depth"", ""weight"": 1.8, ""strength"": 1.0, ""contribution"": 0.2118}, {""key"": ""funding_room"", ""weight"": 1.2, ""strength"": 0.0, ""contribution"": 0.0}, {""key"": ""reward"", ""weight"": 1.2, ""strength"": 0.0, ""contribution"": 0.0}, {""key"": ""timing"", ""weight"": 1.0, ""strength"": 1.0, ""contribution"": 0.1176}, {""key"": ""htf_bias"", ""weight"": 1.5, ""strength"": 0.6, ""contribution"": 0.1059}, {""key"": ""reclaim_quality"", ""weight"": 1.0, ""strength"": 1.0, ""contribution"": 0.1176}, {""key"": ""pwh_untested"", ""weight"": 0.8, ""strength"": 1.0, ""contribution"": 0.0941}, {""key"": ""oi_commitment"", ""note"": ""excluded: oi unavailable"", ""weight"": 0.0, ""excluded_weight"": 2.0}, {""key"": ""delta_reclaim"", ""note"": ""excluded: taker unavailable"", ""weight"": 0.0, ""excluded_weight"": 1.5}, {""key"": ""cohort"", ""note"": ""excluded: cohort unavailable"", ""weight"": 0.0, ""excluded_weight"": 1.8}]"
M6,ETH,neutral,2026-06-30 13:00:05,weekly_open,1571.11,short,1570.53,2026-06-30 14:05:00,1589.1009382203645,1542.665722374707,2026-06-30 17:15:05,1569.81,thesis_failed,-0.011951812646776635,0.7268,full,"[{""key"": ""loss_depth"", ""weight"": 1.8, ""strength"": 1.0, ""contribution"": 0.2118}, {""key"": ""funding_room"", ""weight"": 1.2, ""strength"": 0.0, ""contribution"": 0.0}, {""key"": ""reward"", ""weight"": 1.2, ""strength"": 0.6847, ""contribution"": 0.0967}, {""key"": ""timing"", ""weight"": 1.0, ""strength"": 1.0, ""contribution"": 0.1176}, {""key"": ""htf_bias"", ""weight"": 1.5, ""strength"": 1.0, ""contribution"": 0.1765}, {""key"": ""reclaim_quality"", ""weight"": 1.0, ""strength"": 1.0, ""contribution"": 0.1176}, {""key"": ""pwh_untested"", ""weight"": 0.8, ""strength"": 1.0, ""contribution"": 0.0941}, {""key"": ""oi_commitment"", ""note"": ""excluded: oi unavailable"", ""weight"": 0.0, ""excluded_weight"": 2.0}, {""key"": ""delta_reclaim"", ""note"": ""excluded: taker unavailable"", ""weight"": 0.0, ""excluded_weight"": 1.5}, {""key"": ""cohort"", ""note"": ""excluded: cohort unavailable"", ""weight"": 0.0, ""excluded_weight"": 1.8}]"
M6,ETH,neutral,2026-07-14 13:00:05,weekly_open,1805.92,long,1861.71,2026-07-14 17:05:00,1778.5904654065853,1819.9667388533096,2026-07-14 17:05:00,1861.71,stop_be,-0.6205557996736498,0.5565,half,"[{""key"": ""loss_depth"", ""weight"": 1.8, ""strength"": 1.0, ""contribution"": 0.2118}, {""key"": ""funding_room"", ""weight"": 1.2, ""strength"": 0.0, ""contribution"": 0.0}, {""key"": ""reward"", ""weight"": 1.2, ""strength"": 0.0, ""contribution"": 0.0}, {""key"": ""timing"", ""weight"": 1.0, ""strength"": 1.0, ""contribution"": 0.1176}, {""key"": ""htf_bias"", ""weight"": 1.5, ""strength"": 1.0, ""contribution"": 0.1765}, {""key"": ""reclaim_quality"", ""weight"": 1.0, ""strength"": 1.0, ""contribution"": 0.1176}, {""key"": ""pwh_untested"", ""weight"": 0.8, ""strength"": 0.0, ""contribution"": 0.0}, {""key"": ""oi_commitment"", ""note"": ""excluded: oi unavailable"", ""weight"": 0.0, ""excluded_weight"": 2.0}, {""key"": ""delta_reclaim"", ""note"": ""excluded: taker unavailable"", ""weight"": 0.0, ""excluded_weight"": 1.5}, {""key"": ""cohort"", ""note"": ""excluded: cohort unavailable"", ""weight"": 0.0, ""excluded_weight"": 1.8}]"
M6,ETH,neutral,2026-07-20 16:00:05,weekly_open,1871.49,long,1902.56,2026-07-20 20:00:00,1849.1951540635291,1907.3790163764645,2026-07-21 08:25:00,1946.75,target,1.1973497118378862,0.5596,half,"[{""key"": ""loss_depth"", ""weight"": 1.8, ""strength"": 0.2873, ""contribution"": 0.0608}, {""key"": ""funding_room"", ""weight"": 1.2, ""strength"": 0.0, ""contribution"": 0.0}, {""key"": ""reward"", ""weight"": 1.2, ""strength"": 0.6767, ""contribution"": 0.0955}, {""key"": ""timing"", ""weight"": 1.0, ""strength"": 0.7, ""contribution"": 0.0824}, {""key"": ""htf_bias"", ""weight"": 1.5, ""strength"": 1.0, ""contribution"": 0.1765}, {""key"": ""reclaim_quality"", ""weight"": 1.0, ""strength"": 1.0, ""contribution"": 0.1176}, {""key"": ""pwh_untested"", ""weight"": 0.8, ""strength"": 1.0, ""contribution"": 0.0941}, {""key"": ""oi_commitment"", ""note"": ""excluded: oi unavailable"", ""weight"": 0.0, ""excluded_weight"": 2.0}, {""key"": ""delta_reclaim"", ""note"": ""excluded: taker unavailable"", ""weight"": 0.0, ""excluded_weight"": 1.5}, {""key"": ""cohort"", ""note"": ""excluded: cohort unavailable"", ""weight"": 0.0, ""excluded_weight"": 1.8}]"
M6,ETH,neutral,2026-09-02 06:00:05,weekly_open,2415.57,long,2416.35,2026-09-02 06:20:00,2389.8741190866763,2456.073998187966,2026-09-02 08:50:00,2389.87,stop,-1.0543030583667639,0.6269,half,"[{""key"": ""loss_depth"", ""weight"": 1.8, ""strength"": 0.0521, ""contribution"": 0.0089}, {""key"": ""oi_commitment"", ""weight"": 2.0, ""strength"": 0.6851, ""contribution"": 0.1305}, {""key"": ""funding_room"", ""weight"": 1.2, ""strength"": 0.0, ""contribution"": 0.0}, {""key"": ""reward"", ""weight"": 1.2, ""strength"": 1.0, ""contribution"": 0.1143}, {""key"": ""timing"", ""weight"": 1.0, ""strength"": 1.0, ""contribution"": 0.0952}, {""key"": ""htf_bias"", ""weight"": 1.5, ""strength"": 1.0, ""contribution"": 0.1429}, {""key"": ""reclaim_quality"", ""weight"": 1.0, ""strength"": 0.6179, ""contribution"": 0.0588}, {""key"": ""pwh_untested"", ""weight"": 0.8, ""strength"": 1.0, ""contribution"": 0.0762}, {""key"": ""delta_reclaim"", ""note"": ""excluded: taker unavailable"", ""weight"": 0.0, ""excluded_weight"": 1.5}, {""key"": ""cohort"", ""note"": ""excluded: cohort unavailable"", ""weight"": 0.0, ""excluded_weight"": 1.8}]"
